nome_municipio,id_municipio,sigla_uf,regiao,taxa_alf_2023,taxa_alf_2024,prob_risco,faixa_risco,meta_2030,ritmo_necessario,cluster
Rio do Pires - BA,2926905,BA,Nordeste,36.5,15.62,1.0,Critico,80.0,10.729999999999999,1
Aporá - BA,2901908,BA,Nordeste,17.78,16.52,1.0,Critico,80.0,10.58,1
Porto da Folha - SE,2805604,SE,Nordeste,25.59,16.85,1.0,Critico,80.0,10.525,1
Várzea Nova - BA,2933158,BA,Nordeste,32.8,17.95,1.0,Critico,80.0,10.341666666666667,1
Aramari - BA,2902203,BA,Nordeste,21.73,17.95,1.0,Critico,80.0,10.341666666666667,1
Abaré - BA,2900207,BA,Nordeste,28.28,18.24,1.0,Critico,80.0,10.293333333333335,1
Serrinha - BA,2930501,BA,Nordeste,25.2,19.92,1.0,Critico,80.0,10.013333333333334,1
Presidente Dutra - BA,2925600,BA,Nordeste,21.28,20.0,1.0,Critico,80.0,10.0,1
Pedro Alexandre - BA,2924207,BA,Nordeste,29.14,20.45,1.0,Critico,80.0,9.924999999999999,1
Aquidabã - SE,2800209,SE,Nordeste,21.36,20.53,1.0,Critico,80.0,9.911666666666667,1
Várzea da Roça - BA,2933059,BA,Nordeste,32.58,20.73,1.0,Critico,80.0,9.878333333333332,1
Saúde - BA,2929800,BA,Nordeste,15.02,20.73,1.0,Critico,80.0,9.878333333333332,1
Itiúba - BA,2917003,BA,Nordeste,27.79,21.05,1.0,Critico,80.0,9.825000000000001,1
Coração de Maria - BA,2908903,BA,Nordeste,30.95,21.3,1.0,Critico,80.0,9.783333333333333,1
Muquém do São Francisco - BA,2922250,BA,Nordeste,30.98,22.03,1.0,Critico,80.0,9.661666666666667,1
Ibirapitanga - BA,2912707,BA,Nordeste,31.23,22.06,1.0,Critico,80.0,9.656666666666666,1
Pilão Arcado - BA,2924405,BA,Nordeste,23.9,22.51,1.0,Critico,80.0,9.581666666666665,1
Guaratinga - BA,2911808,BA,Nordeste,22.69,22.64,1.0,Critico,80.0,9.56,1
Santanópolis - BA,2928307,BA,Nordeste,26.96,22.95,1.0,Critico,80.0,9.508333333333333,1
Umburanas - BA,2932457,BA,Nordeste,21.31,22.95,1.0,Critico,80.0,9.508333333333333,1
Cansanção - BA,2906808,BA,Nordeste,29.69,23.19,1.0,Critico,80.0,9.468333333333334,1
Mairi - BA,2920106,BA,Nordeste,40.81,23.42,1.0,Critico,80.0,9.43,1
Itapebi - BA,2916302,BA,Nordeste,14.97,23.44,1.0,Critico,80.0,9.426666666666668,1
Glória - BA,2911402,BA,Nordeste,35.91,23.53,1.0,Critico,80.0,9.411666666666667,1
Retirolândia - BA,2926103,BA,Nordeste,18.48,23.58,1.0,Critico,80.0,9.403333333333334,1
Esplanada - BA,2910602,BA,Nordeste,19.87,23.96,1.0,Critico,80.0,9.34,1
Senhor do Bonfim - BA,2930105,BA,Nordeste,19.93,24.02,1.0,Critico,80.0,9.33,0
Sento Sé - BA,2930204,BA,Nordeste,26.41,24.24,1.0,Critico,80.0,9.293333333333335,1
Planalto - BA,2925006,BA,Nordeste,40.09,24.31,1.0,Critico,80.0,9.281666666666666,1
Paratinga - BA,2923704,BA,Nordeste,21.13,24.46,1.0,Critico,80.0,9.256666666666666,1
Araci - BA,2902104,BA,Nordeste,20.27,24.47,1.0,Critico,80.0,9.255,1
Camacan - BA,2905602,BA,Nordeste,34.0,24.61,1.0,Critico,80.0,9.231666666666667,1
São Gonçalo dos Campos - BA,2929305,BA,Nordeste,36.4,24.63,1.0,Critico,80.0,9.228333333333333,1
Itabela - BA,2914653,BA,Nordeste,31.1,24.92,1.0,Critico,80.0,9.18,1
Ipiaú - BA,2913903,BA,Nordeste,33.64,25.15,1.0,Critico,80.0,9.141666666666667,0
Lapão - BA,2919157,BA,Nordeste,25.08,25.25,1.0,Critico,80.0,9.125,1
Antônio Gonçalves - BA,2901809,BA,Nordeste,32.58,25.32,1.0,Critico,80.0,9.113333333333333,1
Central - BA,2907608,BA,Nordeste,30.85,25.64,1.0,Critico,80.0,9.06,1
São Francisco do Conde - BA,2929206,BA,Nordeste,30.02,25.66,1.0,Critico,80.0,9.056666666666667,0
Madre de Deus - BA,2919926,BA,Nordeste,40.71,25.81,1.0,Critico,80.0,9.031666666666666,0
Santa Maria da Vitória - BA,2928109,BA,Nordeste,32.33,26.29,1.0,Critico,80.0,8.951666666666666,1
Uruçuca - BA,2932705,BA,Nordeste,30.01,26.42,1.0,Critico,80.0,8.93,1
Ilhéus - BA,2913606,BA,Nordeste,31.9,26.63,1.0,Critico,80.0,8.895000000000001,0
Correntina - BA,2909307,BA,Nordeste,36.71,26.64,1.0,Critico,80.0,8.893333333333333,1
Serra do Ramalho - BA,2930154,BA,Nordeste,36.17,26.65,1.0,Critico,80.0,8.891666666666667,1
Banzaê - BA,2902658,BA,Nordeste,33.07,26.67,1.0,Critico,80.0,8.888333333333334,1
Mascote - BA,2920908,BA,Nordeste,22.32,26.73,1.0,Critico,80.0,8.878333333333332,1
Itambé - BA,2915809,BA,Nordeste,22.21,26.98,1.0,Critico,80.0,8.836666666666666,1
Laranjeiras - SE,2803609,SE,Nordeste,21.67,27.35,1.0,Critico,80.0,8.775,2
Conceição da Feira - BA,2908200,BA,Nordeste,31.68,27.46,1.0,Critico,80.0,8.756666666666666,1
Monte Santo - BA,2921500,BA,Nordeste,30.9,27.49,1.0,Critico,80.0,8.751666666666667,1
Potiraguá - BA,2925402,BA,Nordeste,27.88,27.54,1.0,Critico,80.0,8.743333333333334,1
Uibaí - BA,2932408,BA,Nordeste,33.09,27.71,1.0,Critico,80.0,8.715,1
Ruy Barbosa - BA,2927200,BA,Nordeste,38.25,27.94,1.0,Critico,80.0,8.676666666666668,1
Ibititá - BA,2913101,BA,Nordeste,26.1,28.0,1.0,Critico,80.0,8.666666666666666,1
Campo Alegre de Lourdes - BA,2905909,BA,Nordeste,36.68,28.04,1.0,Critico,80.0,8.66,1
Caldeirão Grande - BA,2905503,BA,Nordeste,21.3,28.19,1.0,Critico,80.0,8.635,1
Formosa do Rio Preto - BA,2911105,BA,Nordeste,19.66,28.21,1.0,Critico,80.0,8.631666666666666,1
Morro do Chapéu - BA,2921708,BA,Nordeste,36.21,28.31,1.0,Critico,80.0,8.615,1
Santa Brígida - BA,2927606,BA,Nordeste,25.65,28.39,1.0,Critico,80.0,8.601666666666667,1
Camamu - BA,2905800,BA,Nordeste,25.96,28.39,1.0,Critico,80.0,8.601666666666667,1
Rodelas - BA,2927101,BA,Nordeste,23.27,28.4,1.0,Critico,80.0,8.6,1
São José do Jacuípe - BA,2929370,BA,Nordeste,23.18,28.41,1.0,Critico,80.0,8.598333333333334,1
Terra Nova - BA,2931707,BA,Nordeste,23.25,28.42,1.0,Critico,80.0,8.596666666666666,1
Santa Luzia - BA,2928059,BA,Nordeste,33.46,28.42,1.0,Critico,80.0,8.596666666666666,1
Andorinha - BA,2901353,BA,Nordeste,32.96,28.44,1.0,Critico,80.0,8.593333333333334,1
Jacobina - BA,2917508,BA,Nordeste,30.73,28.49,1.0,Critico,80.0,8.585,1
Buerarema - BA,2904704,BA,Nordeste,24.27,28.57,1.0,Critico,80.0,8.571666666666667,1
Canavieiras - BA,2906303,BA,Nordeste,28.98,28.68,1.0,Critico,80.0,8.553333333333333,1
Lauro de Freitas - BA,2919207,BA,Nordeste,29.63,28.75,1.0,Critico,80.0,8.541666666666666,0
Mulungu do Morro - BA,2922052,BA,Nordeste,22.47,28.83,1.0,Critico,80.0,8.528333333333334,1
Governador Mangabeira - BA,2911600,BA,Nordeste,36.92,29.08,1.0,Critico,80.0,8.486666666666666,1
Santaluz - BA,2928000,BA,Nordeste,25.08,29.15,1.0,Critico,80.0,8.475,1
Juazeiro - BA,2918407,BA,Nordeste,31.18,29.31,1.0,Critico,80.0,8.448333333333332,0
Capim Grosso - BA,2906873,BA,Nordeste,26.2,29.34,1.0,Critico,80.0,8.443333333333333,1
Jeremoabo - BA,2918100,BA,Nordeste,27.04,29.53,1.0,Critico,80.0,8.411666666666667,1
Teofilândia - BA,2931509,BA,Nordeste,28.06,29.57,1.0,Critico,80.0,8.405,1
Itabuna - BA,2914802,BA,Nordeste,31.6,29.75,1.0,Critico,80.0,8.375,0
Barro Alto - BA,2903235,BA,Nordeste,24.29,29.75,1.0,Critico,80.0,8.375,1
Biritinga - BA,2903607,BA,Nordeste,22.22,29.82,1.0,Critico,80.0,8.363333333333333,1
Itiruçu - BA,2916906,BA,Nordeste,32.86,30.0,1.0,Critico,80.0,8.333333333333334,1
Inhambupe - BA,2913705,BA,Nordeste,29.49,30.13,1.0,Critico,80.0,8.311666666666667,1
Queimadas - BA,2925808,BA,Nordeste,27.35,30.32,1.0,Critico,80.0,8.28,1
Cafarnaum - BA,2905305,BA,Nordeste,21.63,30.37,1.0,Critico,80.0,8.271666666666667,1
Água Fria - BA,2900405,BA,Nordeste,21.0,30.43,1.0,Critico,80.0,8.261666666666667,1
Macaíba - RN,2407104,RN,Nordeste,28.29,30.44,1.0,Critico,80.0,8.26,1
Paulo Afonso - BA,2924009,BA,Nordeste,24.79,30.51,1.0,Critico,80.0,8.248333333333333,0
Teodoro Sampaio - BA,2931400,BA,Nordeste,41.03,30.56,1.0,Critico,80.0,8.24,1
Barra do Choça - BA,2902906,BA,Nordeste,36.09,30.6,1.0,Critico,80.0,8.233333333333333,1
Oriximiná - PA,1505304,PA,Norte,34.52,30.61,1.0,Critico,80.0,8.231666666666667,1
Sátiro Dias - BA,2929701,BA,Nordeste,15.36,30.68,1.0,Critico,80.0,8.22,1
Candeal - BA,2906402,BA,Nordeste,30.92,30.77,1.0,Critico,80.0,8.205,1
Conceição do Coité - BA,2908408,BA,Nordeste,28.58,30.94,1.0,Critico,80.0,8.176666666666668,1
Cipó - BA,2907905,BA,Nordeste,27.9,31.09,1.0,Critico,80.0,8.151666666666666,1
Ubaitaba - BA,2932200,BA,Nordeste,29.79,31.13,1.0,Critico,80.0,8.145000000000001,1
Wenceslau Guimarães - BA,2933505,BA,Nordeste,38.38,31.17,1.0,Critico,80.0,8.138333333333334,1
Itacaré - BA,2914901,BA,Nordeste,32.32,31.19,1.0,Critico,80.0,8.135,1
Euclides da Cunha - BA,2910701,BA,Nordeste,33.34,31.34,1.0,Critico,80.0,8.11,1
Nova Soure - BA,2922904,BA,Nordeste,22.14,31.41,1.0,Critico,80.0,8.098333333333334,1
Santa Bárbara - BA,2927507,BA,Nordeste,21.01,31.58,1.0,Critico,80.0,8.07,1
Jussari - BA,2918555,BA,Nordeste,35.85,31.58,1.0,Critico,80.0,8.07,1
Presidente Jânio Quadros - BA,2925709,BA,Nordeste,30.41,31.78,1.0,Critico,80.0,8.036666666666667,1
Santo Estêvão - BA,2928802,BA,Nordeste,32.65,31.86,1.0,Critico,80.0,8.023333333333333,1
Valença - BA,2932903,BA,Nordeste,31.04,31.89,1.0,Critico,80.0,8.018333333333333,1
Boquira - BA,2904100,BA,Nordeste,39.47,32.0,1.0,Critico,80.0,8.0,1
Santa Rita de Cássia - BA,2928406,BA,Nordeste,46.95,32.05,1.0,Critico,80.0,7.991666666666667,1
Boa Vista do Tupim - BA,2903805,BA,Nordeste,33.4,32.14,1.0,Critico,80.0,7.976666666666667,1
Anagé - BA,2901205,BA,Nordeste,36.54,32.17,1.0,Critico,80.0,7.971666666666667,1
Itapetinga - BA,2916401,BA,Nordeste,39.63,32.22,1.0,Critico,80.0,7.963333333333334,0
Dias d'Ávila - BA,2910057,BA,Nordeste,35.5,32.25,1.0,Critico,80.0,7.958333333333333,0
Ibicoara - BA,2912202,BA,Nordeste,27.86,32.53,1.0,Critico,80.0,7.911666666666666,1
Entre Rios - BA,2910503,BA,Nordeste,19.58,32.55,1.0,Critico,80.0,7.908333333333334,1
Maiquinique - BA,2920007,BA,Nordeste,29.83,32.56,1.0,Critico,80.0,7.906666666666666,1
Prado - BA,2925501,BA,Nordeste,36.16,32.74,1.0,Critico,80.0,7.876666666666666,1
Pau Brasil - BA,2923902,BA,Nordeste,37.53,32.84,1.0,Critico,80.0,7.859999999999999,1
Cairu - BA,2905404,BA,Nordeste,36.91,32.87,1.0,Critico,80.0,7.855,2
Ibotirama - BA,2913200,BA,Nordeste,42.38,32.87,1.0,Critico,80.0,7.855,1
Careiro da Várzea - AM,1301159,AM,Norte,36.67,32.97,1.0,Critico,80.0,7.838333333333334,1
Cardeal da Silva - BA,2907004,BA,Nordeste,26.67,33.04,1.0,Critico,80.0,7.826666666666667,1
Utinga - BA,2932804,BA,Nordeste,33.84,33.04,1.0,Critico,80.0,7.826666666666667,1
Cachoeira - BA,2904902,BA,Nordeste,24.85,33.06,1.0,Critico,80.0,7.823333333333333,1
Serra Dourada - BA,2930303,BA,Nordeste,28.99,33.09,1.0,Critico,80.0,7.8183333333333325,1
Feira de Santana - BA,2910800,BA,Nordeste,31.96,33.19,1.0,Critico,80.0,7.801666666666667,0
Mundo Novo - BA,2922102,BA,Nordeste,26.61,33.33,1.0,Critico,80.0,7.778333333333333,1
Curuçá - PA,1502905,PA,Norte,30.81,33.48,1.0,Critico,80.0,7.753333333333334,1
Cruz das Almas - BA,2909802,BA,Nordeste,34.64,33.56,1.0,Critico,80.0,7.739999999999999,0
Malhada - BA,2920205,BA,Nordeste,25.23,33.68,1.0,Critico,80.0,7.72,1
Canarana - BA,2906204,BA,Nordeste,29.21,33.73,1.0,Critico,80.0,7.711666666666667,1
São José de Mipibu - RN,2412203,RN,Nordeste,33.43,33.92,1.0,Critico,80.0,7.68,1
Belmonte - BA,2903409,BA,Nordeste,35.8,33.93,1.0,Critico,80.0,7.678333333333334,1
Ribeira do Amparo - BA,2926509,BA,Nordeste,28.72,33.95,1.0,Critico,80.0,7.675,1
Ourolândia - BA,2923357,BA,Nordeste,22.65,34.04,1.0,Critico,80.0,7.66,1
Itajuípe - BA,2915502,BA,Nordeste,34.37,34.09,1.0,Critico,80.0,7.651666666666666,1
Sobradinho - BA,2930774,BA,Nordeste,26.44,34.44,1.0,Critico,80.0,7.593333333333334,2
Ipirá - BA,2914000,BA,Nordeste,29.98,34.46,1.0,Critico,80.0,7.59,1
Bom Jesus da Lapa - BA,2903904,BA,Nordeste,33.88,34.55,1.0,Critico,80.0,7.575,1
Riachão do Dantas - SE,2805802,SE,Nordeste,39.26,34.65,1.0,Critico,80.0,7.558333333333334,1
Quijingue - BA,2925907,BA,Nordeste,38.46,34.85,1.0,Critico,80.0,7.5249999999999995,1
Boquim - SE,2800670,SE,Nordeste,26.09,34.91,1.0,Critico,80.0,7.515000000000001,1
Seabra - BA,2929909,BA,Nordeste,48.67,34.98,1.0,Critico,80.0,7.503333333333334,1
Remanso - BA,2926004,BA,Nordeste,25.1,35.26,1.0,Critico,80.0,7.456666666666667,1
Tucano - BA,2931905,BA,Nordeste,28.98,35.55,1.0,Critico,80.0,7.408333333333334,1
Luís Eduardo Magalhães - BA,2919553,BA,Nordeste,29.41,35.72,1.0,Critico,80.0,7.38,0
Coronel João Sá - BA,2909208,BA,Nordeste,28.7,36.04,1.0,Critico,80.0,7.326666666666667,1
Cícero Dantas - BA,2907806,BA,Nordeste,30.93,36.31,1.0,Critico,80.0,7.281666666666666,1
Heliópolis - BA,2911857,BA,Nordeste,31.4,36.36,1.0,Critico,80.0,7.273333333333333,1
Camaçari - BA,2905701,BA,Nordeste,33.55,36.56,1.0,Critico,80.0,7.239999999999999,0
Itapitanga - BA,2916609,BA,Nordeste,31.02,36.62,1.0,Critico,80.0,7.23,1
Alagoinhas - BA,2900702,BA,Nordeste,33.57,36.64,1.0,Critico,80.0,7.226666666666667,0
Serra Preta - BA,2930402,BA,Nordeste,31.84,36.67,1.0,Critico,80.0,7.221666666666667,1
Candeias - BA,2906501,BA,Nordeste,32.66,36.67,1.0,Critico,80.0,7.221666666666667,0
São Paulo de Olivença - AM,1303908,AM,Norte,37.58,36.71,1.0,Critico,80.0,7.215,1
São Miguel das Matas - BA,2929404,BA,Nordeste,28.76,36.76,1.0,Critico,80.0,7.206666666666667,1
Filadélfia - BA,2910859,BA,Nordeste,18.28,36.76,1.0,Critico,80.0,7.206666666666667,1
Baixa Grande - BA,2902609,BA,Nordeste,36.29,36.78,1.0,Critico,80.0,7.203333333333333,1
Salvador - BA,2927408,BA,Nordeste,39.36,36.85,1.0,Critico,80.0,7.191666666666666,0
Ibipeba - BA,2912400,BA,Nordeste,29.8,36.88,1.0,Critico,80.0,7.1866666666666665,1
Jutaí - AM,1302306,AM,Norte,39.32,36.92,1.0,Critico,80.0,7.18,1
Ponto Novo - BA,2925253,BA,Nordeste,23.17,36.99,1.0,Critico,80.0,7.168333333333333,1
Frei Paulo - SE,2802304,SE,Nordeste,25.6,37.21,1.0,Critico,80.0,7.131666666666667,1
Valente - BA,2933000,BA,Nordeste,32.24,37.25,1.0,Critico,80.0,7.125,1
Mansidão - BA,2920452,BA,Nordeste,30.7,37.29,1.0,Critico,80.0,7.118333333333333,1
Santa Cruz Cabrália - BA,2927705,BA,Nordeste,40.45,37.36,1.0,Critico,80.0,7.1066666666666665,1
Ibirataia - BA,2912905,BA,Nordeste,32.79,37.44,1.0,Critico,80.0,7.093333333333334,1
Lençóis - BA,2919306,BA,Nordeste,36.17,37.66,1.0,Critico,80.0,7.0566666666666675,1
Ibicaraí - BA,2912103,BA,Nordeste,34.21,37.95,1.0,Critico,80.0,7.008333333333333,1
Bayeux - PB,2501807,PB,Nordeste,35.43,38.08,1.0,Critico,80.0,6.986666666666667,0
Araçás - BA,2902054,BA,Nordeste,36.67,38.26,1.0,Critico,80.0,6.956666666666667,1
Vera Cruz - BA,2933208,BA,Nordeste,39.14,38.27,1.0,Critico,80.0,6.954999999999999,0
Eunápolis - BA,2910727,BA,Nordeste,34.62,38.37,1.0,Critico,80.0,6.9383333333333335,0
Riachão do Jacuípe - BA,2926301,BA,Nordeste,38.41,38.37,1.0,Critico,80.0,6.9383333333333335,1
Santana - BA,2928208,BA,Nordeste,29.91,38.7,1.0,Critico,80.0,6.883333333333333,1
Campo Formoso - BA,2906006,BA,Nordeste,36.78,39.03,1.0,Critico,80.0,6.828333333333333,1
Novo Triunfo - BA,2923050,BA,Nordeste,21.75,39.06,1.0,Critico,80.0,6.823333333333333,1
Pindobaçu - BA,2924603,BA,Nordeste,34.17,39.19,1.0,Critico,80.0,6.801666666666667,1
Oliveira dos Brejinhos - BA,2923209,BA,Nordeste,38.11,39.29,1.0,Critico,80.0,6.785,1
Catu - BA,2907509,BA,Nordeste,43.47,39.39,1.0,Critico,80.0,6.7683333333333335,0
Jequié - BA,2918001,BA,Nordeste,37.87,39.48,1.0,Critico,80.0,6.753333333333334,0
Jaguarari - BA,2917706,BA,Nordeste,30.56,40.77,1.0,Critico,80.0,6.538333333333333,1
Jitaúna - BA,2918308,BA,Nordeste,24.15,40.82,1.0,Critico,80.0,6.53,1
Santo Antônio de Jesus - BA,2928703,BA,Nordeste,33.47,40.9,1.0,Critico,80.0,6.516666666666667,0
Dário Meira - BA,2910008,BA,Nordeste,37.81,41.07,1.0,Critico,80.0,6.488333333333333,1
Itaberaba - BA,2914703,BA,Nordeste,42.22,41.07,1.0,Critico,80.0,6.488333333333333,1
Itarantim - BA,2916807,BA,Nordeste,38.17,41.07,1.0,Critico,80.0,6.488333333333333,1
Igarapé-Miri - PA,1503309,PA,Norte,36.72,41.34,1.0,Critico,80.0,6.4433333333333325,1
Tapiramutá - BA,2931301,BA,Nordeste,33.06,41.82,1.0,Critico,80.0,6.363333333333333,1
Ubatã - BA,2932309,BA,Nordeste,31.43,41.9,1.0,Critico,80.0,6.3500000000000005,1
América Dourada - BA,2901155,BA,Nordeste,32.19,43.23,1.0,Critico,80.0,6.128333333333334,1
Várzea do Poço - BA,2933109,BA,Nordeste,44.82,43.64,1.0,Critico,80.0,6.06,1
Igrapiúna - BA,2913457,BA,Nordeste,30.3,43.64,1.0,Critico,80.0,6.06,1
Itagibá - BA,2915205,BA,Nordeste,36.92,44.21,1.0,Critico,80.0,5.965,1
Teolândia - BA,2931608,BA,Nordeste,47.32,44.76,1.0,Critico,80.0,5.873333333333334,1
Areia Branca - SE,2800506,SE,Nordeste,27.09,44.81,1.0,Critico,80.0,5.864999999999999,1
Salgado - SE,2806206,SE,Nordeste,33.77,44.89,1.0,Critico,80.0,5.851666666666667,1
Apodi - RN,2401008,RN,Nordeste,37.32,45.18,1.0,Critico,80.0,5.803333333333334,1
Capela do Alto Alegre - BA,2906857,BA,Nordeste,35.87,45.45,1.0,Critico,80.0,5.758333333333333,1
Milagres - BA,2921302,BA,Nordeste,33.87,46.05,1.0,Critico,80.0,5.658333333333334,1
São Sebastião do Passé - BA,2929503,BA,Nordeste,49.95,46.1,1.0,Critico,80.0,5.6499999999999995,0
Ipecaetá - BA,2913804,BA,Nordeste,34.83,46.51,1.0,Critico,80.0,5.581666666666667,1
Jaguaripe - BA,2917805,BA,Nordeste,25.85,46.85,1.0,Critico,80.0,5.5249999999999995,1
Amélia Rodrigues - BA,2901106,BA,Nordeste,37.49,47.14,1.0,Critico,80.0,5.476666666666667,0
Gandu - BA,2911204,BA,Nordeste,33.26,47.2,1.0,Critico,80.0,5.466666666666666,1
Caetanos - BA,2905156,BA,Nordeste,24.86,46.43,0.9971787656333021,Critico,80.0,5.595,1
Antas - BA,2901601,BA,Nordeste,44.12,23.17,0.9968253968253968,Critico,80.0,9.471666666666666,1
Antônio Cardoso - BA,2901700,BA,Nordeste,33.89,25.76,0.9968253968253968,Critico,80.0,9.04,1
Nova Redenção - BA,2922854,BA,Nordeste,31.91,27.03,0.9968253968253968,Critico,80.0,8.828333333333333,1
Santa Terezinha - BA,2928505,BA,Nordeste,26.63,27.63,0.9968253968253968,Critico,80.0,8.728333333333333,1
Conde - BA,2908606,BA,Nordeste,40.59,28.14,0.9968253968253968,Critico,80.0,8.643333333333333,1
Alcobaça - BA,2900801,BA,Nordeste,45.33,29.6,0.9968253968253968,Critico,80.0,8.4,1
Cândido Sales - BA,2906709,BA,Nordeste,38.1,30.86,0.9968253968253968,Critico,80.0,8.19,1
São Gabriel - BA,2929255,BA,Nordeste,33.19,33.54,0.9968253968253968,Critico,80.0,7.743333333333333,1
Livramento de Nossa Senhora - BA,2919504,BA,Nordeste,38.43,38.06,0.9968253968253968,Critico,80.0,6.989999999999999,1
Floresta Azul - BA,2911006,BA,Nordeste,15.12,41.03,0.9968253968253968,Critico,80.0,6.495,1
Simões Filho - BA,2930709,BA,Nordeste,42.62,42.14,0.9968253968253968,Critico,80.0,6.31,0
Itaeté - BA,2915007,BA,Nordeste,41.31,45.45,0.9968253968253968,Critico,80.0,5.758333333333333,1
Taperoá - BA,2931202,BA,Nordeste,38.83,47.52,0.9968253968253968,Critico,80.0,5.413333333333333,1
Arataca - BA,2902252,BA,Nordeste,16.86,13.11,0.996078431372549,Critico,80.0,11.148333333333333,1
Casa Nova - BA,2907202,BA,Nordeste,13.13,20.93,0.996078431372549,Critico,80.0,9.845,1
Jacareacanga - PA,1503754,PA,Norte,36.03,24.95,0.996078431372549,Critico,80.0,9.174999999999999,1
Barreirinha - AM,1300508,AM,Norte,30.89,25.0,0.996078431372549,Critico,80.0,9.166666666666666,1
Itororó - BA,2917102,BA,Nordeste,47.4,28.85,0.996078431372549,Critico,80.0,8.525,1
Nossa Senhora do Socorro - SE,2804805,SE,Nordeste,21.3,29.82,0.996078431372549,Critico,80.0,8.363333333333333,0
Castro Alves - BA,2907301,BA,Nordeste,44.01,30.54,0.996078431372549,Critico,80.0,8.243333333333334,1
Santo Antônio do Tauá - PA,1507003,PA,Norte,25.72,31.66,0.996078431372549,Critico,80.0,8.056666666666667,1
Souto Soares - BA,2930808,BA,Nordeste,25.49,31.82,0.996078431372549,Critico,80.0,8.03,1
São Domingos do Capim - PA,1507201,PA,Norte,31.2,32.97,0.996078431372549,Critico,80.0,7.838333333333334,1
Anajás - PA,1500701,PA,Norte,26.81,33.83,0.996078431372549,Critico,80.0,7.695,1
Bonito - BA,2904050,BA,Nordeste,40.18,34.0,0.996078431372549,Critico,80.0,7.666666666666667,1
Propriá - SE,2805703,SE,Nordeste,25.97,34.13,0.996078431372549,Critico,80.0,7.645,0
Alenquer - PA,1500404,PA,Norte,36.41,35.0,0.996078431372549,Critico,80.0,7.5,1
Presidente Figueiredo - AM,1303536,AM,Norte,34.17,35.31,0.996078431372549,Critico,80.0,7.448333333333333,2
João Câmara - RN,2405801,RN,Nordeste,22.55,35.88,0.996078431372549,Critico,80.0,7.353333333333333,1
Senador José Porfírio - PA,1507805,PA,Norte,33.22,35.9,0.996078431372549,Critico,80.0,7.3500000000000005,1
Guajeru - BA,2911659,BA,Nordeste,29.2,36.78,0.996078431372549,Critico,80.0,7.203333333333333,1
Nossa Senhora da Glória - SE,2804508,SE,Nordeste,31.86,37.56,0.996078431372549,Critico,80.0,7.073333333333333,1
Jacundá - PA,1503804,PA,Norte,40.47,37.87,0.996078431372549,Critico,80.0,7.021666666666667,1
Afuá - PA,1500305,PA,Norte,30.81,38.18,0.996078431372549,Critico,80.0,6.97,1
Itaporanga d'Ajuda - SE,2803203,SE,Nordeste,24.31,39.49,0.996078431372549,Critico,80.0,6.751666666666666,1
Piritiba - BA,2924801,BA,Nordeste,43.07,40.58,0.996078431372549,Critico,80.0,6.57,1
Ribeira do Pombal - BA,2926608,BA,Nordeste,34.39,40.72,0.996078431372549,Critico,80.0,6.546666666666667,1
Ipanguaçu - RN,2404705,RN,Nordeste,18.04,40.91,0.996078431372549,Critico,80.0,6.515000000000001,1
Acará - PA,1500206,PA,Norte,39.02,41.73,0.996078431372549,Critico,80.0,6.378333333333334,1
Poções - BA,2925105,BA,Nordeste,44.01,42.93,0.996078431372549,Critico,80.0,6.178333333333334,1
Jussara - BA,2918506,BA,Nordeste,23.19,43.44,0.996078431372549,Critico,80.0,6.093333333333334,1
Iraquara - BA,2914406,BA,Nordeste,38.87,44.24,0.996078431372549,Critico,80.0,5.96,1
Tucuruí - PA,1508100,PA,Norte,37.28,44.7,0.996078431372549,Critico,80.0,5.883333333333333,0
Piatã - BA,2924306,BA,Nordeste,42.2,45.33,0.996078431372549,Critico,80.0,5.778333333333333,1
Pacajá - PA,1505486,PA,Norte,37.32,45.49,0.996078431372549,Critico,80.0,5.751666666666666,1
Porto Seguro - BA,2925303,BA,Nordeste,46.72,45.5,0.996078431372549,Critico,80.0,5.75,0
Irecê - BA,2914604,BA,Nordeste,42.02,46.83,0.996078431372549,Critico,80.0,5.528333333333333,0
Olindina - BA,2923100,BA,Nordeste,34.5,21.29,0.9953488372093023,Critico,80.0,9.785,1
Itagi - BA,2915106,BA,Nordeste,37.75,23.53,0.9953488372093023,Critico,80.0,9.411666666666667,1
Bom Jesus da Serra - BA,2903953,BA,Nordeste,41.85,24.44,0.9953488372093023,Critico,80.0,9.26,1
Barro Preto - BA,2903300,BA,Nordeste,39.29,24.72,0.9953488372093023,Critico,80.0,9.213333333333333,1
Serrolândia - BA,2930600,BA,Nordeste,32.84,25.69,0.9953488372093023,Critico,80.0,9.051666666666668,1
Aiquara - BA,2900603,BA,Nordeste,29.26,26.32,0.9953488372093023,Critico,80.0,8.946666666666667,1
Barra - BA,2902708,BA,Nordeste,26.84,28.48,0.9953488372093023,Critico,80.0,8.586666666666666,1
Iaçu - BA,2911907,BA,Nordeste,22.93,28.52,0.9953488372093023,Critico,80.0,8.58,1
Aracatu - BA,2902005,BA,Nordeste,41.95,28.92,0.9953488372093023,Critico,80.0,8.513333333333334,1
Canudos - BA,2906824,BA,Nordeste,18.85,30.13,0.9953488372093023,Critico,80.0,8.311666666666667,1
Carinhanha - BA,2907103,BA,Nordeste,28.55,31.96,0.9953488372093023,Critico,80.0,8.006666666666666,1
Xique-Xique - BA,2933604,BA,Nordeste,31.02,32.25,0.9953488372093023,Critico,80.0,7.958333333333333,1
Caém - BA,2905107,BA,Nordeste,35.37,36.71,0.9953488372093023,Critico,80.0,7.215,1
Conceição do Jacuípe - BA,2908507,BA,Nordeste,34.3,37.5,0.9953488372093023,Critico,80.0,7.083333333333333,0
Coaraci - BA,2908002,BA,Nordeste,37.24,39.13,0.9953488372093023,Critico,80.0,6.8116666666666665,1
Itaguaçu da Bahia - BA,2915353,BA,Nordeste,20.89,32.8,0.9949525803333668,Critico,80.0,7.866666666666667,1
Tanquinho - BA,2931103,BA,Nordeste,18.93,30.67,0.9947368421052631,Critico,80.0,8.221666666666666,1
Macau - RN,2407203,RN,Nordeste,30.68,32.43,0.9947368421052631,Critico,80.0,7.928333333333334,2
Canindé de São Francisco - SE,2801207,SE,Nordeste,22.69,26.66,0.9941176470588236,Critico,80.0,8.89,1
Barra dos Coqueiros - SE,2800605,SE,Nordeste,24.92,28.1,0.9941176470588236,Critico,80.0,8.65,0
Baianópolis - BA,2902500,BA,Nordeste,39.85,35.92,0.9941176470588236,Critico,80.0,7.346666666666667,1
Santo Amaro - BA,2928604,BA,Nordeste,43.81,36.96,0.9941176470588236,Critico,80.0,7.173333333333333,0
Itamaraju - BA,2915601,BA,Nordeste,44.07,37.41,0.9941176470588236,Critico,80.0,7.098333333333334,1
Touros - RN,2414407,RN,Nordeste,24.96,38.9,0.9941176470588236,Critico,80.0,6.8500000000000005,1
Almeirim - PA,1500503,PA,Norte,30.68,38.92,0.9941176470588236,Critico,80.0,6.846666666666667,1
Caetité - BA,2905206,BA,Nordeste,49.15,39.02,0.9941176470588236,Critico,80.0,6.829999999999999,1
Maceió - AL,2704302,AL,Nordeste,39.48,40.58,0.9941176470588236,Critico,80.0,6.57,0
Ipixuna do Pará - PA,1503457,PA,Norte,39.7,42.95,0.9941176470588236,Critico,80.0,6.175,1
Itupiranga - PA,1503705,PA,Norte,42.67,44.08,0.9941176470588236,Critico,80.0,5.986666666666667,1
Baraúna - RN,2401453,RN,Nordeste,32.01,44.48,0.994,Critico,80.0,5.920000000000001,1
Barrocas - BA,2903276,BA,Nordeste,42.08,46.15,0.9939129589721295,Critico,80.0,5.641666666666667,1
Macarani - BA,2919702,BA,Nordeste,49.05,44.74,0.99375,Critico,80.0,5.876666666666666,1
Indiaroba - SE,2802809,SE,Nordeste,38.33,34.31,0.9934426229508198,Critico,80.0,7.614999999999999,1
Abaíra - BA,2900108,BA,Nordeste,34.57,42.42,0.9934426229508198,Critico,80.0,6.263333333333333,1
Nordestina - BA,2922656,BA,Nordeste,31.25,26.14,0.9926613943804575,Critico,80.0,8.976666666666667,1
Miguel Calmon - BA,2921203,BA,Nordeste,47.8,36.96,0.9925458415641725,Critico,80.0,7.173333333333333,1
Lamarão - BA,2919108,BA,Nordeste,22.24,19.57,0.9923076923076923,Critico,80.0,10.071666666666667,1
Elísio Medrado - BA,2910305,BA,Nordeste,29.96,35.29,0.9923076923076923,Critico,80.0,7.451666666666667,1
Curaçá - BA,2909901,BA,Nordeste,29.66,22.94,0.9917774086378737,Critico,80.0,9.51,1
Mirangaba - BA,2921401,BA,Nordeste,33.73,29.41,0.9917774086378737,Critico,80.0,8.431666666666667,1
Itaju do Colônia - BA,2915403,BA,Nordeste,20.17,15.25,0.99156223893066,Critico,80.0,10.791666666666666,1
Itagimirim - BA,2915304,BA,Nordeste,32.81,25.0,0.99156223893066,Critico,80.0,9.166666666666666,1
Itaparica - BA,2916104,BA,Nordeste,38.25,28.57,0.99156223893066,Critico,80.0,8.571666666666667,0
Ituberá - BA,2917300,BA,Nordeste,44.09,29.17,0.99156223893066,Critico,80.0,8.471666666666666,1
Maruim - SE,2804003,SE,Nordeste,21.39,31.19,0.99156223893066,Critico,80.0,8.135,1
Carira - SE,2801405,SE,Nordeste,33.52,34.24,0.99156223893066,Critico,80.0,7.626666666666666,1
Lagoa da Confusão - TO,1711902,TO,Norte,26.02,35.66,0.99156223893066,Critico,80.0,7.390000000000001,2
Capela - SE,2801306,SE,Nordeste,33.52,35.78,0.99156223893066,Critico,80.0,7.37,1
São Miguel do Tocantins - TO,1720200,TO,Norte,26.98,36.9,0.99156223893066,Critico,80.0,7.183333333333334,1
Mocajuba - PA,1504604,PA,Norte,31.97,37.29,0.99156223893066,Critico,80.0,7.118333333333333,1
Itabaiana - SE,2802908,SE,Nordeste,27.61,40.82,0.99156223893066,Critico,80.0,6.53,0
Tremedal - BA,2931806,BA,Nordeste,49.49,42.86,0.99156223893066,Critico,80.0,6.19,1
Marapanim - PA,1504406,PA,Norte,28.74,45.42,0.99156223893066,Critico,80.0,5.763333333333333,1
Igarapé-Açu - PA,1503200,PA,Norte,37.45,45.59,0.99156223893066,Critico,80.0,5.734999999999999,1
Jucurutu - RN,2406106,RN,Nordeste,28.69,46.3,0.99156223893066,Critico,80.0,5.616666666666667,1
Marcionílio Souza - BA,2920809,BA,Nordeste,21.15,18.57,0.990909090909091,Critico,80.0,10.238333333333333,1
Goianinha - RN,2404200,RN,Nordeste,22.54,35.33,0.9904285714285713,Critico,80.0,7.445,1
Curralinho - PA,1502806,PA,Norte,25.06,24.03,0.9902439024390244,Critico,80.0,9.328333333333333,1
Barra de Santo Antônio - AL,2700508,AL,Nordeste,30.57,32.98,0.9895721925133689,Critico,80.0,7.836666666666667,1
Rio Largo - AL,2707701,AL,Nordeste,36.89,38.78,0.9895721925133689,Critico,80.0,6.87,0
São José da Vitória - BA,2929354,BA,Nordeste,31.3,27.27,0.9893488372093022,Critico,80.0,8.788333333333334,1
Moju - PA,1504703,PA,Norte,32.11,34.29,0.9893488372093022,Critico,80.0,7.618333333333333,1
Barreiras - BA,2903201,BA,Nordeste,37.98,36.09,0.9893488372093022,Critico,80.0,7.3183333333333325,0
Delmiro Gouveia - AL,2702405,AL,Nordeste,31.11,28.13,0.9889822595704949,Critico,80.0,8.645000000000001,1
Caaporã - PB,2503001,PB,Nordeste,37.78,29.81,0.9889822595704949,Critico,80.0,8.365,1
Lajes - RN,2406700,RN,Nordeste,26.57,33.68,0.9889822595704949,Critico,80.0,7.72,1
Abaetetuba - PA,1500107,PA,Norte,39.73,35.85,0.9889822595704949,Critico,80.0,7.358333333333333,1
Simão Dias - SE,2807105,SE,Nordeste,35.18,35.97,0.9889822595704949,Critico,80.0,7.338333333333334,1
Boqueirão - PB,2502508,PB,Nordeste,38.0,37.65,0.9889822595704949,Critico,80.0,7.058333333333334,1
Viseu - PA,1508308,PA,Norte,34.28,38.21,0.9889822595704949,Critico,80.0,6.965,1
Poço Verde - SE,2805505,SE,Nordeste,32.89,40.54,0.9889822595704949,Critico,80.0,6.576666666666667,1
Parnaíba - PI,2207702,PI,Nordeste,31.0,38.42,0.988875,Critico,80.0,6.93,0
Almadina - BA,2900900,BA,Nordeste,31.19,23.91,0.9883861236802414,Critico,80.0,9.348333333333334,1
Pedro Velho - RN,2409803,RN,Nordeste,22.71,24.05,0.9883861236802414,Critico,80.0,9.325000000000001,1
Igaci - AL,2703106,AL,Nordeste,29.74,24.34,0.9883861236802414,Critico,80.0,9.276666666666666,1
Angical - BA,2901403,BA,Nordeste,38.05,28.44,0.9883861236802414,Critico,80.0,8.593333333333334,1
Macajuba - BA,2919603,BA,Nordeste,18.56,30.14,0.9883861236802414,Critico,80.0,8.31,1
São Félix - BA,2929008,BA,Nordeste,32.07,31.33,0.9883861236802414,Critico,80.0,8.111666666666666,1
Itapé - BA,2916203,BA,Nordeste,30.59,35.38,0.9883861236802414,Critico,80.0,7.4366666666666665,1
Barra do Rocha - BA,2903102,BA,Nordeste,38.14,39.62,0.9883861236802414,Critico,80.0,6.73,1
Jaborandi - BA,2917359,BA,Nordeste,40.89,43.16,0.9883861236802414,Critico,80.0,6.140000000000001,1
Apuarema - BA,2901957,BA,Nordeste,37.0,43.24,0.9883861236802414,Critico,80.0,6.126666666666666,1
Tabocas do Brejo Velho - BA,2930907,BA,Nordeste,35.84,43.31,0.9883861236802414,Critico,80.0,6.114999999999999,1
Belo Campo - BA,2903508,BA,Nordeste,47.6,33.06,0.9877499999999999,Critico,80.0,7.823333333333333,1
Salinas da Margarida - BA,2927309,BA,Nordeste,47.81,45.77,0.9874910673535304,Critico,80.0,5.704999999999999,1
Caapiranga - AM,1300839,AM,Norte,34.37,31.85,0.9872807870229238,Critico,80.0,8.025,1
Nova Itarana - BA,2922805,BA,Nordeste,32.97,34.65,0.9872320407816305,Critico,80.0,7.558333333333334,1
Vigia - PA,1508209,PA,Norte,29.77,37.71,0.9869747899159664,Critico,80.0,7.048333333333333,1
Baião - PA,1501204,PA,Norte,27.52,38.16,0.9869747899159664,Critico,80.0,6.973333333333334,1
Pau dos Ferros - RN,2409407,RN,Nordeste,39.7,41.08,0.9869747899159664,Critico,80.0,6.486666666666667,0
Aurelino Leal - BA,2902401,BA,Nordeste,42.65,33.61,0.9861176470588235,Critico,80.0,7.7316666666666665,1
Oiapoque - AP,1600501,AP,Norte,26.09,21.03,0.9857774086378737,Critico,80.0,9.828333333333333,1
Santa Luzia do Itanhy - SE,2806305,SE,Nordeste,25.9,22.15,0.9857774086378737,Critico,80.0,9.641666666666667,1
Tibau do Sul - RN,2414209,RN,Nordeste,17.6,24.98,0.9857774086378737,Critico,80.0,9.17,1
Porto de Pedras - AL,2707404,AL,Nordeste,30.12,27.47,0.9857774086378737,Critico,80.0,8.755,1
Pacatuba - SE,2804904,SE,Nordeste,16.9,28.56,0.9857774086378737,Critico,80.0,8.573333333333332,1
Estância - SE,2802106,SE,Nordeste,33.96,31.09,0.9857774086378737,Critico,80.0,8.151666666666666,0
Rio Real - BA,2927002,BA,Nordeste,40.97,33.21,0.9857774086378737,Critico,80.0,7.798333333333333,1
Cajueiro - AL,2701308,AL,Nordeste,26.75,33.4,0.9857774086378737,Critico,80.0,7.766666666666667,1
Pureza - RN,2410405,RN,Nordeste,36.66,33.85,0.9857774086378737,Critico,80.0,7.691666666666666,1
Santa Cruz - RN,2411205,RN,Nordeste,21.32,34.65,0.9857774086378737,Critico,80.0,7.558333333333334,1
Ceará-Mirim - RN,2402600,RN,Nordeste,22.16,34.66,0.9857774086378737,Critico,80.0,7.5566666666666675,1
Vitória do Jari - AP,1600808,AP,Norte,28.7,35.39,0.9857774086378737,Critico,80.0,7.435,1
Estrela de Alagoas - AL,2702553,AL,Nordeste,34.55,36.15,0.9857774086378737,Critico,80.0,7.308333333333334,1
Tailândia - PA,1507953,PA,Norte,37.67,37.9,0.9857774086378737,Critico,80.0,7.016666666666667,1
Rosário do Catete - SE,2806107,SE,Nordeste,39.18,39.01,0.9857774086378737,Critico,80.0,6.831666666666667,2
Cametá - PA,1502103,PA,Norte,40.41,39.08,0.9857774086378737,Critico,80.0,6.82,1
Umbaúba - SE,2807600,SE,Nordeste,25.4,39.34,0.9857774086378737,Critico,80.0,6.776666666666666,1
Contendas do Sincorá - BA,2908804,BA,Nordeste,24.0,40.62,0.9857774086378737,Critico,80.0,6.5633333333333335,1
Pirpirituba - PB,2511806,PB,Nordeste,34.62,41.49,0.9857774086378737,Critico,80.0,6.418333333333333,1
Manoel Vitorino - BA,2920403,BA,Nordeste,39.54,41.67,0.9857774086378737,Critico,80.0,6.388333333333333,1
Anastácio - MS,5000708,MS,Centro-Oeste,31.44,41.7,0.9857774086378737,Critico,80.0,6.383333333333333,2
Caraúbas - RN,2402303,RN,Nordeste,26.21,41.75,0.9857774086378737,Critico,80.0,6.375,1
Brumado - BA,2904605,BA,Nordeste,53.28,42.15,0.9857774086378737,Critico,80.0,6.308333333333334,0
São Sebastião - AL,2708808,AL,Nordeste,36.66,42.43,0.9857774086378737,Critico,80.0,6.261666666666667,1
Passa e Fica - RN,2409100,RN,Nordeste,19.72,42.72,0.9857774086378737,Critico,80.0,6.213333333333334,1
Cristópolis - BA,2909703,BA,Nordeste,44.52,43.75,0.9857774086378737,Critico,80.0,6.041666666666667,1
Santana do Ipanema - AL,2708006,AL,Nordeste,34.54,44.16,0.9857774086378737,Critico,80.0,5.973333333333334,1
Batalha - AL,2700706,AL,Nordeste,33.15,45.96,0.9857774086378737,Critico,80.0,5.673333333333333,1
Porto Calvo - AL,2707305,AL,Nordeste,36.55,45.99,0.9857774086378737,Critico,80.0,5.668333333333333,1
Rio Preto da Eva - AM,1303569,AM,Norte,35.31,46.76,0.9857774086378737,Critico,80.0,5.54,1
Medeiros Neto - BA,2921104,BA,Nordeste,51.46,46.9,0.9857774086378737,Critico,80.0,5.516666666666667,1
Nísia Floresta - RN,2408201,RN,Nordeste,32.03,49.02,0.9857774086378737,Critico,80.0,5.163333333333333,1
São Tomé - RN,2412906,RN,Nordeste,21.91,49.16,0.9857774086378737,Critico,80.0,5.140000000000001,1
Varzedo - BA,2933174,BA,Nordeste,44.14,40.0,0.9852611236802413,Critico,80.0,6.666666666666667,1
Palmas de Monte Alto - BA,2923407,BA,Nordeste,45.51,35.76,0.9847665648968272,Critico,80.0,7.373333333333334,1
Jussiape - BA,2918605,BA,Nordeste,32.1,33.33,0.9843517138599106,Critico,80.0,7.778333333333333,1
Canguaretama - RN,2402204,RN,Nordeste,37.7,32.26,0.9843076923076923,Critico,80.0,7.956666666666667,1
Queimados - RJ,3304144,RJ,Sudeste,38.08,37.63,0.9843076923076923,Critico,80.0,7.0616666666666665,0
Nossa Senhora das Dores - SE,2804607,SE,Nordeste,34.31,28.34,0.9842647773538928,Critico,80.0,8.61,1
Nova Cruz - RN,2408300,RN,Nordeste,40.15,27.74,0.9842280401712842,Critico,80.0,8.71,1
Uarini - AM,1304260,AM,Norte,23.33,18.08,0.9841785714285713,Critico,80.0,10.32,1
São Miguel do Gostoso - RN,2412559,RN,Nordeste,33.46,30.54,0.9841785714285713,Critico,80.0,8.243333333333334,1
Castanhal - PA,1502400,PA,Norte,38.09,32.97,0.9841785714285713,Critico,80.0,7.838333333333334,0
Rafael Jambeiro - BA,2925956,BA,Nordeste,48.41,33.53,0.9841785714285713,Critico,80.0,7.745,1
Muaná - PA,1504901,PA,Norte,36.17,33.63,0.9841785714285713,Critico,80.0,7.728333333333333,1
Boa Vista do Ramos - AM,1300680,AM,Norte,41.21,37.21,0.9841785714285713,Critico,80.0,7.131666666666667,1
Luís Gomes - RN,2407005,RN,Nordeste,32.17,38.98,0.9841785714285713,Critico,80.0,6.836666666666667,1
Girau do Ponciano - AL,2702900,AL,Nordeste,35.73,39.96,0.9841785714285713,Critico,80.0,6.673333333333333,1
São João de Pirabas - PA,1507474,PA,Norte,29.84,40.76,0.9841785714285713,Critico,80.0,6.54,1
Sítio do Quinto - BA,2930766,BA,Nordeste,44.05,42.47,0.9841785714285713,Critico,80.0,6.255,1
Arapiraca - AL,2700300,AL,Nordeste,39.44,43.75,0.9841785714285713,Critico,80.0,6.041666666666667,0
Guanambi - BA,2911709,BA,Nordeste,48.58,46.39,0.9841785714285713,Critico,80.0,5.601666666666667,0
Ibipitanga - BA,2912509,BA,Nordeste,44.17,46.81,0.9841785714285713,Critico,80.0,5.531666666666666,1
Lajedão - BA,2918902,BA,Nordeste,58.38,48.28,0.9841785714285713,Critico,80.0,5.286666666666666,1
Currais Novos - RN,2403103,RN,Nordeste,38.87,46.22,0.9841423669387673,Critico,80.0,5.63,0
Malhador - SE,2803906,SE,Nordeste,31.75,36.75,0.9839789367626487,Critico,80.0,7.208333333333333,1
Itaporanga - PB,2507002,PB,Nordeste,17.96,48.7,0.9836865253898441,Critico,80.0,5.216666666666666,1
Ilha das Flores - SE,2802700,SE,Nordeste,27.78,16.26,0.9824293353705119,Critico,80.0,10.623333333333333,1
Serra do Mel - RN,2413359,RN,Nordeste,32.67,27.68,0.9824293353705119,Critico,80.0,8.72,1
Neópolis - SE,2804409,SE,Nordeste,23.66,30.98,0.9824293353705119,Critico,80.0,8.17,1
Teixeira de Freitas - BA,2931350,BA,Nordeste,51.85,35.04,0.9824293353705119,Critico,80.0,7.493333333333333,0
São Francisco do Pará - PA,1507409,PA,Norte,37.02,37.44,0.9824293353705119,Critico,80.0,7.093333333333334,1
Mucugê - BA,2921906,BA,Nordeste,41.65,38.82,0.9824293353705119,Critico,80.0,6.863333333333333,1
Sapé - PB,2515302,PB,Nordeste,33.89,39.0,0.9824293353705119,Critico,80.0,6.833333333333333,1
São José da Coroa Grande - PE,2613404,PE,Nordeste,41.77,39.24,0.9824293353705119,Critico,80.0,6.793333333333333,1
Brejolândia - BA,2904407,BA,Nordeste,41.09,40.43,0.9824293353705119,Critico,80.0,6.595,1
Caculé - BA,2905008,BA,Nordeste,51.82,47.96,0.9824293353705119,Critico,80.0,5.34,1
Pedras de Fogo - PB,2511202,PB,Nordeste,37.3,48.58,0.9824293353705119,Critico,80.0,5.236666666666667,1
Embu das Artes - SP,3515004,SP,Sudeste,38.07,48.71,0.9824293353705119,Critico,80.0,5.215,0
Paramirim - BA,2923605,BA,Nordeste,46.89,48.94,0.9824293353705119,Critico,80.0,5.176666666666667,1
Poço Redondo - SE,2805406,SE,Nordeste,16.35,26.61,0.9818181818181818,Critico,80.0,8.898333333333333,1
Arez - RN,2401206,RN,Nordeste,24.75,31.22,0.9818181818181818,Critico,80.0,8.13,1
São Félix do Coribe - BA,2929057,BA,Nordeste,54.89,36.59,0.9818181818181818,Critico,80.0,7.234999999999999,1
Lagarto - SE,2803500,SE,Nordeste,40.43,37.5,0.9818181818181818,Critico,80.0,7.083333333333333,1
Japoatã - SE,2803401,SE,Nordeste,26.06,39.3,0.9818181818181818,Critico,80.0,6.783333333333334,1
Aracaju - SE,2800308,SE,Nordeste,30.95,44.28,0.9818181818181818,Critico,80.0,5.953333333333333,0
Maragogi - AL,2704500,AL,Nordeste,32.4,45.6,0.9818181818181818,Critico,80.0,5.733333333333333,1
Itaquara - BA,2916708,BA,Nordeste,34.36,34.25,0.981572192513369,Critico,80.0,7.625,1
Pirambu - SE,2805307,SE,Nordeste,25.81,37.68,0.981572192513369,Critico,80.0,7.053333333333334,1
Macaúbas - BA,2919801,BA,Nordeste,43.5,31.5,0.9813376623376623,Critico,80.0,8.083333333333334,1
Monte Alegre de Sergipe - SE,2804201,SE,Nordeste,29.63,35.07,0.9811826923076923,Critico,80.0,7.488333333333333,1
Nova Olinda - TO,1714880,TO,Norte,25.45,40.7,0.9811826923076923,Critico,80.0,6.55,2
Guaraí - TO,1709302,TO,Norte,36.07,48.16,0.9811826923076923,Critico,80.0,5.3066666666666675,0
Santa Bárbara do Pará - PA,1506351,PA,Norte,37.63,46.35,0.9811529933481153,Critico,80.0,5.608333333333333,1
Mesquita - RJ,3302858,RJ,Sudeste,37.82,35.09,0.9811101832259632,Critico,80.0,7.484999999999999,0
São Felipe - BA,2929107,BA,Nordeste,45.9,41.13,0.9791603279242732,Critico,80.0,6.478333333333333,1
Campo do Brito - SE,2801009,SE,Nordeste,38.89,34.96,0.9787431457868785,Critico,80.0,7.506666666666667,1
Silves - AM,1304005,AM,Norte,40.1,41.71,0.9785380263984914,Critico,80.0,6.381666666666667,1
Chorrochó - BA,2907707,BA,Nordeste,34.56,36.19,0.9785145888594166,Critico,80.0,7.301666666666667,1
Augusto Corrêa - PA,1500909,PA,Norte,38.56,43.99,0.9779653573233869,Critico,80.0,6.001666666666666,1
São Domingos - SE,2806800,SE,Nordeste,29.59,29.79,0.9770267379679144,Critico,80.0,8.368333333333334,1
Uauá - BA,2932002,BA,Nordeste,44.93,40.28,0.9769391891891891,Critico,80.0,6.62,1
Canápolis - BA,2906105,BA,Nordeste,37.3,29.55,0.9763303842532525,Critico,80.0,8.408333333333333,1
Lajedinho - BA,2919009,BA,Nordeste,50.0,21.21,0.97593723893066,Critico,80.0,9.798333333333334,1
Melgaço - PA,1504505,PA,Norte,38.0,28.64,0.97593723893066,Critico,80.0,8.56,1
Nova Iguaçu - RJ,3303500,RJ,Sudeste,33.23,33.42,0.97593723893066,Critico,80.0,7.763333333333333,0
Encruzilhada - BA,2910404,BA,Nordeste,41.87,37.25,0.97593723893066,Critico,80.0,7.125,1
Capela - AL,2701704,AL,Nordeste,41.23,42.53,0.9758082854365628,Critico,80.0,6.245,1
São João do Araguaia - PA,1507508,PA,Norte,33.62,35.42,0.9752608047690015,Critico,80.0,7.43,1
Vitória da Conquista - BA,2933307,BA,Nordeste,47.86,42.75,0.9750818965517242,Critico,80.0,6.208333333333333,0
Piranhas - AL,2707107,AL,Nordeste,24.74,25.08,0.974595616298935,Critico,80.0,9.153333333333334,1
Santo Amaro das Brotas - SE,2806602,SE,Nordeste,33.33,37.62,0.9745930202319656,Critico,80.0,7.0633333333333335,1
Palmeira dos Índios - AL,2706307,AL,Nordeste,31.61,38.7,0.9743950039032006,Critico,80.0,6.883333333333333,1
Joaquim Gomes - AL,2703809,AL,Nordeste,30.41,27.68,0.9733572595704949,Critico,80.0,8.72,1
Adustina - BA,2900355,BA,Nordeste,44.68,42.45,0.9733572595704949,Critico,80.0,6.258333333333333,1
Feira Grande - AL,2702603,AL,Nordeste,35.2,44.46,0.9733572595704949,Critico,80.0,5.923333333333333,1
Traipu - AL,2709202,AL,Nordeste,31.62,47.49,0.9733572595704949,Critico,80.0,5.418333333333333,1
Santana do São Francisco - SE,2806404,SE,Nordeste,28.89,22.21,0.9729055258467023,Critico,80.0,9.631666666666666,1
Portel - PA,1505809,PA,Norte,43.69,40.72,0.9729055258467023,Critico,80.0,6.546666666666667,1
Mucuri - BA,2922003,BA,Nordeste,49.09,47.96,0.9729055258467023,Critico,80.0,5.34,0
Mazagão - AP,1600402,AP,Norte,29.38,44.22,0.9720620842572062,Critico,80.0,5.963333333333334,1
Graccho Cardoso - SE,2802601,SE,Nordeste,20.0,16.67,0.9720483829895594,Critico,80.0,10.555,1
Ribas do Rio Pardo - MS,5007109,MS,Centro-Oeste,34.35,42.87,0.9720483829895594,Critico,80.0,6.1883333333333335,2
Cotegipe - BA,2909406,BA,Nordeste,40.77,41.9,0.971918413510388,Critico,80.0,6.3500000000000005,1
Atalaia - AL,2700409,AL,Nordeste,32.36,44.27,0.9718614718614719,Critico,80.0,5.954999999999999,1
Carmópolis - SE,2801504,SE,Nordeste,24.85,16.16,0.9718181818181819,Critico,80.0,10.64,2
Wanderlândia - TO,1722081,TO,Norte,35.16,41.89,0.9714680202319655,Critico,80.0,6.351666666666667,1
Matina - BA,2921054,BA,Nordeste,41.7,42.52,0.9714680202319655,Critico,80.0,6.246666666666666,1
Carneiros - AL,2701803,AL,Nordeste,43.52,38.85,0.9707410236822002,Critico,80.0,6.858333333333333,1
Pedrão - BA,2924108,BA,Nordeste,20.72,13.33,0.9706983653205894,Critico,80.0,11.111666666666666,1
Palmeiras - BA,2923506,BA,Nordeste,43.73,40.45,0.9705854800936768,Critico,80.0,6.591666666666666,1
Gurinhém - PB,2506400,PB,Nordeste,35.1,27.02,0.9705145888594165,Critico,80.0,8.83,1
Garrafão do Norte - PA,1503077,PA,Norte,37.96,32.89,0.9705145888594165,Critico,80.0,7.851666666666667,1
Cristinápolis - SE,2801702,SE,Nordeste,24.74,34.73,0.9705145888594165,Critico,80.0,7.545000000000001,1
São João de Meriti - RJ,3305109,RJ,Sudeste,37.6,35.97,0.9705145888594165,Critico,80.0,7.338333333333334,0
Belford Roxo - RJ,3300456,RJ,Sudeste,34.73,38.9,0.9705145888594165,Critico,80.0,6.8500000000000005,0
Olho d'Água das Flores - AL,2705705,AL,Nordeste,40.12,45.46,0.9705145888594165,Critico,80.0,5.756666666666667,1
Lagoa Nova - RN,2406502,RN,Nordeste,34.74,35.61,0.9696633779237033,Critico,80.0,7.398333333333333,1
Santa Izabel do Pará - PA,1506500,PA,Norte,40.8,34.18,0.9688062350665604,Critico,80.0,7.636666666666667,0
Assú - RN,2400208,RN,Nordeste,41.81,40.37,0.9688062350665604,Critico,80.0,6.605,0
Candiba - BA,2906600,BA,Nordeste,46.72,41.67,0.9684069264069264,Critico,80.0,6.388333333333333,1
Mãe do Rio - PA,1504059,PA,Norte,45.48,46.97,0.9683140175495666,Critico,80.0,5.505,1
Borba - AM,1300805,AM,Norte,39.89,41.24,0.9676794539616044,Critico,80.0,6.46,1
Marcelino Vieira - RN,2407302,RN,Nordeste,25.17,26.79,0.9675029284441049,Critico,80.0,8.868333333333334,1
Novo Lino - AL,2705606,AL,Nordeste,27.37,39.85,0.9675029284441049,Critico,80.0,6.691666666666666,1
Messias - AL,2705200,AL,Nordeste,30.81,41.87,0.9674034777483053,Critico,80.0,6.355,1
Pauini - AM,1303502,AM,Norte,38.95,48.43,0.9674034777483053,Critico,80.0,5.261666666666667,1
Campos dos Goytacazes - RJ,3301009,RJ,Sudeste,38.69,38.87,0.9673895888594165,Critico,80.0,6.855,0
Alagoa Grande - PB,2500304,PB,Nordeste,31.18,28.48,0.967241586756747,Critico,80.0,8.586666666666666,1
Nova Viçosa - BA,2923001,BA,Nordeste,56.37,37.21,0.966896978021978,Critico,80.0,7.131666666666667,1
Barcarena - PA,1501303,PA,Norte,46.55,39.5,0.966896978021978,Critico,80.0,6.75,0
Sidrolândia - MS,5007901,MS,Centro-Oeste,36.19,39.84,0.966896978021978,Critico,80.0,6.6933333333333325,0
Cravolândia - BA,2909505,BA,Nordeste,57.33,34.55,0.9665228475228475,Critico,80.0,7.575,1
Patu - RN,2409308,RN,Nordeste,30.47,32.39,0.9661698956780924,Critico,80.0,7.935,1
Baía Formosa - RN,2401404,RN,Nordeste,26.01,35.36,0.9661698956780924,Critico,80.0,7.44,1
Iuiu - BA,2917334,BA,Nordeste,49.03,25.53,0.9657785087719299,Critico,80.0,9.078333333333333,1
Mossoró - RN,2408003,RN,Nordeste,36.31,43.7,0.9657626687038452,Critico,80.0,6.05,0
Oeiras do Pará - PA,1505205,PA,Norte,18.54,31.03,0.9655047072080258,Critico,80.0,8.161666666666667,1
Extremoz - RN,2403608,RN,Nordeste,49.69,34.18,0.9655047072080258,Critico,80.0,7.636666666666667,1
Marechal Deodoro - AL,2704708,AL,Nordeste,40.6,46.23,0.9655047072080258,Critico,80.0,5.628333333333334,0
Santa Cruz da Vitória - BA,2927804,BA,Nordeste,45.13,37.04,0.9652608047690014,Critico,80.0,7.16,1
Tanhaçu - BA,2931004,BA,Nordeste,58.73,47.42,0.9652608047690014,Critico,80.0,5.43,1
Ibiquera - BA,2912608,BA,Nordeste,20.08,15.62,0.9646616073965818,Critico,80.0,10.729999999999999,1
Pendências - RN,2409902,RN,Nordeste,40.87,33.3,0.9646616073965818,Critico,80.0,7.783333333333334,1
Rosário do Sul - RS,4316402,RS,Sul,53.58,36.7,0.9646616073965818,Critico,80.0,7.216666666666666,0
Janduís - RN,2405207,RN,Nordeste,28.72,37.23,0.9646616073965818,Critico,80.0,7.128333333333334,1
Florânia - RN,2403806,RN,Nordeste,33.89,39.8,0.9646616073965818,Critico,80.0,6.7,1
Goianésia do Pará - PA,1503093,PA,Norte,46.05,42.29,0.9646616073965818,Critico,80.0,6.285,1
Campo Grande - RN,2401305,RN,Nordeste,33.21,43.77,0.9646616073965818,Critico,80.0,6.038333333333333,1
Altamira - PA,1500602,PA,Norte,46.67,45.32,0.9646616073965818,Critico,80.0,5.78,0
Espírito Santo - RN,2403509,RN,Nordeste,18.07,47.13,0.9646616073965818,Critico,80.0,5.478333333333333,1
Arauá - SE,2800407,SE,Nordeste,31.03,28.6,0.9645754259684922,Critico,80.0,8.566666666666666,1
Barra da Estiva - BA,2902807,BA,Nordeste,47.58,47.17,0.9643950039032007,Critico,80.0,5.471666666666667,1
Santa Isabel do Rio Negro - AM,1303601,AM,Norte,30.62,36.99,0.9642792121043902,Critico,80.0,7.168333333333333,1
Rio do Fogo - RN,2408953,RN,Nordeste,14.85,31.56,0.9642784777483053,Critico,80.0,8.073333333333332,1
Poço das Trincheiras - AL,2707206,AL,Nordeste,33.38,48.87,0.9642784777483053,Critico,80.0,5.1883333333333335,1
Amapá - AP,1600105,AP,Norte,31.2,19.3,0.9637858669108669,Critico,80.0,10.116666666666667,1
São Félix do Xingu - PA,1507300,PA,Norte,39.67,30.95,0.9637858669108669,Critico,80.0,8.174999999999999,1
Japeri - RJ,3302270,RJ,Sudeste,39.09,36.88,0.9637858669108669,Critico,80.0,7.1866666666666665,0
Maracás - BA,2920502,BA,Nordeste,52.47,43.58,0.9637858669108669,Critico,80.0,6.07,1
Pilar - AL,2706901,AL,Nordeste,37.59,45.81,0.9637858669108669,Critico,80.0,5.698333333333333,1
Flexeiras - AL,2702801,AL,Nordeste,34.71,49.34,0.9637858669108669,Critico,80.0,5.109999999999999,1
Nova Fátima - BA,2922730,BA,Nordeste,46.81,31.91,0.9631985294117648,Critico,80.0,8.015,1
Ubaíra - BA,2932101,BA,Nordeste,47.39,38.93,0.9631985294117648,Critico,80.0,6.845,1
Caicó - RN,2402006,RN,Nordeste,37.06,47.28,0.9631985294117648,Critico,80.0,5.453333333333333,0
Taquarana - AL,2709103,AL,Nordeste,44.02,38.96,0.9621053743004963,Critico,80.0,6.84,1
Brejo Grande - SE,2800704,SE,Nordeste,27.27,34.6,0.9620620842572063,Critico,80.0,7.566666666666666,1
Iguaí - BA,2913507,BA,Nordeste,49.55,31.48,0.9618468983400394,Critico,80.0,8.086666666666666,1
Parnamirim - RN,2403251,RN,Nordeste,44.3,35.27,0.9613376623376624,Critico,80.0,7.454999999999999,0
Dom Pedro - MA,2103802,MA,Nordeste,40.39,43.95,0.9612172141583907,Critico,80.0,6.008333333333333,1
Nova Ibiá - BA,2922755,BA,Nordeste,50.34,48.98,0.9607961822660099,Critico,80.0,5.170000000000001,1
Campos Lindos - TO,1703842,TO,Norte,16.16,38.52,0.9606193239384728,Critico,80.0,6.913333333333333,1
Gararu - SE,2802403,SE,Nordeste,19.42,36.4,0.9595959595959596,Critico,80.0,7.266666666666667,1
Catolândia - BA,2907400,BA,Nordeste,10.48,25.71,0.9592834652834652,Critico,80.0,9.048333333333334,1
Gilbués - PI,2204402,PI,Nordeste,31.29,39.2,0.9592834652834652,Critico,80.0,6.8,1
Miranda - MS,5005608,MS,Centro-Oeste,26.61,38.78,0.9592608047690014,Critico,80.0,6.87,2
Boninal - BA,2904001,BA,Nordeste,45.05,48.96,0.9588306478321502,Critico,80.0,5.173333333333333,1
Babaçulândia - TO,1703008,TO,Norte,20.49,19.17,0.9585380263984915,Critico,80.0,10.138333333333334,1
São Rafael - RN,2412807,RN,Nordeste,19.8,25.47,0.9576850711548988,Critico,80.0,9.088333333333333,1
Riachuelo - RN,2410900,RN,Nordeste,41.27,25.65,0.9576850711548988,Critico,80.0,9.058333333333334,1
Praia Norte - TO,1718303,TO,Norte,18.07,38.49,0.9576850711548988,Critico,80.0,6.918333333333333,1
Xambioá - TO,1722107,TO,Norte,22.0,42.82,0.9576850711548988,Critico,80.0,6.196666666666666,2
Darcinópolis - TO,1706506,TO,Norte,31.21,45.61,0.9576850711548988,Critico,80.0,5.7316666666666665,1
Santa Rita - PB,2513703,PB,Nordeste,41.57,39.39,0.9571924603174603,Critico,80.0,6.7683333333333335,0
Itaguaí - RJ,3302007,RJ,Sudeste,42.05,41.61,0.9571924603174603,Critico,80.0,6.398333333333333,0
Campinápolis - MT,5102603,MT,Centro-Oeste,38.79,44.13,0.9571924603174603,Critico,80.0,5.978333333333333,1
Limoeiro do Ajuru - PA,1504000,PA,Norte,47.64,47.82,0.9571924603174603,Critico,80.0,5.363333333333333,1
Santa Fé do Araguaia - TO,1718865,TO,Norte,16.67,31.33,0.9569391891891892,Critico,80.0,8.111666666666666,2
Pedro Avelino - RN,2409704,RN,Nordeste,23.2,34.73,0.9569391891891892,Critico,80.0,7.545000000000001,1
São Benedito do Rio Preto - MA,2110401,MA,Nordeste,46.81,38.29,0.9569391891891892,Critico,80.0,6.951666666666667,1
Poconé - MT,5106505,MT,Centro-Oeste,33.97,38.36,0.9569391891891892,Critico,80.0,6.94,2
Santo Amaro do Maranhão - MA,2110278,MA,Nordeste,33.31,39.84,0.9569391891891892,Critico,80.0,6.6933333333333325,1
Andaraí - BA,2901304,BA,Nordeste,44.8,47.79,0.9569391891891892,Critico,80.0,5.368333333333333,1
Serra Negra do Norte - RN,2413409,RN,Nordeste,25.83,31.59,0.9564137981171168,Critico,80.0,8.068333333333333,1
Maxaranguape - RN,2407500,RN,Nordeste,39.12,35.11,0.9564137981171168,Critico,80.0,7.4816666666666665,1
Carnaubais - RN,2402501,RN,Nordeste,32.86,48.37,0.9564137981171168,Critico,80.0,5.271666666666667,1
Matriz de Camaragibe - AL,2705101,AL,Nordeste,35.25,48.77,0.9564137981171168,Critico,80.0,5.204999999999999,1
Piaçabuçu - AL,2706802,AL,Nordeste,31.74,42.39,0.9555479972513158,Critico,80.0,6.2683333333333335,1
Coxim - MS,5003306,MS,Centro-Oeste,39.69,39.19,0.9555047072080258,Critico,80.0,6.801666666666667,0
Boa Nova - BA,2903706,BA,Nordeste,44.22,46.51,0.9553817163228928,Critico,80.0,5.581666666666667,1
Riachuelo - SE,2805901,SE,Nordeste,11.32,31.48,0.954638906342225,Critico,80.0,8.086666666666666,1
Campo Redondo - RN,2402105,RN,Nordeste,24.04,39.72,0.954638906342225,Critico,80.0,6.713333333333334,1
Araruna - PB,2501005,PB,Nordeste,35.18,40.53,0.954638906342225,Critico,80.0,6.578333333333333,1
Barra do Mendes - BA,2903003,BA,Nordeste,39.25,32.43,0.9545028772378517,Critico,80.0,7.928333333333334,1
Bragança - PA,1501709,PA,Norte,42.72,37.0,0.9545028772378517,Critico,80.0,7.166666666666667,1
Ibirapuã - BA,2912806,BA,Nordeste,60.48,37.84,0.9545028772378517,Critico,80.0,7.026666666666666,2
Parobé - RS,4314050,RS,Sul,58.28,38.0,0.9545028772378517,Critico,80.0,7.0,0
São Gabriel da Cachoeira - AM,1303809,AM,Norte,46.7,41.25,0.9545028772378517,Critico,80.0,6.458333333333333,1
Ribeirópolis - SE,2806008,SE,Nordeste,36.51,42.2,0.9545028772378517,Critico,80.0,6.3,1
Ituaçu - BA,2917201,BA,Nordeste,57.52,43.98,0.9545028772378517,Critico,80.0,6.003333333333334,1
Brejões - BA,2904308,BA,Nordeste,53.47,47.62,0.9545028772378517,Critico,80.0,5.396666666666667,1
Viamão - RS,4323002,RS,Sul,58.18,36.7,0.9540982800982801,Critico,80.0,7.216666666666666,0
Iranduba - AM,1301852,AM,Norte,45.76,36.82,0.9540982800982801,Critico,80.0,7.196666666666666,1
São Leopoldo - RS,4318705,RS,Sul,56.43,37.5,0.9540982800982801,Critico,80.0,7.083333333333333,0
Pinhão - SE,2805208,SE,Nordeste,16.22,40.26,0.9540982800982801,Critico,80.0,6.623333333333334,1
Canoas - RS,4304606,RS,Sul,54.62,42.9,0.9540982800982801,Critico,80.0,6.183333333333334,0
Goiatins - TO,1709005,TO,Norte,12.54,38.49,0.9528381369664943,Critico,80.0,6.918333333333333,1
Soledade - PB,2516102,PB,Nordeste,33.51,47.26,0.9522791043649246,Critico,80.0,5.456666666666667,1
Jandaíra - RN,2405108,RN,Nordeste,32.22,28.23,0.9508362617774383,Critico,80.0,8.628333333333332,1
Laje - BA,2918803,BA,Nordeste,46.61,45.45,0.9508362617774383,Critico,80.0,5.758333333333333,1
Sapucaia do Sul - RS,4320008,RS,Sul,59.74,47.9,0.949689075630252,Critico,80.0,5.3500000000000005,0
Barra de São Miguel - AL,2700607,AL,Nordeste,31.79,39.04,0.9493044422000503,Critico,80.0,6.826666666666667,1
Medicilândia - PA,1504455,PA,Norte,48.99,48.44,0.9489189224956581,Critico,80.0,5.260000000000001,1
Piancó - PB,2511301,PB,Nordeste,48.84,38.92,0.9483950039032006,Critico,80.0,6.846666666666667,1
Tramandaí - RS,4321600,RS,Sul,59.13,40.2,0.948138226822358,Critico,80.0,6.633333333333333,0
Novo Hamburgo - RS,4313409,RS,Sul,62.48,37.0,0.9468835466505132,Critico,80.0,7.166666666666667,0
Macururé - BA,2919900,BA,Nordeste,4.65,12.5,0.9454115668813946,Critico,80.0,11.25,1
Ilha Grande - PI,2204659,PI,Nordeste,39.89,34.84,0.9452204007285975,Critico,80.0,7.526666666666666,1
Axixá do Tocantins - TO,1702901,TO,Norte,30.34,40.2,0.9446733954752806,Critico,80.0,6.633333333333333,1
Olho d'Água do Casado - AL,2705804,AL,Nordeste,34.23,36.22,0.9439719522241681,Critico,80.0,7.296666666666667,1
Caraíbas - BA,2906899,BA,Nordeste,46.59,35.56,0.9424166841200027,Critico,80.0,7.406666666666666,1
Caiçara do Norte - RN,2401859,RN,Nordeste,31.2,26.47,0.9423460144927536,Critico,80.0,8.921666666666667,1
Alcantil - PB,2500536,PB,Nordeste,42.62,45.86,0.9423004557702834,Critico,80.0,5.69,1
Paulo Jacinto - AL,2706604,AL,Nordeste,37.1,38.46,0.941807844932845,Critico,80.0,6.923333333333333,1
Sebastião Laranjeiras - BA,2930006,BA,Nordeste,59.03,42.37,0.941807844932845,Critico,80.0,6.271666666666667,1
Igaporã - BA,2913408,BA,Nordeste,57.17,42.57,0.941781763485082,Critico,80.0,6.238333333333333,1
Alvorada - RS,4300604,RS,Sul,47.65,36.2,0.9413970307246698,Critico,80.0,7.3,0
Monteirópolis - AL,2705408,AL,Nordeste,35.28,31.11,0.9412172141583908,Critico,80.0,8.148333333333333,1
Feira Nova - SE,2802205,SE,Nordeste,29.58,26.0,0.9411338932806323,Critico,80.0,9.0,1
Canto do Buriti - PI,2202307,PI,Nordeste,13.66,36.45,0.9404525335775336,Critico,80.0,7.258333333333333,1
Guaíba - RS,4309308,RS,Sul,50.14,32.7,0.9393586464686209,Critico,80.0,7.883333333333333,0
Rio Grande - RS,4315602,RS,Sul,54.09,43.6,0.9393586464686209,Critico,80.0,6.066666666666666,0
Santa Vitória do Palmar - RS,4317301,RS,Sul,53.75,46.0,0.9393586464686209,Critico,80.0,5.666666666666667,0
São José do Brejo do Cruz - PB,2514651,PB,Nordeste,40.0,30.0,0.9392834652834653,Critico,80.0,8.333333333333334,1
União - PI,2211100,PI,Nordeste,26.82,35.21,0.9392834652834653,Critico,80.0,7.465,1
São Domingos do Azeitão - MA,2110658,MA,Nordeste,22.32,36.83,0.9392834652834653,Critico,80.0,7.195,1
Major Isidoro - AL,2704401,AL,Nordeste,40.07,37.84,0.9392834652834653,Critico,80.0,7.026666666666666,1
São Miguel do Tapuio - PI,2210409,PI,Nordeste,29.86,45.19,0.9392834652834653,Critico,80.0,5.801666666666667,1
São Bento - PB,2513901,PB,Nordeste,42.46,46.87,0.9392834652834653,Critico,80.0,5.521666666666667,1
Natividade - TO,1714203,TO,Norte,28.21,43.89,0.9386071603104789,Critico,80.0,6.0183333333333335,2
Gravatá - PE,2606408,PE,Nordeste,42.26,43.1,0.93764257422794,Critico,80.0,6.1499999999999995,1
Conceição do Almeida - BA,2908309,BA,Nordeste,53.85,41.18,0.9375757575757577,Critico,80.0,6.47,1
Canarana - MT,5102702,MT,Centro-Oeste,34.74,42.06,0.9370385825467793,Critico,80.0,6.323333333333333,0
Esteio - RS,4307708,RS,Sul,61.82,46.6,0.9356374038977293,Critico,80.0,5.566666666666666,0
Esperantina - TO,1707405,TO,Norte,40.82,47.82,0.9355378610460576,Critico,80.0,5.363333333333333,1
Pedrinhas - SE,2805109,SE,Nordeste,14.81,11.52,0.9354126008326829,Critico,80.0,11.413333333333334,1
Capão da Canoa - RS,4304630,RS,Sul,46.77,37.4,0.9353748370781556,Critico,80.0,7.1000000000000005,0
Paripiranga - BA,2923803,BA,Nordeste,51.85,39.8,0.9346753246753247,Critico,80.0,6.7,1
Cardoso Moreira - RJ,3301157,RJ,Sudeste,31.94,34.97,0.9343517378215654,Critico,80.0,7.505,2
Serra de São Bento - RN,2413300,RN,Nordeste,26.92,42.09,0.9343517378215654,Critico,80.0,6.3183333333333325,1
Coari - AM,1301209,AM,Norte,47.15,40.77,0.93409828009828,Critico,80.0,6.538333333333333,1
Santa Maria do Pará - PA,1506609,PA,Norte,39.55,39.79,0.933859126984127,Critico,80.0,6.701666666666667,1
Lajes Pintadas - RN,2406809,RN,Nordeste,27.97,47.42,0.933859126984127,Critico,80.0,5.43,1
Itamari - BA,2915700,BA,Nordeste,59.67,36.76,0.933813222065438,Critico,80.0,7.206666666666667,1
Tabatinga - AM,1304062,AM,Norte,43.9,40.36,0.933813222065438,Critico,80.0,6.6066666666666665,1
Xinguara - PA,1508407,PA,Norte,49.86,49.27,0.93333014354067,Critico,80.0,5.121666666666666,0
Ibitiara - BA,2913002,BA,Nordeste,62.17,37.36,0.9326919798019542,Critico,80.0,7.1066666666666665,1
Lagoa d'Anta - RN,2406205,RN,Nordeste,24.79,29.12,0.9323632578714545,Critico,80.0,8.479999999999999,1
Ladário - MS,5005202,MS,Centro-Oeste,25.17,33.36,0.9297987306112752,Critico,80.0,7.773333333333333,0
Tangará - RN,2414001,RN,Nordeste,42.7,39.88,0.9291563593203399,Critico,80.0,6.6866666666666665,1
Palestina do Pará - PA,1505494,PA,Norte,33.8,44.75,0.9291563593203399,Critico,80.0,5.875,1
Três Coroas - RS,4321709,RS,Sul,55.48,42.2,0.9291309346391312,Critico,80.0,6.3,2
Feliz Deserto - AL,2702702,AL,Nordeste,37.55,45.9,0.9291309346391312,Critico,80.0,5.683333333333334,1
Dom Pedrito - RS,4306601,RS,Sul,62.23,47.8,0.9291309346391312,Critico,80.0,5.366666666666667,0
Lajeado - RS,4311403,RS,Sul,72.19,48.2,0.9291309346391312,Critico,80.0,5.3,0
Pium - TO,1717503,TO,Norte,21.88,43.07,0.9289647372169532,Critico,80.0,6.155,2
Taipu - RN,2413904,RN,Nordeste,35.92,37.29,0.9280998434189923,Critico,80.0,7.118333333333333,1
Tocantinópolis - TO,1721208,TO,Norte,34.41,35.44,0.9280551415797318,Critico,80.0,7.426666666666667,2
Muniz Ferreira - BA,2922201,BA,Nordeste,45.91,41.27,0.9272175279317276,Critico,80.0,6.454999999999999,1
Inhangapi - PA,1503408,PA,Norte,21.83,45.41,0.9271465553987712,Critico,80.0,5.765000000000001,1
Macambira - SE,2803708,SE,Nordeste,38.3,29.17,0.9268954781234366,Critico,80.0,8.471666666666666,1
Capão do Leão - RS,4304663,RS,Sul,49.19,29.8,0.9267106227106228,Critico,80.0,8.366666666666667,2
Divina Pastora - SE,2802007,SE,Nordeste,39.34,19.53,0.9264772951107106,Critico,80.0,10.078333333333333,2
Caçapava do Sul - RS,4302808,RS,Sul,60.31,47.9,0.9263571065541758,Critico,80.0,5.3500000000000005,0
Dom Basílio - BA,2910107,BA,Nordeste,48.34,42.74,0.9251809590246982,Critico,80.0,6.21,1
Uruçuí - PI,2211209,PI,Nordeste,27.78,31.55,0.9239239810756839,Critico,80.0,8.075000000000001,2
Sant'Ana do Livramento - RS,4317103,RS,Sul,56.26,47.9,0.9235360195360194,Critico,80.0,5.3500000000000005,0
Sítio Novo - RN,2413706,RN,Nordeste,28.73,48.74,0.9233918042043487,Critico,80.0,5.21,1
Lagoa do Tocantins - TO,1711951,TO,Norte,20.75,15.09,0.9212489470614915,Critico,80.0,10.818333333333333,1
Jandaíra - BA,2917904,BA,Nordeste,50.51,36.08,0.9211936697182599,Critico,80.0,7.32,1
Senador Georgino Avelino - RN,2413201,RN,Nordeste,23.89,27.46,0.9204442381082186,Critico,80.0,8.756666666666666,1
Santa Luzia do Norte - AL,2707909,AL,Nordeste,31.87,38.52,0.9204442381082186,Critico,80.0,6.913333333333333,1
Paraná - RN,2408607,RN,Nordeste,48.35,27.59,0.9192834652834654,Critico,80.0,8.735,1
Morpará - BA,2921609,BA,Nordeste,31.78,28.89,0.9192834652834654,Critico,80.0,8.518333333333333,1
Marituba - PA,1504422,PA,Norte,57.34,48.97,0.9186689912962072,Critico,80.0,5.171666666666667,0
Feira da Mata - BA,2910776,BA,Nordeste,55.73,45.45,0.9185153287258551,Critico,80.0,5.758333333333333,1
Malhada dos Bois - SE,2803807,SE,Nordeste,40.0,37.63,0.9184334217090665,Critico,80.0,7.0616666666666665,1
Filadélfia - TO,1707702,TO,Norte,11.95,12.63,0.9180360475657228,Critico,80.0,11.228333333333333,1
Itatuba - PB,2507200,PB,Nordeste,23.32,36.64,0.9177968891012369,Critico,80.0,7.226666666666667,1
Francisco Santos - PI,2204204,PI,Nordeste,43.94,48.78,0.9171338932806323,Critico,80.0,5.203333333333333,1
Almas - TO,1700400,TO,Norte,15.92,48.18,0.916899630541872,Critico,80.0,5.303333333333334,2
Muribeca - SE,2804300,SE,Nordeste,10.0,22.01,0.9160662972085385,Critico,80.0,9.665,1
São João do Paraíso - MA,2111052,MA,Nordeste,33.48,43.97,0.9159164619164619,Critico,80.0,6.005,1
Tobias Barreto - SE,2807402,SE,Nordeste,42.39,46.26,0.9159164619164619,Critico,80.0,5.623333333333334,1
Conceição do Tocantins - TO,1705607,TO,Norte,27.6,35.8,0.915664552249918,Critico,80.0,7.366666666666667,1
Jaguarão - RS,4311007,RS,Sul,63.56,47.3,0.9148001584472173,Critico,80.0,5.45,0
Portão - RS,4314803,RS,Sul,56.04,39.8,0.9147788443440618,Critico,80.0,6.7,0
Apicum-Açu - MA,2100832,MA,Nordeste,31.51,39.08,0.9146437346437347,Critico,80.0,6.82,1
Passo Fundo - RS,4314100,RS,Sul,58.68,36.5,0.9145645658689137,Critico,80.0,7.25,0
Santa Maria - RS,4316907,RS,Sul,64.84,40.3,0.9145645658689137,Critico,80.0,6.616666666666667,0
Marau - RS,4311809,RS,Sul,67.83,46.2,0.9145645658689137,Critico,80.0,5.633333333333333,0
Erechim - RS,4307005,RS,Sul,66.14,46.7,0.9145645658689137,Critico,80.0,5.55,0
Pedro II - PI,2207900,PI,Nordeste,25.09,41.98,0.9143092408946067,Critico,80.0,6.336666666666667,1
Tonantins - AM,1304237,AM,Norte,45.93,30.02,0.9142904589371981,Critico,80.0,8.33,1
Japaratinga - AL,2703601,AL,Nordeste,23.07,27.69,0.9140121285511091,Critico,80.0,8.718333333333334,1
Uruguaiana - RS,4322400,RS,Sul,60.94,45.7,0.9140121285511091,Critico,80.0,5.716666666666666,0
Manaquiri - AM,1302553,AM,Norte,49.88,20.56,0.9137306397306398,Critico,80.0,9.906666666666666,1
Cedro de São João - SE,2801603,SE,Nordeste,22.22,45.3,0.9131991669791771,Critico,80.0,5.783333333333334,1
Santa Cruz do Sul - RS,4316808,RS,Sul,69.79,48.4,0.9124217087260564,Critico,80.0,5.266666666666667,0
Monte das Gameleiras - RN,2407906,RN,Nordeste,33.36,32.92,0.9122881129749574,Critico,80.0,7.846666666666667,1
Gravataí - RS,4309209,RS,Sul,62.99,40.5,0.9120792674993494,Critico,80.0,6.583333333333333,0
Cachoeirinha - RS,4303103,RS,Sul,59.56,40.5,0.9120792674993494,Critico,80.0,6.583333333333333,0
Cachoeira do Sul - RS,4303004,RS,Sul,59.11,40.5,0.9120792674993494,Critico,80.0,6.583333333333333,0
Estância Velha - RS,4307609,RS,Sul,67.66,43.4,0.9120792674993494,Critico,80.0,6.1000000000000005,0
Sapiranga - RS,4319901,RS,Sul,69.82,43.8,0.9120792674993494,Critico,80.0,6.033333333333334,0
São Gonçalo - RJ,3304904,RJ,Sudeste,45.67,43.71,0.9120023246295406,Critico,80.0,6.048333333333333,0
Porto - PI,2208502,PI,Nordeste,40.12,36.04,0.9118599599497674,Critico,80.0,7.326666666666667,1
Maetinga - BA,2919959,BA,Nordeste,60.98,47.37,0.9107636157006731,Critico,80.0,5.4383333333333335,1
Magé - RJ,3302502,RJ,Sudeste,46.26,46.66,0.9091837813977376,Critico,80.0,5.5566666666666675,0
Amarante - PI,2200509,PI,Nordeste,22.26,32.94,0.9091636437026243,Critico,80.0,7.843333333333334,1
Xangri-lá - RS,4323804,RS,Sul,56.84,37.9,0.9085266266164341,Critico,80.0,7.016666666666667,0
Tefé - AM,1304203,AM,Norte,48.45,43.78,0.9073454618844424,Critico,80.0,6.036666666666666,1
Wagner - BA,2933406,BA,Nordeste,53.42,45.0,0.9064533613548672,Critico,80.0,5.833333333333333,1
Crisópolis - BA,2909604,BA,Nordeste,50.31,43.05,0.9063679691030856,Critico,80.0,6.158333333333334,1
Urandi - BA,2932606,BA,Nordeste,59.24,40.54,0.9058532988750381,Critico,80.0,6.576666666666667,1
Carmolândia - TO,1703883,TO,Norte,25.12,27.47,0.9051584922109178,Critico,80.0,8.755,2
Capitão Poço - PA,1502301,PA,Norte,50.98,48.98,0.9047947161984903,Critico,80.0,5.170000000000001,1
Mangaratiba - RJ,3302601,RJ,Sudeste,47.54,40.95,0.9047150484907922,Critico,80.0,6.508333333333333,0
Osório - RS,4313508,RS,Sul,63.66,42.3,0.9046305227203304,Critico,80.0,6.283333333333334,0
Arroio do Sal - RS,4301057,RS,Sul,67.46,46.5,0.903573581590823,Critico,80.0,5.583333333333333,0
Vacaria - RS,4322509,RS,Sul,70.77,41.3,0.9032104698947856,Critico,80.0,6.45,0
Mutuípe - BA,2922409,BA,Nordeste,58.37,48.92,0.9031258211800866,Critico,80.0,5.18,1
Rio Sono - TO,1718758,TO,Norte,27.83,26.8,0.9013788379642037,Critico,80.0,8.866666666666667,1
Balneário Pinhal - RS,4301636,RS,Sul,58.38,43.6,0.8985153287258552,Critico,80.0,6.066666666666666,0
Butiá - RS,4302709,RS,Sul,59.53,45.1,0.8985153287258552,Critico,80.0,5.816666666666666,2
Taquari - RS,4321303,RS,Sul,61.7,25.6,0.8977935532136352,Critico,80.0,9.066666666666666,0
Nilópolis - RJ,3303203,RJ,Sudeste,44.36,47.32,0.8961633515834336,Critico,80.0,5.446666666666666,0
Maurilândia do Tocantins - TO,1712801,TO,Norte,19.32,20.67,0.8959449668784216,Critico,80.0,9.888333333333334,1
São Miguel - RN,2412500,RN,Nordeste,39.84,44.85,0.8954636884854276,Critico,80.0,5.858333333333333,1
Novo Acordo - TO,1715101,TO,Norte,39.24,36.09,0.8953229958447351,Critico,80.0,7.3183333333333325,2
Manacapuru - AM,1302504,AM,Norte,48.61,39.48,0.8951483253588517,Critico,80.0,6.753333333333334,1
Juripiranga - PB,2507903,PB,Nordeste,46.31,45.74,0.8951483253588517,Critico,80.0,5.71,1
Quaraí - RS,4315305,RS,Sul,65.88,46.6,0.8948001584472174,Critico,80.0,5.566666666666666,0
Guapimirim - RJ,3301850,RJ,Sudeste,50.19,47.75,0.8948001584472174,Critico,80.0,5.375,0
São Fidélis - RJ,3304805,RJ,Sudeste,39.79,48.7,0.8937306397306397,Critico,80.0,5.216666666666666,0
Nova Hartz - RS,4313060,RS,Sul,73.14,45.1,0.8936454849498328,Critico,80.0,5.816666666666666,2
São Félix do Araguaia - MT,5107859,MT,Centro-Oeste,34.84,33.38,0.8934301200154857,Critico,80.0,7.77,2
Nova Olinda do Norte - AM,1303106,AM,Norte,51.78,37.34,0.8932843399192972,Critico,80.0,7.109999999999999,1
Dois Irmãos do Buriti - MS,5003488,MS,Centro-Oeste,38.16,39.87,0.8929549285459825,Critico,80.0,6.6883333333333335,2
Japorã - MS,5004809,MS,Centro-Oeste,21.39,44.21,0.8919410815173527,Critico,80.0,5.965,1
Tracuateua - PA,1508035,PA,Norte,48.47,37.16,0.8915463621345975,Critico,80.0,7.140000000000001,1
Sampaio - TO,1718808,TO,Norte,43.61,43.25,0.8914572110961118,Critico,80.0,6.125,1
Restinga Sêca - RS,4315503,RS,Sul,60.96,42.4,0.8914331550802139,Critico,80.0,6.266666666666667,2
São Francisco de Itabapoana - RJ,3304755,RJ,Sudeste,43.51,47.47,0.8914331550802139,Critico,80.0,5.421666666666667,1
Itacoatiara - AM,1301902,AM,Norte,53.45,49.37,0.8914331550802139,Critico,80.0,5.105,0
Bagé - RS,4301602,RS,Sul,59.6,43.3,0.8912333935337274,Critico,80.0,6.116666666666667,0
Mirante - BA,2921450,BA,Nordeste,52.17,46.15,0.8908917786268951,Critico,80.0,5.641666666666667,1
Almirante Tamandaré - PR,4100400,PR,Sul,52.44,45.12,0.8908541249956136,Critico,80.0,5.8133333333333335,0
Taguatinga - TO,1720903,TO,Norte,38.31,42.45,0.8903636363636365,Critico,80.0,6.258333333333333,1
Santa Cecília - PB,2513158,PB,Nordeste,13.38,48.11,0.8899435303039643,Critico,80.0,5.315,1
Caseara - TO,1703909,TO,Norte,17.04,31.53,0.8897329337329337,Critico,80.0,8.078333333333333,2
Pedro Osório - RS,4314209,RS,Sul,67.96,34.3,0.8893974358974358,Critico,80.0,7.616666666666667,2
Monte Alegre - PA,1504802,PA,Norte,53.95,46.69,0.8884339473023051,Critico,80.0,5.551666666666667,1
Montenegro - RS,4312401,RS,Sul,64.42,43.0,0.8859359748164227,Critico,80.0,6.166666666666667,0
Caxias do Sul - RS,4305108,RS,Sul,67.47,43.6,0.8859359748164227,Critico,80.0,6.066666666666666,0
Torres - RS,4321501,RS,Sul,64.71,47.9,0.8859359748164227,Critico,80.0,5.3500000000000005,0
Botuporã - BA,2904209,BA,Nordeste,62.08,47.37,0.8852718832891247,Critico,80.0,5.4383333333333335,1
Triunfo Potiguar - RN,2414456,RN,Nordeste,24.71,10.95,0.8848440448440449,Critico,80.0,11.508333333333333,1
Itambé - PE,2607653,PE,Nordeste,48.56,43.31,0.884650823697107,Critico,80.0,6.114999999999999,1
Dom Feliciano - RS,4306502,RS,Sul,63.58,43.7,0.884650823697107,Critico,80.0,6.05,2
Bonito - PA,1501600,PA,Norte,37.01,32.2,0.884548951048951,Critico,80.0,7.966666666666666,1
Itabi - SE,2803104,SE,Nordeste,19.35,33.65,0.8840705141041557,Critico,80.0,7.7250000000000005,1
Anapu - PA,1500859,PA,Norte,48.76,48.45,0.8837674402891794,Critico,80.0,5.258333333333333,1
Milton Brandão - PI,2206357,PI,Nordeste,37.5,33.33,0.8836730634132381,Critico,80.0,7.778333333333333,1
Calçoene - AP,1600204,AP,Norte,35.34,40.24,0.8829166667977448,Critico,80.0,6.626666666666666,1
Rio do Antônio - BA,2926806,BA,Nordeste,62.54,43.82,0.8827307692307691,Critico,80.0,6.03,1
Lucena - PB,2508604,PB,Nordeste,47.19,44.96,0.8814556884013311,Critico,80.0,5.84,1
Barra do Piraí - RJ,3300308,RJ,Sudeste,45.28,48.01,0.8805525166355676,Critico,80.0,5.331666666666667,0
Guarujá - SP,3518701,SP,Sudeste,45.93,48.38,0.8796425165630133,Critico,80.0,5.27,0
Pedra Grande - RN,2409506,RN,Nordeste,45.48,44.5,0.8778486605147393,Critico,80.0,5.916666666666667,1
São Miguel do Aleixo - SE,2807006,SE,Nordeste,38.64,46.34,0.8772426014531277,Critico,80.0,5.609999999999999,1
Lindolfo Collor - RS,4311627,RS,Sul,69.65,39.0,0.8767973033081635,Critico,80.0,6.833333333333333,2
São Gonçalo do Amarante - RN,2412005,RN,Nordeste,51.1,33.42,0.8766423839537717,Critico,80.0,7.763333333333333,0
Centro Novo do Maranhão - MA,2103174,MA,Nordeste,40.03,36.86,0.8766423839537717,Critico,80.0,7.19,1
Campina Grande - PB,2504009,PB,Nordeste,42.8,48.79,0.8738755980861244,Critico,80.0,5.201666666666667,0
Bento Fernandes - RN,2401602,RN,Nordeste,14.89,29.29,0.8737852410966289,Critico,80.0,8.451666666666666,1
São Gabriel - RS,4318309,RS,Sul,62.74,39.1,0.87352743117449,Critico,80.0,6.816666666666666,0
Codajás - AM,1301308,AM,Norte,49.8,48.37,0.8723110447421532,Critico,80.0,5.271666666666667,1
Cruz do Espírito Santo - PB,2504900,PB,Nordeste,54.48,47.63,0.8711752136752136,Critico,80.0,5.395,1
Santa Maria do Tocantins - TO,1718881,TO,Norte,24.56,39.73,0.8709308890087784,Critico,80.0,6.711666666666667,2
Marianópolis do Tocantins - TO,1712504,TO,Norte,24.15,36.72,0.8704209799861975,Critico,80.0,7.213333333333334,2
Isaías Coelho - PI,2204907,PI,Nordeste,27.85,34.44,0.8701681875992959,Critico,80.0,7.593333333333334,1
São Vicente - SP,3551009,SP,Sudeste,42.77,48.22,0.8701604278074866,Critico,80.0,5.296666666666667,0
Carazinho - RS,4304705,RS,Sul,69.3,46.5,0.8700200589005067,Critico,80.0,5.583333333333333,0
Taboão da Serra - SP,3552809,SP,Sudeste,45.35,49.2,0.8700200589005067,Critico,80.0,5.133333333333333,0
Itaguatins - TO,1710706,TO,Norte,32.53,18.09,0.8690909090909091,Critico,80.0,10.318333333333333,1
São Borja - RS,4318002,RS,Sul,63.44,48.2,0.8690909090909091,Critico,80.0,5.3,0
Penedo - AL,2706703,AL,Nordeste,40.64,43.12,0.8688617265087852,Critico,80.0,6.146666666666667,1
Tapejara - RS,4320909,RS,Sul,71.12,47.3,0.8688617265087852,Critico,80.0,5.45,0
Condado - PE,2604601,PE,Nordeste,45.57,43.24,0.8681545981882399,Critico,80.0,6.126666666666666,1
Barra de Santana - PB,2501575,PB,Nordeste,28.04,49.18,0.867764830665986,Critico,80.0,5.136666666666667,1
Timbiras - MA,2112100,MA,Nordeste,41.93,44.63,0.8676982845748897,Critico,80.0,5.895,1
Várzea - RN,2414704,RN,Nordeste,17.25,45.68,0.867466825113884,Critico,80.0,5.72,1
Barcelos - AM,1300409,AM,Norte,54.48,45.31,0.8671310695291303,Critico,80.0,5.781666666666666,1
Novo Repartimento - PA,1505064,PA,Norte,55.6,47.88,0.8661194653299917,Critico,80.0,5.353333333333333,1
Chuí - RS,4305439,RS,Sul,62.64,45.9,0.8660856326709986,Critico,80.0,5.683333333333334,0
Monte Santo do Tocantins - TO,1713700,TO,Norte,29.33,44.77,0.8650098821366428,Critico,80.0,5.871666666666666,2
Santa Rosa de Lima - SE,2806503,SE,Nordeste,25.0,26.74,0.8642812742812742,Critico,80.0,8.876666666666667,1
Rodolfo Fernandes - RN,2411007,RN,Nordeste,25.25,45.23,0.8642812742812742,Critico,80.0,5.795000000000001,1
Pinheiro Machado - RS,4314506,RS,Sul,66.15,45.7,0.863812717256606,Critico,80.0,5.716666666666666,2
Riacho da Cruz - RN,2410702,RN,Nordeste,20.95,37.5,0.8626000915122397,Critico,80.0,7.083333333333333,1
São Joaquim - SC,4216503,SC,Sul,42.08,43.8,0.8625030749341832,Critico,80.0,6.033333333333334,2
Baía da Traição - PB,2501401,PB,Nordeste,21.73,44.76,0.8624630924630925,Critico,80.0,5.873333333333334,1
Miracema do Tocantins - TO,1713205,TO,Norte,41.54,46.42,0.8624630924630925,Critico,80.0,5.596666666666667,0
Vereda - BA,2933257,BA,Nordeste,67.84,35.85,0.8622906546193783,Critico,80.0,7.358333333333333,1
Pelotas - RS,4314407,RS,Sul,51.52,39.3,0.8622906546193783,Critico,80.0,6.783333333333334,0
São Sebastião da Boa Vista - PA,1507706,PA,Norte,48.08,47.41,0.8622906546193783,Critico,80.0,5.4316666666666675,1
Juarina - TO,1711803,TO,Norte,35.36,49.1,0.8622906546193783,Critico,80.0,5.1499999999999995,1
Guarulhos - SP,3518800,SP,Sudeste,44.51,49.23,0.8616694416694415,Critico,80.0,5.128333333333334,0
Pedro Laurentino - PI,2207934,PI,Nordeste,37.77,47.35,0.8613724715829978,Critico,80.0,5.441666666666666,1
Muricilândia - TO,1713957,TO,Norte,17.89,49.28,0.85927075170186,Critico,80.0,5.12,1
Messias Targino - RN,2407609,RN,Nordeste,17.11,26.32,0.8586549782571857,Critico,80.0,8.946666666666667,1
Pantano Grande - RS,4313953,RS,Sul,75.3,29.0,0.8566833751044278,Critico,80.0,8.5,2
Juarez Távora - PB,2507606,PB,Nordeste,28.86,35.79,0.854944784356549,Critico,80.0,7.368333333333333,1
Benjamin Constant - AM,1300607,AM,Norte,42.52,38.24,0.8539393939393939,Critico,80.0,6.96,1
Telha - SE,2807303,SE,Nordeste,17.39,42.47,0.8534377535385989,Critico,80.0,6.255,1
Arroio dos Ratos - RS,4301107,RS,Sul,32.24,40.8,0.8530001772107034,Critico,80.0,6.533333333333334,2
Rio dos Bois - TO,1718709,TO,Norte,17.52,46.58,0.8530001772107034,Critico,80.0,5.57,2
Santa Rosa do Tocantins - TO,1718907,TO,Norte,20.86,36.92,0.8526520102990691,Critico,80.0,7.18,2
Júlio de Castilhos - RS,4311205,RS,Sul,59.63,41.7,0.8524794202213558,Critico,80.0,6.383333333333333,0
São Francisco de Assis do Piauí - PI,2209658,PI,Nordeste,33.64,36.86,0.8516490501616361,Critico,80.0,7.19,1
Aparecida do Rio Negro - TO,1701101,TO,Norte,30.07,35.78,0.8515824915824917,Critico,80.0,7.37,2
São José do Norte - RS,4318507,RS,Sul,57.28,41.4,0.8513919638230721,Critico,80.0,6.433333333333334,2
Araguanã - TO,1702158,TO,Norte,37.72,37.81,0.8511593169026745,Critico,80.0,7.031666666666666,2
Maracaju - MS,5005400,MS,Centro-Oeste,40.62,46.55,0.8511593169026745,Critico,80.0,5.575,0
Grajaú - MA,2104800,MA,Nordeste,42.36,45.8,0.8506285832946622,Critico,80.0,5.7,1
Minador do Negrão - AL,2705309,AL,Nordeste,30.02,27.99,0.8502216891021369,Critico,80.0,8.668333333333335,1
Bento Gonçalves - RS,4302105,RS,Sul,74.0,49.0,0.8498141074611663,Critico,80.0,5.166666666666667,0
Acari - RN,2400109,RN,Nordeste,44.07,38.21,0.8496059496059496,Critico,80.0,6.965,2
Brasileira - PI,2201960,PI,Nordeste,33.17,42.58,0.8496059496059496,Critico,80.0,6.236666666666667,1
Cerro Grande do Sul - RS,4305173,RS,Sul,58.43,42.8,0.8496059496059496,Critico,80.0,6.2,2
Macapá - AP,1600303,AP,Norte,41.73,44.85,0.8492850069320659,Critico,80.0,5.858333333333333,0
São Mamede - PB,2514909,PB,Nordeste,37.65,49.02,0.8486506655272705,Critico,80.0,5.163333333333333,1
Barra do Ouro - TO,1703073,TO,Norte,11.92,18.26,0.8482154882154882,Critico,80.0,10.29,1
Duque de Caxias - RJ,3301702,RJ,Sudeste,47.15,45.37,0.8463747387034622,Critico,80.0,5.771666666666667,0
Batalha - PI,2201507,PI,Nordeste,43.66,46.97,0.8463747387034622,Critico,80.0,5.505,1
Lagoa de Pedras - RN,2406304,RN,Nordeste,47.72,28.89,0.8454690524055554,Critico,80.0,8.518333333333333,1
Parazinho - RN,2408805,RN,Nordeste,47.0,28.27,0.8448290822601907,Critico,80.0,8.621666666666668,1
Paraty - RJ,3303807,RJ,Sudeste,50.72,48.89,0.8443575209787614,Critico,80.0,5.185,0
Mateiros - TO,1712702,TO,Norte,27.59,9.09,0.844338734805325,Critico,80.0,11.818333333333333,2
Caldas Brandão - PB,2503803,PB,Nordeste,54.92,32.4,0.84335339223384,Critico,80.0,7.933333333333334,1
Mostardas - RS,4312500,RS,Sul,49.68,40.3,0.8432105989539569,Critico,80.0,6.616666666666667,2
Abreu e Lima - PE,2600054,PE,Nordeste,47.44,46.4,0.8432105989539569,Critico,80.0,5.6000000000000005,0
São Francisco de Paula - RS,4318200,RS,Sul,62.28,44.0,0.8424403124739541,Critico,80.0,6.0,2
Pau D'Arco - PA,1505551,PA,Norte,50.65,48.91,0.8424403124739541,Critico,80.0,5.1816666666666675,1
Pombos - PE,2611309,PE,Nordeste,46.95,40.45,0.8423973025703464,Critico,80.0,6.591666666666666,1
Limoeiro de Anadia - AL,2704203,AL,Nordeste,43.45,44.61,0.8423973025703464,Critico,80.0,5.898333333333333,1
Catende - PE,2604205,PE,Nordeste,44.6,21.83,0.8388467439586431,Critico,80.0,9.695,1
Bom Retiro - SC,4202602,SC,Sul,38.12,46.31,0.8388467439586431,Critico,80.0,5.614999999999999,2
Porto do Mangue - RN,2410256,RN,Nordeste,58.35,42.47,0.8385043338081688,Critico,80.0,6.255,1
Jundiá - RN,2406155,RN,Nordeste,54.55,33.33,0.8368962811068075,Critico,80.0,7.778333333333333,1
Coribe - BA,2909109,BA,Nordeste,47.33,30.71,0.8352266018699019,Critico,80.0,8.215,1
Pedra Mole - SE,2805000,SE,Nordeste,47.62,47.76,0.8350802656158937,Critico,80.0,5.373333333333334,1
Lucrécia - RN,2406908,RN,Nordeste,22.8,42.86,0.8342423381544863,Critico,80.0,6.19,1
Vila Flor - RN,2415008,RN,Nordeste,19.38,39.06,0.833558254610886,Critico,80.0,6.823333333333333,1
Bom Jesus - RS,4302303,RS,Sul,75.27,41.6,0.8331789641727619,Critico,80.0,6.3999999999999995,2
São João do Tigre - PB,2514107,PB,Nordeste,36.73,48.38,0.8329059829059828,Critico,80.0,5.27,1
Amapá do Maranhão - MA,2100550,MA,Nordeste,22.97,43.0,0.8313368983957219,Critico,80.0,6.166666666666667,1
Feliz - RS,4308102,RS,Sul,72.83,46.1,0.831267357583147,Critico,80.0,5.6499999999999995,2
Mojuí dos Campos - PA,1504752,PA,Norte,55.19,43.72,0.8303682154071244,Critico,80.0,6.046666666666667,2
Igrejinha - RS,4310108,RS,Sul,77.71,47.7,0.8300831565848664,Critico,80.0,5.383333333333333,0
Tomar do Geru - SE,2807501,SE,Nordeste,42.86,40.43,0.8298910675381265,Critico,80.0,6.595,1
Santa Luzia do Pará - PA,1506559,PA,Norte,56.45,39.77,0.8293086093422509,Critico,80.0,6.704999999999999,1
Rafael Fernandes - RN,2410504,RN,Nordeste,36.8,39.27,0.8289386865857455,Critico,80.0,6.788333333333333,1
Pracuúba - AP,1600550,AP,Norte,36.41,30.66,0.8278691678691679,Critico,80.0,8.223333333333334,1
Campo Bom - RS,4303905,RS,Sul,77.45,45.9,0.8278691678691679,Critico,80.0,5.683333333333334,0
Olho d'Água do Borges - RN,2408409,RN,Nordeste,24.17,30.77,0.8268742571195071,Critico,80.0,8.205,1
São Domingos do Araguaia - PA,1507151,PA,Norte,46.05,40.37,0.8262175335169168,Critico,80.0,6.605,1
Colares - PA,1502608,PA,Norte,54.39,37.22,0.8223396509841642,Critico,80.0,7.13,1
Jundiá - AL,2703908,AL,Nordeste,34.6,44.34,0.8223396509841642,Critico,80.0,5.9433333333333325,1
Coronel João Pessoa - RN,2402907,RN,Nordeste,23.86,47.83,0.8223396509841642,Critico,80.0,5.361666666666667,1
Morro do Chapéu do Piauí - PI,2206670,PI,Nordeste,28.84,40.04,0.8214429299864001,Critico,80.0,6.66,1
Rio da Conceição - TO,1718659,TO,Norte,17.56,19.61,0.8208180708180708,Critico,80.0,10.065,1
Paripueira - AL,2706448,AL,Nordeste,53.42,35.8,0.8208180708180708,Critico,80.0,7.366666666666667,1
Pedra Preta - RN,2409605,RN,Nordeste,42.11,37.5,0.8178936078936079,Critico,80.0,7.083333333333333,1
Taquara - RS,4321204,RS,Sul,61.27,45.0,0.8178554740509647,Critico,80.0,5.833333333333333,0
Jaramataia - AL,2703700,AL,Nordeste,36.05,40.27,0.8178083001033821,Critico,80.0,6.621666666666666,1
Avelino Lopes - PI,2201101,PI,Nordeste,40.98,44.97,0.8178083001033821,Critico,80.0,5.838333333333334,1
Quatipuru - PA,1506112,PA,Norte,48.89,47.3,0.8178083001033821,Critico,80.0,5.45,1
Cachoeiras de Macacu - RJ,3300803,RJ,Sudeste,50.58,49.28,0.8178083001033821,Critico,80.0,5.12,0
Ananás - TO,1701002,TO,Norte,39.94,46.69,0.8173279223668312,Critico,80.0,5.551666666666667,2
Hulha Negra - RS,4309654,RS,Sul,72.82,36.4,0.8171615051615051,Critico,80.0,7.266666666666667,2
Barra do Ribeiro - RS,4301909,RS,Sul,67.68,31.6,0.8170581972312411,Critico,80.0,8.066666666666666,2
Araricá - RS,4300877,RS,Sul,75.69,43.5,0.8170581972312411,Critico,80.0,6.083333333333333,2
Lavras do Sul - RS,4311502,RS,Sul,57.89,45.7,0.8170581972312411,Critico,80.0,5.716666666666666,2
Mata Grande - AL,2705002,AL,Nordeste,40.11,42.45,0.8164136119482894,Critico,80.0,6.258333333333333,1
Sinimbu - RS,4320677,RS,Sul,69.64,36.3,0.8162795425073238,Critico,80.0,7.283333333333334,2
Ielmo Marinho - RN,2404606,RN,Nordeste,43.61,30.36,0.8151158645276292,Critico,80.0,8.273333333333333,1
Bom Jesus do Tocantins - TO,1703305,TO,Norte,26.13,28.56,0.8150671774982859,Critico,80.0,8.573333333333332,2
Brejo de Areia - MA,2102150,MA,Nordeste,33.25,49.3,0.8128692049283522,Critico,80.0,5.116666666666667,1
Pindoba - AL,2707008,AL,Nordeste,29.05,48.15,0.8112262585284897,Critico,80.0,5.308333333333334,1
Cachoeira do Arari - PA,1502004,PA,Norte,57.05,35.33,0.8107861771356083,Critico,80.0,7.445,1
Curuá - PA,1502855,PA,Norte,37.54,42.47,0.8089629914362254,Critico,80.0,6.255,1
Ipueiras - TO,1709807,TO,Norte,27.27,21.43,0.8079679066957578,Critico,80.0,9.761666666666667,2
Vera Cruz - RS,4322707,RS,Sul,70.46,44.5,0.8076220373861027,Critico,80.0,5.916666666666667,2
Itajá - RN,2404853,RN,Nordeste,56.95,40.01,0.8071395506631903,Critico,80.0,6.665,1
Luzinópolis - TO,1712454,TO,Norte,25.0,48.91,0.8071065457174171,Critico,80.0,5.1816666666666675,1
Aguiarnópolis - TO,1700301,TO,Norte,25.2,40.89,0.8058454469048716,Critico,80.0,6.5183333333333335,2
Coronel Ezequiel - RN,2402808,RN,Nordeste,40.66,32.68,0.8057736458072874,Critico,80.0,7.886666666666667,1
Dirceu Arcoverde - PI,2203354,PI,Nordeste,33.24,11.96,0.8056059496059496,Critico,80.0,11.339999999999998,1
Boa Vista do Incra - RS,4302238,RS,Sul,71.3,26.6,0.8055828908729158,Critico,80.0,8.9,2
Caxingó - PI,2202653,PI,Nordeste,20.36,46.21,0.8051495345612993,Critico,80.0,5.631666666666667,1
General Maynard - SE,2802502,SE,Nordeste,20.0,21.91,0.8036705904300201,Critico,80.0,9.681666666666667,1
Rochedo - MS,5007505,MS,Centro-Oeste,38.71,48.97,0.8024811655700226,Critico,80.0,5.171666666666667,2
Nonoai - RS,4312708,RS,Sul,54.7,44.6,0.8023097492980786,Critico,80.0,5.8999999999999995,2
Urucurituba - AM,1304401,AM,Norte,47.75,43.46,0.8005405405405405,Critico,80.0,6.09,1
Pau D'Arco - TO,1716307,TO,Norte,6.51,37.96,0.800141984283473,Critico,80.0,7.006666666666667,2
Almino Afonso - RN,2400604,RN,Nordeste,25.56,41.2,0.7992307692307692,Critico,80.0,6.466666666666666,1
Água Nova - RN,2400406,RN,Nordeste,33.29,39.66,0.7984615384615384,Critico,80.0,6.723333333333334,1
Jardim de Angicos - RN,2405504,RN,Nordeste,16.62,31.58,0.7976096125076763,Critico,80.0,8.07,1
Goianorte - TO,1708304,TO,Norte,53.56,40.0,0.7973398873720862,Critico,80.0,6.666666666666667,2
Bandeirantes do Tocantins - TO,1703057,TO,Norte,35.63,36.96,0.7973148373641943,Critico,80.0,7.173333333333333,2
Peixoto de Azevedo - MT,5106422,MT,Centro-Oeste,36.06,41.77,0.7967983555513908,Critico,80.0,6.371666666666666,1
Braga - RS,4302600,RS,Sul,50.59,41.1,0.7962931839402427,Critico,80.0,6.483333333333333,2
Santo Ângelo - RS,4317509,RS,Sul,63.45,42.8,0.7958010350331202,Critico,80.0,6.2,0
Manoel Viana - RS,4311759,RS,Sul,60.8,48.0,0.7955774323253123,Critico,80.0,5.333333333333333,2
São Sebastião do Caí - RS,4319505,RS,Sul,70.71,44.1,0.7932880626998274,Critico,80.0,5.983333333333333,0
Tufilândia - MA,2112274,MA,Nordeste,34.79,36.17,0.7920037247268368,Critico,80.0,7.305,1
Cumaru do Norte - PA,1502764,PA,Norte,50.13,45.2,0.7919888170277257,Critico,80.0,5.8,1
João Dias - RN,2405900,RN,Nordeste,46.15,38.89,0.791077306967626,Critico,80.0,6.851666666666667,1
Morro Cabeça no Tempo - PI,2206654,PI,Nordeste,23.7,19.39,0.7910398567832146,Critico,80.0,10.101666666666667,1
Tenente Laurentino Cruz - RN,2414159,RN,Nordeste,44.64,37.18,0.7908799381821694,Critico,80.0,7.136666666666667,1
Ponte Alta do Tocantins - TO,1717909,TO,Norte,47.6,30.99,0.7905075892354403,Critico,80.0,8.168333333333335,1
Cacimbas - PB,2503555,PB,Nordeste,32.54,47.9,0.7902351600211592,Critico,80.0,5.3500000000000005,1
Santa Tereza do Tocantins - TO,1719004,TO,Norte,48.09,24.65,0.7901151571739808,Critico,80.0,9.225,2
Catolé do Rocha - PB,2504306,PB,Nordeste,55.21,45.82,0.7897308246288884,Critico,80.0,5.696666666666666,1
Tupanciretã - RS,4322202,RS,Sul,68.26,42.9,0.7878258778258779,Critico,80.0,6.183333333333334,0
Campo Belo do Sul - SC,4203402,SC,Sul,27.65,45.29,0.7863542063864052,Critico,80.0,5.785,2
Nova Olinda - PB,2510204,PB,Nordeste,45.95,38.04,0.7848262548262548,Critico,80.0,6.993333333333333,1
Chapada de Areia - TO,1704600,TO,Norte,50.0,6.25,0.7844989142629796,Critico,80.0,12.291666666666666,1
Montanhas - RN,2407708,RN,Nordeste,58.69,44.2,0.7843063166830994,Critico,80.0,5.966666666666666,1
Vera Cruz - RN,2414803,RN,Nordeste,58.73,43.56,0.7832494172494172,Critico,80.0,6.073333333333333,1
São Vicente do Sul - RS,4319802,RS,Sul,73.71,46.3,0.7829272751421378,Critico,80.0,5.616666666666667,2
Vila Bela da Santíssima Trindade - MT,5105507,MT,Centro-Oeste,49.57,47.61,0.782219738535528,Critico,80.0,5.398333333333333,2
Palmeirante - TO,1715705,TO,Norte,9.01,31.27,0.7807334109064548,Critico,80.0,8.121666666666668,1
Araguaçu - TO,1702000,TO,Norte,44.49,40.54,0.7796835152069898,Critico,80.0,6.576666666666667,2
Araguacema - TO,1701903,TO,Norte,38.62,49.27,0.7795219082497592,Critico,80.0,5.121666666666666,2
Jari - RS,4311130,RS,Sul,61.2,36.4,0.7785047244552403,Critico,80.0,7.266666666666667,2
Estação - RS,4307559,RS,Sul,73.44,45.4,0.7772072072072073,Critico,80.0,5.766666666666667,2
Corumbá - MS,5003207,MS,Centro-Oeste,41.52,38.3,0.7742459480707871,Critico,80.0,6.95,0
Areia Branca - RN,2401107,RN,Nordeste,49.53,41.2,0.7733957095588595,Critico,80.0,6.466666666666666,0
Água Branca - AL,2700102,AL,Nordeste,47.14,48.8,0.7731153986476661,Critico,80.0,5.2,1
Santa Inês - BA,2927903,BA,Nordeste,47.34,47.31,0.7728621428943417,Critico,80.0,5.448333333333333,1
Japi - RN,2405405,RN,Nordeste,16.49,25.76,0.7680240602707307,Critico,80.0,9.04,1
Belo Jardim - PE,2601706,PE,Nordeste,49.69,43.93,0.7667156630314524,Critico,80.0,6.011666666666667,1
São Bento do Norte - RN,2411601,RN,Nordeste,57.76,32.17,0.7631521841105904,Critico,80.0,7.971666666666667,1
Amarante do Maranhão - MA,2100600,MA,Nordeste,45.63,41.33,0.7622221206858598,Critico,80.0,6.445,1
Cerro Corá - RN,2402709,RN,Nordeste,60.42,40.95,0.7617031317031318,Critico,80.0,6.508333333333333,1
Paraú - RN,2408706,RN,Nordeste,13.33,14.29,0.7610151010472999,Critico,80.0,10.951666666666668,1
Guatambú - SC,4206652,SC,Sul,47.81,42.94,0.7585714285714286,Critico,80.0,6.176666666666667,2
Guamaré - RN,2404507,RN,Nordeste,52.35,43.15,0.7576501894710879,Critico,80.0,6.141666666666667,2
Timbaúba dos Batistas - RN,2414308,RN,Nordeste,20.83,40.0,0.756909986565159,Critico,80.0,6.666666666666667,2
Brejo da Madre de Deus - PE,2602605,PE,Nordeste,52.96,48.73,0.7564650364650365,Critico,80.0,5.211666666666667,1
Juti - MS,5005152,MS,Centro-Oeste,22.63,47.67,0.756298833012829,Critico,80.0,5.388333333333333,2
Cuité de Mamanguape - PB,2505238,PB,Nordeste,10.33,22.16,0.7559125825807117,Critico,80.0,9.64,1
Gavião - BA,2911253,BA,Nordeste,60.47,47.37,0.7556640307029394,Critico,80.0,5.4383333333333335,1
Canela - RS,4304408,RS,Sul,76.13,46.8,0.7552134973646439,Critico,80.0,5.533333333333334,0
Ponte Alta do Bom Jesus - TO,1717800,TO,Norte,9.52,44.56,0.7541828029106539,Critico,80.0,5.906666666666666,1
Curral Novo do Piauí - PI,2203271,PI,Nordeste,16.11,48.34,0.7541828029106539,Critico,80.0,5.276666666666666,1
São Valério do Sul - RS,4319737,RS,Sul,71.43,46.2,0.7540840840840841,Critico,80.0,5.633333333333333,2
Laranjal do Jari - AP,1600279,AP,Norte,39.29,39.8,0.7536666995953056,Critico,80.0,6.7,0
Brejinho de Nazaré - TO,1703701,TO,Norte,38.1,49.45,0.7536666995953056,Critico,80.0,5.091666666666666,2
Nazaré - TO,1714302,TO,Norte,45.94,34.23,0.7535580541720701,Critico,80.0,7.628333333333334,1
Carrasco Bonito - TO,1703891,TO,Norte,34.09,23.86,0.752650794065807,Critico,80.0,9.356666666666667,1
Jaquirana - RS,4311122,RS,Sul,69.4,36.4,0.7513540500672404,Critico,80.0,7.266666666666667,2
Porto Alegre do Tocantins - TO,1718006,TO,Norte,7.57,37.89,0.7509868900538272,Critico,80.0,7.0183333333333335,1
Picuí - PB,2511400,PB,Nordeste,52.51,42.85,0.7500762121478685,Critico,80.0,6.191666666666666,1
Cruzeiro do Sul - RS,4306205,RS,Sul,68.21,35.2,0.749697660364327,Critico,80.0,7.466666666666666,2
Balsas - MA,2101400,MA,Nordeste,39.83,39.54,0.7493319505660704,Critico,80.0,6.743333333333333,0
Areia de Baraúnas - PB,2501153,PB,Nordeste,25.0,36.36,0.7490483214603797,Critico,80.0,7.273333333333333,1
Bodocó - PE,2602001,PE,Nordeste,45.23,47.32,0.7477777777777778,Critico,80.0,5.446666666666666,1
Tavares - RS,4321352,RS,Sul,58.58,28.9,0.7455247051798777,Critico,80.0,8.516666666666667,2
Santa Maria das Barreiras - PA,1506583,PA,Norte,53.64,42.45,0.741261126855756,Critico,80.0,6.258333333333333,1
Pescaria Brava - SC,4212650,SC,Sul,40.37,45.95,0.7398217329163621,Critico,80.0,5.675,2
Itaara - RS,4310538,RS,Sul,58.94,38.5,0.7359457208437845,Critico,80.0,6.916666666666667,2
Érico Cardoso - BA,2900504,BA,Nordeste,68.05,37.21,0.7340997780450202,Critico,80.0,7.131666666666667,1
Pinhal Grande - RS,4314472,RS,Sul,63.64,44.0,0.733841754487639,Critico,80.0,6.0,2
Corrente - PI,2202901,PI,Nordeste,47.76,37.78,0.7338292452442582,Critico,80.0,7.036666666666666,1
Bela Vista - MS,5002100,MS,Centro-Oeste,43.77,48.18,0.7321890934232133,Critico,80.0,5.303333333333334,0
Pinhal da Serra - RS,4314464,RS,Sul,74.14,35.3,0.7315781878939773,Critico,80.0,7.45,2
Ibarama - RS,4309753,RS,Sul,71.02,48.9,0.7310448888454004,Critico,80.0,5.183333333333334,2
Bossoroca - RS,4302501,RS,Sul,61.11,46.9,0.7290214815239393,Critico,80.0,5.516666666666667,2
Cuitegi - PB,2505204,PB,Nordeste,29.25,24.78,0.7280579834494059,Critico,80.0,9.203333333333333,1
Barra do Quaraí - RS,4301875,RS,Sul,53.85,26.6,0.7251881509600527,Critico,80.0,8.9,2
Buriti - MA,2102200,MA,Nordeste,44.96,28.95,0.7246705033628337,Critico,80.0,8.508333333333333,1
Cubatão - SP,3513504,SP,Sudeste,48.69,45.16,0.7234949722228232,Critico,80.0,5.8066666666666675,0
Santana da Boa Vista - RS,4317004,RS,Sul,53.67,33.9,0.7212114213268763,Critico,80.0,7.683333333333334,2
Regeneração - PI,2208809,PI,Nordeste,40.89,31.32,0.7179198847657045,Critico,80.0,8.113333333333333,1
Ouricuri - PE,2609907,PE,Nordeste,36.16,30.78,0.7129113733933236,Critico,80.0,8.203333333333333,1
Vale Real - RS,4322541,RS,Sul,75.99,40.0,0.7127502630507745,Critico,80.0,6.666666666666667,2
São José do Bonfim - PB,2514602,PB,Nordeste,11.97,29.62,0.7124688619035642,Critico,80.0,8.396666666666667,1
Santa Bárbara do Sul - RS,4316709,RS,Sul,68.2,42.8,0.7111624380693065,Critico,80.0,6.2,2
Lajedo do Tabocal - BA,2919058,BA,Nordeste,55.06,43.1,0.709193514584937,Critico,80.0,6.1499999999999995,1
Roca Sales - RS,4315800,RS,Sul,75.61,45.0,0.7083770440772195,Critico,80.0,5.833333333333333,2
Silvanópolis - TO,1720655,TO,Norte,34.74,37.39,0.7072596582233974,Critico,80.0,7.101666666666667,2
São João da Fronteira - PI,2209872,PI,Nordeste,26.94,43.37,0.7017142857142857,Critico,80.0,6.105,1
Glorinha - RS,4309050,RS,Sul,65.09,34.3,0.7008543856414039,Critico,80.0,7.616666666666667,2
Lizarda - TO,1712405,TO,Norte,42.61,19.44,0.6954419039770929,Alto,80.0,10.093333333333334,1
Goiana - PE,2606200,PE,Nordeste,53.14,45.89,0.6925435540069687,Alto,80.0,5.685,0
Monte Alegre dos Campos - RS,4312377,RS,Sul,63.26,36.2,0.691741445879377,Alto,80.0,7.3,2
Silveira Martins - RS,4320651,RS,Sul,66.67,35.7,0.6917331971246196,Alto,80.0,7.383333333333333,2
Santa Filomena do Maranhão - MA,2109759,MA,Nordeste,36.45,40.91,0.6917331971246196,Alto,80.0,6.515000000000001,1
Ruy Barbosa - RN,2411106,RN,Nordeste,58.23,35.0,0.6911413112224472,Alto,80.0,7.5,1
Peixe - TO,1716604,TO,Norte,46.47,42.93,0.6910436512086642,Alto,80.0,6.178333333333334,2
Pedro Régis - PB,2512721,PB,Nordeste,47.41,23.99,0.6906445293368597,Alto,80.0,9.335,1
São Bento do Trairí - RN,2411700,RN,Nordeste,33.35,33.62,0.6894377530657484,Alto,80.0,7.73,1
Chapada - RS,4305306,RS,Sul,75.31,47.5,0.6894377530657484,Alto,80.0,5.416666666666667,2
Campo Novo - RS,4304002,RS,Sul,66.01,46.1,0.688950480413895,Alto,80.0,5.6499999999999995,2
Salto de Pirapora - SP,3545308,SP,Sudeste,44.71,46.83,0.6878010551265388,Alto,80.0,5.528333333333333,0
Tucumã - PA,1508084,PA,Norte,58.8,48.54,0.6874736495388669,Alto,80.0,5.243333333333333,0
Pugmil - TO,1718451,TO,Norte,20.72,40.91,0.6869628956809122,Alto,80.0,6.515000000000001,2
Erebango - RS,4306973,RS,Sul,71.88,45.2,0.6853393698764562,Alto,80.0,5.8,2
Lagoa de Velhos - RN,2406403,RN,Nordeste,41.67,29.67,0.6843014765830239,Alto,80.0,8.388333333333334,1
Pinhal - RS,4314456,RS,Sul,56.45,33.2,0.6796641551632477,Alto,80.0,7.8,2
Várzea Branca - PI,2211357,PI,Nordeste,25.97,31.25,0.678241133632556,Alto,80.0,8.125,1
Caiçara do Rio do Vento - RN,2401909,RN,Nordeste,59.21,36.91,0.6769988976077113,Alto,80.0,7.1816666666666675,1
Planaltino - BA,2924900,BA,Nordeste,53.78,42.86,0.6769988976077113,Alto,80.0,6.19,1
Lagoa da Canoa - AL,2704104,AL,Nordeste,45.57,44.19,0.6769988976077113,Alto,80.0,5.968333333333334,1
Juruá - AM,1302207,AM,Norte,48.13,47.46,0.6769988976077113,Alto,80.0,5.423333333333333,1
Moreno - PE,2609402,PE,Nordeste,53.38,43.93,0.6757300480115952,Alto,80.0,6.011666666666667,0
São Nicolau - RS,4319208,RS,Sul,65.79,36.6,0.6752017594186268,Alto,80.0,7.233333333333333,2
São José de Espinharas - PB,2514404,PB,Nordeste,56.3,44.79,0.6751307448757068,Alto,80.0,5.868333333333333,1
Itacajá - TO,1710508,TO,Norte,60.46,41.1,0.6692355496892702,Alto,80.0,6.483333333333333,1
São Sebastião do Uatumã - AM,1303957,AM,Norte,51.53,44.12,0.6681257520709943,Alto,80.0,5.98,1
Jacarezinho - PR,4111803,PR,Sul,55.12,47.68,0.6662542794895736,Alto,80.0,5.386666666666667,0
Joca Marques - PI,2205458,PI,Nordeste,38.3,43.83,0.6657903850115946,Alto,80.0,6.028333333333333,1
Chapadinha - MA,2103208,MA,Nordeste,47.1,41.58,0.6645481489867499,Alto,80.0,6.403333333333333,1
Curralinhos - PI,2203255,PI,Nordeste,32.63,27.56,0.6613183848477966,Alto,80.0,8.74,1
Sentinela do Sul - RS,4320354,RS,Sul,73.81,23.5,0.6609051372926052,Alto,80.0,9.416666666666666,2
Couto Magalhães - TO,1706001,TO,Norte,48.18,49.04,0.6609051372926052,Alto,80.0,5.16,1
Passo de Camaragibe - AL,2706505,AL,Nordeste,42.03,32.59,0.6598217587699727,Alto,80.0,7.901666666666666,1
Lagoa do Piauí - PI,2205581,PI,Nordeste,7.17,44.87,0.6587124644267655,Alto,80.0,5.855,1
São Martinho da Serra - RS,4319125,RS,Sul,66.45,35.7,0.6582739777652158,Alto,80.0,7.383333333333333,2
Tacaimbó - PE,2614709,PE,Nordeste,45.92,43.99,0.6582047209331661,Alto,80.0,6.001666666666666,1
Inhacorá - RS,4310413,RS,Sul,62.65,35.3,0.6547652058353912,Alto,80.0,7.45,2
Fagundes - PB,2506103,PB,Nordeste,60.71,41.67,0.6547652058353912,Alto,80.0,6.388333333333333,1
Vila Nova do Sul - RS,4323457,RS,Sul,53.56,44.0,0.6547652058353912,Alto,80.0,6.0,2
Cerro Largo - RS,4305207,RS,Sul,76.23,49.2,0.6546135437962566,Alto,80.0,5.133333333333333,0
Barra de Santa Rosa - PB,2501609,PB,Nordeste,56.39,45.83,0.6534076995768109,Alto,80.0,5.695,1
São Marcos - RS,4319000,RS,Sul,82.76,44.4,0.6532687531048186,Alto,80.0,5.933333333333334,0
Bocaina do Sul - SC,4202438,SC,Sul,39.12,28.06,0.6515883283526558,Alto,80.0,8.656666666666666,2
Buriticupu - MA,2102325,MA,Nordeste,39.23,43.21,0.651321221066183,Alto,80.0,6.131666666666667,1
Santo Antônio do Içá - AM,1303700,AM,Norte,62.8,40.84,0.6509139177519331,Alto,80.0,6.526666666666666,1
Massaranduba - PB,2509206,PB,Nordeste,44.27,40.69,0.6500766617582474,Alto,80.0,6.551666666666667,1
Guajará-Mirim - RO,1100106,RO,Norte,44.25,45.65,0.6448013536785615,Alto,80.0,5.7250000000000005,0
Acorizal - MT,5100102,MT,Centro-Oeste,38.04,40.41,0.6399364405040736,Alto,80.0,6.598333333333334,2
Paverama - RS,4314159,RS,Sul,69.48,47.5,0.6399364405040736,Alto,80.0,5.416666666666667,2
Alecrim - RS,4300307,RS,Sul,70.71,42.4,0.637911259630558,Alto,80.0,6.266666666666667,2
Boa Ventura - PB,2502102,PB,Nordeste,28.58,47.71,0.637911259630558,Alto,80.0,5.381666666666667,1
Lajeado - TO,1712009,TO,Norte,40.45,38.15,0.6352216748768473,Alto,80.0,6.9750000000000005,2
Santa Margarida do Sul - RS,4316972,RS,Sul,42.41,25.7,0.6347652058353912,Alto,80.0,9.049999999999999,2
Novo Barreiro - RS,4313490,RS,Sul,62.22,36.8,0.6292694183211425,Alto,80.0,7.2,2
Lagoa dos Três Cantos - RS,4311270,RS,Sul,61.9,36.0,0.6278688524590164,Alto,80.0,7.333333333333333,2
Alhandra - PB,2500601,PB,Nordeste,57.33,30.75,0.6216000948604463,Alto,80.0,8.208333333333334,1
Mato Castelhano - RS,4312138,RS,Sul,76.48,38.7,0.6201690993518122,Alto,80.0,6.883333333333333,2
Pinheiro - MA,2108603,MA,Nordeste,53.04,46.82,0.6192224556340842,Alto,80.0,5.53,1
São Luiz Gonzaga - RS,4318903,RS,Sul,79.22,49.3,0.6169505278915334,Alto,80.0,5.116666666666667,0
Franco da Rocha - SP,3516408,SP,Sudeste,50.47,48.3,0.6158358364371821,Alto,80.0,5.283333333333334,0
Prainha - PA,1506005,PA,Norte,57.34,43.28,0.6157088122605364,Alto,80.0,6.12,1
Prata do Piauí - PI,2208601,PI,Nordeste,14.28,47.93,0.6050792726285434,Alto,80.0,5.345,1
São Vicente Férrer - PE,2613800,PE,Nordeste,48.62,42.6,0.604943293095467,Alto,80.0,6.233333333333333,1
Santa Cecília do Sul - RS,4316733,RS,Sul,75.0,40.9,0.6037438927956169,Alto,80.0,6.516666666666667,2
Oliveira de Fátima - TO,1715507,TO,Norte,50.0,31.58,0.6031213777115416,Alto,80.0,8.07,2
Cajari - MA,2102507,MA,Nordeste,53.27,34.1,0.6010076503719768,Alto,80.0,7.6499999999999995,1
Cerrito - RS,4305124,RS,Sul,75.07,39.8,0.5999900645802285,Alto,80.0,6.7,2
Marques de Souza - RS,4312054,RS,Sul,75.87,47.8,0.5999900645802285,Alto,80.0,5.366666666666667,2
São José do Ouro - RS,4318606,RS,Sul,67.83,38.3,0.5994464919464919,Alto,80.0,6.95,2
Tenório - PB,2516755,PB,Nordeste,62.16,48.73,0.599301519869153,Alto,80.0,5.211666666666667,1
Emas - PB,2505907,PB,Nordeste,65.44,38.1,0.5991691697705155,Alto,80.0,6.983333333333333,1
Ibiraiaras - RS,4309902,RS,Sul,78.46,49.1,0.595423048652085,Alto,80.0,5.1499999999999995,2
Dona Francisca - RS,4306700,RS,Sul,73.46,26.7,0.5950078257131911,Alto,80.0,8.883333333333333,2
Porto Nacional - TO,1718204,TO,Norte,56.8,44.11,0.5935288095582214,Alto,80.0,5.9816666666666665,0
Quatro Irmãos - RS,4315313,RS,Sul,52.94,40.0,0.5930701074756144,Alto,80.0,6.666666666666667,2
Juazeirinho - PB,2507705,PB,Nordeste,50.95,45.45,0.5926210259758244,Alto,80.0,5.758333333333333,1
Bannach - PA,1501253,PA,Norte,61.11,47.37,0.5906510270626557,Alto,80.0,5.4383333333333335,1
Maracanã - PA,1504307,PA,Norte,68.07,47.51,0.5906510270626557,Alto,80.0,5.415,1
Aliança - PE,2600708,PE,Nordeste,55.15,39.22,0.5872407919948903,Alto,80.0,6.796666666666667,1
Anadia - AL,2700201,AL,Nordeste,53.44,45.26,0.5871640735013293,Alto,80.0,5.79,1
Jaçanã - RN,2405009,RN,Nordeste,48.62,42.68,0.5868590008606004,Alto,80.0,6.22,1
Valença do Piauí - PI,2211308,PI,Nordeste,51.94,42.13,0.5863537009438649,Alto,80.0,6.3116666666666665,1
André da Rocha - RS,4300661,RS,Sul,68.75,33.3,0.5857519779071503,Alto,80.0,7.783333333333334,2
Santa Terezinha - MT,5107776,MT,Centro-Oeste,41.22,40.74,0.584824973876698,Alto,80.0,6.543333333333333,1
Bodoquena - MS,5002159,MS,Centro-Oeste,44.62,46.43,0.5842612126664597,Alto,80.0,5.595,2
Pindorama do Tocantins - TO,1717008,TO,Norte,47.41,33.88,0.5783991554893194,Alto,80.0,7.6866666666666665,1
Maribondo - AL,2704807,AL,Nordeste,46.59,41.5,0.5781498829039812,Alto,80.0,6.416666666666667,1
Campos Borges - RS,4304101,RS,Sul,45.66,31.5,0.5759543593091578,Alto,80.0,8.083333333333334,2
Nazaré do Piauí - PI,2206704,PI,Nordeste,46.93,39.0,0.5759543593091578,Alto,80.0,6.833333333333333,1
Pedra Branca do Amapari - AP,1600154,AP,Norte,66.25,44.22,0.5753688524590164,Alto,80.0,5.963333333333334,1
Belém - PB,2501906,PB,Nordeste,56.8,34.72,0.5744289991506994,Alto,80.0,7.546666666666667,1
Serra da Raiz - PB,2515609,PB,Nordeste,17.39,48.92,0.573705093022463,Alto,80.0,5.18,1
Nova Santa Rita - PI,2207959,PI,Nordeste,48.03,49.11,0.5730935491326508,Alto,80.0,5.148333333333333,1
Marcação - PB,2509057,PB,Nordeste,60.07,22.15,0.5710591293047433,Alto,80.0,9.641666666666667,1
Bom Jardim da Serra - SC,4202503,SC,Sul,35.91,34.51,0.5688023797433852,Alto,80.0,7.581666666666667,2
Lagoa de Dentro - PB,2508208,PB,Nordeste,67.61,42.8,0.5678603603603604,Alto,80.0,6.2,1
Coremas - PB,2504801,PB,Nordeste,67.07,48.71,0.5678603603603604,Alto,80.0,5.215,1
Cotiporã - RS,4305959,RS,Sul,73.99,44.2,0.5676260048420908,Alto,80.0,5.966666666666666,2
Muçum - RS,4312609,RS,Sul,50.88,47.3,0.5675972160023883,Alto,80.0,5.45,2
Arroio do Padre - RS,4301073,RS,Sul,94.58,18.2,0.5656498829039812,Alto,80.0,10.299999999999999,2
Sagrada Família - RS,4316428,RS,Sul,78.81,43.8,0.5656498829039812,Alto,80.0,6.033333333333334,2
Pedras de Maria da Cruz - MG,3149150,MG,Sudeste,28.66,46.09,0.5653448435904577,Alto,80.0,5.651666666666666,1
Santo Antônio do Palma - RS,4317558,RS,Sul,72.22,34.6,0.5624301859342842,Alto,80.0,7.566666666666666,2
Olivedos - PB,2510501,PB,Nordeste,54.26,41.57,0.5624301859342842,Alto,80.0,6.405,1
Sertão - RS,4320503,RS,Sul,70.1,47.2,0.5624301859342842,Alto,80.0,5.466666666666666,2
Mato Grosso - PB,2509370,PB,Nordeste,40.0,18.18,0.5579248929780846,Alto,80.0,10.303333333333333,1
Aurora do Tocantins - TO,1702703,TO,Norte,52.92,41.94,0.5563698686460834,Alto,80.0,6.343333333333334,1
Santa Teresinha - PB,2513802,PB,Nordeste,40.43,42.77,0.5550317045479035,Alto,80.0,6.204999999999999,1
Tabaí - RS,4320859,RS,Sul,55.83,22.5,0.5540947295404426,Alto,80.0,9.583333333333334,2
Engenho Velho - RS,4306924,RS,Sul,76.92,41.2,0.5506394152295792,Alto,80.0,6.466666666666666,2
Boa Hora - PI,2201770,PI,Nordeste,58.74,47.16,0.5505254240295223,Alto,80.0,5.473333333333334,1
Caracol - PI,2202505,PI,Nordeste,60.97,49.31,0.5505254240295223,Alto,80.0,5.114999999999999,1
Poxoréu - MT,5107008,MT,Centro-Oeste,45.19,46.27,0.5497305028605842,Alto,80.0,5.621666666666666,2
Joaquim Nabuco - PE,2608206,PE,Nordeste,49.58,47.34,0.5495626024441232,Alto,80.0,5.4433333333333325,1
Itacuruba - PE,2607406,PE,Nordeste,64.79,48.57,0.5492754240295223,Alto,80.0,5.238333333333333,1
São Félix de Balsas - MA,2110807,MA,Nordeste,43.78,44.69,0.5489414414414414,Alto,80.0,5.885000000000001,1
Araioses - MA,2100907,MA,Nordeste,56.23,42.52,0.5485297871553907,Alto,80.0,6.246666666666666,1
Belém do Brejo do Cruz - PB,2502003,PB,Nordeste,57.5,40.07,0.5474951209992194,Alto,80.0,6.655,1
Constantina - RS,4305801,RS,Sul,82.54,48.5,0.5438435293894586,Alto,80.0,5.25,2
Araçagi - PB,2500809,PB,Nordeste,64.03,47.88,0.5436262920315391,Alto,80.0,5.353333333333333,1
Monte do Carmo - TO,1713601,TO,Norte,69.96,19.71,0.5398955565592325,Alto,80.0,10.048333333333334,1
Santo André - PB,2513851,PB,Nordeste,45.13,35.81,0.5398955565592325,Alto,80.0,7.364999999999999,1
Monção - MA,2106904,MA,Nordeste,51.98,36.19,0.5398955565592325,Alto,80.0,7.301666666666667,1
São José dos Ramos - PB,2514453,PB,Nordeste,58.86,27.36,0.538459973513165,Alto,80.0,8.773333333333333,1
Luciara - MT,5105309,MT,Centro-Oeste,37.65,46.43,0.5380773747410507,Alto,80.0,5.595,2
Tunas - RS,4322152,RS,Sul,79.92,41.1,0.5377691271910253,Alto,80.0,6.483333333333333,2
Sério - RS,4320453,RS,Sul,85.41,11.1,0.5337227399202653,Alto,80.0,11.483333333333334,2
Barão do Triunfo - RS,4301750,RS,Sul,88.23,4.4,0.5323993674525591,Alto,80.0,12.6,2
São Roberto - MA,2111672,MA,Nordeste,48.24,35.69,0.5323993674525591,Alto,80.0,7.385000000000001,1
Santa Inês - PB,2513356,PB,Nordeste,52.66,39.01,0.5323993674525591,Alto,80.0,6.831666666666667,1
Santana do Seridó - RN,2411429,RN,Nordeste,52.34,40.91,0.5323993674525591,Alto,80.0,6.515000000000001,2
Roteiro - AL,2707800,AL,Nordeste,64.36,45.95,0.5295578151037442,Alto,80.0,5.675,1
São José do Sabugi - PB,2514701,PB,Nordeste,51.51,48.54,0.5287308678402817,Alto,80.0,5.243333333333333,2
Maracaçumé - MA,2106326,MA,Nordeste,57.95,41.67,0.5276270411839817,Alto,80.0,6.388333333333333,1
Condado - PB,2504504,PB,Nordeste,56.24,46.13,0.5254866895641587,Alto,80.0,5.645,1
Vale de São Domingos - MT,5108352,MT,Centro-Oeste,48.81,23.86,0.5236685077459768,Alto,80.0,9.356666666666667,2
Erval Grande - RS,4307203,RS,Sul,84.57,47.0,0.5236685077459768,Alto,80.0,5.5,2
Esmeralda - RS,4307401,RS,Sul,84.43,48.4,0.5236685077459768,Alto,80.0,5.266666666666667,2
Sangão - SC,4215455,SC,Sul,56.06,48.46,0.5221704456745441,Alto,80.0,5.256666666666667,2
Nossa Senhora dos Remédios - PI,2206803,PI,Nordeste,64.19,45.57,0.513701773057816,Alto,80.0,5.738333333333333,1
Jataúba - PE,2608008,PE,Nordeste,51.9,37.15,0.5134804485336402,Alto,80.0,7.141666666666667,1
José de Freitas - PI,2205508,PI,Nordeste,49.82,42.98,0.5134804485336402,Alto,80.0,6.170000000000001,1
Santa Rita do Tocantins - TO,1718899,TO,Norte,63.15,43.12,0.5134804485336402,Alto,80.0,6.146666666666667,2
Jericó - PB,2507408,PB,Nordeste,53.45,23.83,0.5081577169837509,Alto,80.0,9.361666666666666,1
Benedito Leite - MA,2101806,MA,Nordeste,56.0,47.28,0.5061943079910892,Alto,80.0,5.453333333333333,1
Juru - PB,2508000,PB,Nordeste,66.04,47.76,0.50598044853364,Alto,80.0,5.373333333333334,1
Rio Verde de Mato Grosso - MS,5007406,MS,Centro-Oeste,47.3,49.11,0.4998582589676728,Alto,80.0,5.148333333333333,2
Entre-Ijuís - RS,4306932,RS,Sul,42.96,47.6,0.4992378245349184,Alto,80.0,5.3999999999999995,2
Canelinha - SC,4203709,SC,Sul,59.28,41.17,0.4990758873929009,Alto,80.0,6.471666666666667,2
Campo Grande - AL,2701506,AL,Nordeste,51.51,37.4,0.49501532521323377,Alto,80.0,7.1000000000000005,1
Barro Duro - PI,2201408,PI,Nordeste,38.31,40.17,0.49501532521323377,Alto,80.0,6.638333333333333,1
Natuba - PB,2509909,PB,Nordeste,58.78,47.23,0.49501532521323377,Alto,80.0,5.461666666666667,1
Ingá - PB,2506806,PB,Nordeste,57.31,47.24,0.49501532521323377,Alto,80.0,5.46,1
Presidente Dutra - MA,2109106,MA,Nordeste,54.77,45.11,0.4948693374225289,Alto,80.0,5.815,1
Sertão Santana - RS,4320552,RS,Sul,74.77,46.2,0.49449187424597263,Alto,80.0,5.633333333333333,2
Itaporã do Tocantins - TO,1711100,TO,Norte,64.16,24.0,0.4943594787312516,Alto,80.0,9.333333333333334,2
Itaubal - AP,1600253,AP,Norte,55.75,43.57,0.49317721847431234,Alto,80.0,6.071666666666666,1
Coronel Bicaco - RS,4305900,RS,Sul,90.51,43.4,0.4909217510436384,Alto,80.0,6.1000000000000005,2
Coqueiros do Sul - RS,4305850,RS,Sul,86.57,41.7,0.4882418742459726,Alto,80.0,6.383333333333333,2
Bonfim do Piauí - PI,2201929,PI,Nordeste,50.63,35.96,0.48680401312595273,Alto,80.0,7.34,1
Calçado - PE,2603306,PE,Nordeste,57.35,40.68,0.48680401312595273,Alto,80.0,6.553333333333334,1
São José do Hortêncio - RS,4318481,RS,Sul,78.76,43.8,0.48680401312595273,Alto,80.0,6.033333333333334,2
Paes Landim - PI,2207306,PI,Nordeste,51.76,45.31,0.4847724621013242,Alto,80.0,5.781666666666666,1
Tamboara - PR,4126702,PR,Sul,47.6,46.83,0.47987141754685425,Alto,80.0,5.528333333333333,2
Escada - PE,2605202,PE,Nordeste,54.51,30.48,0.4775546448087432,Alto,80.0,8.253333333333332,1
Caseiros - RS,4304952,RS,Sul,86.13,40.0,0.4766037596505409,Alto,80.0,6.666666666666667,2
Governador Eugênio Barros - MA,2104602,MA,Nordeste,52.89,48.13,0.4739049768355269,Alto,80.0,5.3116666666666665,1
Rio Grande do Piauí - PI,2209005,PI,Nordeste,48.59,41.79,0.4725937076622008,Alto,80.0,6.368333333333333,1
Itatiba do Sul - RS,4310702,RS,Sul,86.76,38.0,0.4689648707616521,Alto,80.0,7.0,2
Vale Verde - RS,4322525,RS,Sul,85.54,47.1,0.46825085481138273,Alto,80.0,5.483333333333333,2
Manga - MG,3139300,MG,Sudeste,37.08,41.78,0.4679901270995409,Alto,80.0,6.37,1
Arinos - MG,3104502,MG,Sudeste,37.17,48.56,0.4677563940783337,Alto,80.0,5.239999999999999,2
Riachão do Bacamarte - PB,2512754,PB,Nordeste,44.56,46.23,0.4677148707616521,Alto,80.0,5.628333333333334,1
Santo Antônio - RN,2411502,RN,Nordeste,67.11,35.59,0.46651135981425024,Alto,80.0,7.401666666666666,1
Paulista - PB,2510907,PB,Nordeste,61.87,40.28,0.46339860659254156,Alto,80.0,6.62,1
São Francisco do Brejão - MA,2110856,MA,Nordeste,62.65,42.73,0.4615804247743597,Alto,80.0,6.211666666666667,1
Francisco Ayres - PI,2204105,PI,Nordeste,47.28,32.38,0.4607517379521622,Alto,80.0,7.9366666666666665,1
Presidente Sarney - MA,2109270,MA,Nordeste,62.8,39.6,0.4606187697978522,Alto,80.0,6.733333333333333,1
Laranjal - PR,4113254,PR,Sul,58.83,46.64,0.4569692320419967,Alto,80.0,5.56,1
Meleiro - SC,4210803,SC,Sul,54.81,48.04,0.4566173894144834,Alto,80.0,5.326666666666667,2
Nova Ramada - RS,4313334,RS,Sul,86.97,28.0,0.45631463789475896,Alto,80.0,8.666666666666666,2
José Boiteux - SC,4209151,SC,Sul,37.11,43.47,0.45631463789475896,Alto,80.0,6.088333333333334,2
Desterro - PB,2505402,PB,Nordeste,50.13,45.8,0.45631463789475896,Alto,80.0,5.7,1
Augusto Pestana - RS,4301503,RS,Sul,88.65,46.0,0.45631463789475896,Alto,80.0,5.666666666666667,2
Vespasiano Corrêa - RS,4322855,RS,Sul,81.25,46.7,0.45631463789475896,Alto,80.0,5.55,2
Bozano - RS,4302584,RS,Sul,100.0,27.3,0.4549466488386714,Alto,80.0,8.783333333333333,2
Sede Nova - RS,4320230,RS,Sul,85.29,36.1,0.4549466488386714,Alto,80.0,7.316666666666666,2
Aldeias Altas - MA,2100303,MA,Nordeste,67.9,45.37,0.45391413111455525,Alto,80.0,5.771666666666667,1
Três Arroios - RS,4321634,RS,Sul,100.0,40.0,0.4531102003642987,Alto,80.0,6.666666666666667,2
Laje do Muriaé - RJ,3302304,RJ,Sudeste,45.19,48.41,0.4469410612378425,Alto,80.0,5.265000000000001,2
Remígio - PB,2512705,PB,Nordeste,58.76,49.27,0.4469410612378425,Alto,80.0,5.121666666666666,1
São José do Sul - RS,4318614,RS,Sul,85.0,37.5,0.4465504692190477,Alto,80.0,7.083333333333333,2
São José do Xingu - MT,5107354,MT,Centro-Oeste,51.3,35.26,0.4417237723932067,Alto,80.0,7.456666666666667,2
Presidente Vargas - MA,2109304,MA,Nordeste,44.27,47.82,0.4417237723932067,Alto,80.0,5.363333333333333,1
Ilópolis - RS,4310306,RS,Sul,90.93,48.3,0.4375244773678828,Alto,80.0,5.283333333333334,2
Gramado dos Loureiros - RS,4309126,RS,Sul,87.5,37.5,0.43696923204199667,Alto,80.0,7.083333333333333,2
Malta - PB,2508802,PB,Nordeste,68.43,48.74,0.4359257714117956,Alto,80.0,5.21,1
