nome_municipio,id_municipio,sigla_uf,regiao,prob_risco,faixa_risco,taxa_alf_2023,taxa_alf_2024,em_risco_2024,meta_2030,ritmo_necessario,situacao_2030,cluster
Barro Alto - BA,2903235,BA,Nordeste,1.0,Critico,24.29,29.75,1,80.0,8.375,Precisa de mais de 2x o ritmo,1
Itapebi - BA,2916302,BA,Nordeste,1.0,Critico,14.97,23.44,1,80.0,9.426666666666668,Precisa de mais de 2x o ritmo,1
Laranjeiras - SE,2803609,SE,Nordeste,1.0,Critico,21.67,27.35,1,80.0,8.775,Precisa de mais de 2x o ritmo,2
Santo Estêvão - BA,2928802,BA,Nordeste,1.0,Critico,32.65,31.86,1,80.0,8.023333333333333,Precisa de mais de 2x o ritmo,1
Senhor do Bonfim - BA,2930105,BA,Nordeste,1.0,Critico,19.93,24.02,1,80.0,9.33,Precisa de mais de 2x o ritmo,0
Uruçuca - BA,2932705,BA,Nordeste,1.0,Critico,30.01,26.42,1,80.0,8.93,Precisa de mais de 2x o ritmo,1
Salgado - SE,2806206,SE,Nordeste,1.0,Critico,33.77,44.89,1,80.0,5.851666666666667,Precisa de mais de 2x o ritmo,1
Paulo Afonso - BA,2924009,BA,Nordeste,1.0,Critico,24.79,30.51,1,80.0,8.248333333333333,Precisa de mais de 2x o ritmo,0
Salvador - BA,2927408,BA,Nordeste,1.0,Critico,39.36,36.85,1,80.0,7.191666666666666,Precisa de mais de 2x o ritmo,0
Jutaí - AM,1302306,AM,Norte,1.0,Critico,39.32,36.92,1,80.0,7.18,Precisa de mais de 2x o ritmo,1
Boquim - SE,2800670,SE,Nordeste,1.0,Critico,26.09,34.91,1,80.0,7.515000000000001,Precisa de mais de 2x o ritmo,1
Cícero Dantas - BA,2907806,BA,Nordeste,1.0,Critico,30.93,36.31,1,80.0,7.281666666666666,Precisa de mais de 2x o ritmo,1
Itabuna - BA,2914802,BA,Nordeste,1.0,Critico,31.6,29.75,1,80.0,8.375,Precisa de mais de 2x o ritmo,0
Remanso - BA,2926004,BA,Nordeste,1.0,Critico,25.1,35.26,1,80.0,7.456666666666667,Precisa de mais de 2x o ritmo,1
Santanópolis - BA,2928307,BA,Nordeste,1.0,Critico,26.96,22.95,1,80.0,9.508333333333333,Precisa de mais de 2x o ritmo,1
Boa Vista do Tupim - BA,2903805,BA,Nordeste,1.0,Critico,33.4,32.14,1,80.0,7.976666666666667,Precisa de mais de 2x o ritmo,1
Fátima - BA,2910750,BA,Nordeste,1.0,Critico,42.51,49.57,1,80.0,5.071666666666666,Precisa de ate 2x o ritmo,1
Itajuípe - BA,2915502,BA,Nordeste,1.0,Critico,34.37,34.09,1,80.0,7.651666666666666,Precisa de mais de 2x o ritmo,1
Milagres - BA,2921302,BA,Nordeste,1.0,Critico,33.87,46.05,1,80.0,5.658333333333334,Precisa de mais de 2x o ritmo,1
Mulungu do Morro - BA,2922052,BA,Nordeste,1.0,Critico,22.47,28.83,1,80.0,8.528333333333334,Precisa de mais de 2x o ritmo,1
Oliveira dos Brejinhos - BA,2923209,BA,Nordeste,1.0,Critico,38.11,39.29,1,80.0,6.785,Precisa de mais de 2x o ritmo,1
Paratinga - BA,2923704,BA,Nordeste,1.0,Critico,21.13,24.46,1,80.0,9.256666666666666,Precisa de mais de 2x o ritmo,1
Sobradinho - BA,2930774,BA,Nordeste,1.0,Critico,26.44,34.44,1,80.0,7.593333333333334,Precisa de mais de 2x o ritmo,2
Teolândia - BA,2931608,BA,Nordeste,1.0,Critico,47.32,44.76,1,80.0,5.873333333333334,Precisa de mais de 2x o ritmo,1
Ipecaetá - BA,2913804,BA,Nordeste,1.0,Critico,34.83,46.51,1,80.0,5.581666666666667,Precisa de mais de 2x o ritmo,1
Pau Brasil - BA,2923902,BA,Nordeste,1.0,Critico,37.53,32.84,1,80.0,7.859999999999999,Precisa de mais de 2x o ritmo,1
Pindobaçu - BA,2924603,BA,Nordeste,1.0,Critico,34.17,39.19,1,80.0,6.801666666666667,Precisa de mais de 2x o ritmo,1
Igarapé-Miri - PA,1503309,PA,Norte,1.0,Critico,36.72,41.34,1,80.0,6.4433333333333325,Precisa de mais de 2x o ritmo,1
Ipiaú - BA,2913903,BA,Nordeste,1.0,Critico,33.64,25.15,1,80.0,9.141666666666667,Precisa de mais de 2x o ritmo,0
Ourolândia - BA,2923357,BA,Nordeste,1.0,Critico,22.65,34.04,1,80.0,7.66,Precisa de mais de 2x o ritmo,1
Ibicaraí - BA,2912103,BA,Nordeste,1.0,Critico,34.21,37.95,1,80.0,7.008333333333333,Precisa de mais de 2x o ritmo,1
Nova Soure - BA,2922904,BA,Nordeste,1.0,Critico,22.14,31.41,1,80.0,8.098333333333334,Precisa de mais de 2x o ritmo,1
Santana - BA,2928208,BA,Nordeste,1.0,Critico,29.91,38.7,1,80.0,6.883333333333333,Precisa de mais de 2x o ritmo,1
Várzea Nova - BA,2933158,BA,Nordeste,1.0,Critico,32.8,17.95,1,80.0,10.341666666666667,Precisa de mais de 2x o ritmo,1
Candeal - BA,2906402,BA,Nordeste,1.0,Critico,30.92,30.77,1,80.0,8.205,Precisa de mais de 2x o ritmo,1
Wenceslau Guimarães - BA,2933505,BA,Nordeste,1.0,Critico,38.38,31.17,1,80.0,8.138333333333334,Precisa de mais de 2x o ritmo,1
Cafarnaum - BA,2905305,BA,Nordeste,1.0,Critico,21.63,30.37,1,80.0,8.271666666666667,Precisa de mais de 2x o ritmo,1
Quijingue - BA,2925907,BA,Nordeste,1.0,Critico,38.46,34.85,1,80.0,7.5249999999999995,Precisa de mais de 2x o ritmo,1
Teodoro Sampaio - BA,2931400,BA,Nordeste,1.0,Critico,41.03,30.56,1,80.0,8.24,Precisa de mais de 2x o ritmo,1
Monte Santo - BA,2921500,BA,Nordeste,1.0,Critico,30.9,27.49,1,80.0,8.751666666666667,Precisa de mais de 2x o ritmo,1
Ponto Novo - BA,2925253,BA,Nordeste,1.0,Critico,23.17,36.99,1,80.0,7.168333333333333,Precisa de mais de 2x o ritmo,1
Teofilândia - BA,2931509,BA,Nordeste,1.0,Critico,28.06,29.57,1,80.0,8.405,Precisa de mais de 2x o ritmo,1
Ubaitaba - BA,2932200,BA,Nordeste,1.0,Critico,29.79,31.13,1,80.0,8.145000000000001,Precisa de mais de 2x o ritmo,1
Curuçá - PA,1502905,PA,Norte,1.0,Critico,30.81,33.48,1,80.0,7.753333333333334,Precisa de mais de 2x o ritmo,1
Dias d'Ávila - BA,2910057,BA,Nordeste,1.0,Critico,35.5,32.25,1,80.0,7.958333333333333,Precisa de mais de 2x o ritmo,0
Euclides da Cunha - BA,2910701,BA,Nordeste,1.0,Critico,33.34,31.34,1,80.0,8.11,Precisa de mais de 2x o ritmo,1
Eunápolis - BA,2910727,BA,Nordeste,1.0,Critico,34.62,38.37,1,80.0,6.9383333333333335,Precisa de mais de 2x o ritmo,0
Mansidão - BA,2920452,BA,Nordeste,1.0,Critico,30.7,37.29,1,80.0,7.118333333333333,Precisa de mais de 2x o ritmo,1
Boquira - BA,2904100,BA,Nordeste,1.0,Critico,39.47,32.0,1,80.0,8.0,Precisa de mais de 2x o ritmo,1
Cardeal da Silva - BA,2907004,BA,Nordeste,1.0,Critico,26.67,33.04,1,80.0,7.826666666666667,Precisa de mais de 2x o ritmo,1
Feira de Santana - BA,2910800,BA,Nordeste,1.0,Critico,31.96,33.19,1,80.0,7.801666666666667,Precisa de mais de 2x o ritmo,0
Guaratinga - BA,2911808,BA,Nordeste,1.0,Critico,22.69,22.64,1,80.0,9.56,Precisa de mais de 2x o ritmo,1
Prado - BA,2925501,BA,Nordeste,1.0,Critico,36.16,32.74,1,80.0,7.876666666666666,Precisa de mais de 2x o ritmo,1
Várzea da Roça - BA,2933059,BA,Nordeste,1.0,Critico,32.58,20.73,1,80.0,9.878333333333332,Precisa de mais de 2x o ritmo,1
Água Fria - BA,2900405,BA,Nordeste,1.0,Critico,21.0,30.43,1,80.0,8.261666666666667,Precisa de mais de 2x o ritmo,1
Biritinga - BA,2903607,BA,Nordeste,1.0,Critico,22.22,29.82,1,80.0,8.363333333333333,Precisa de mais de 2x o ritmo,1
Camacan - BA,2905602,BA,Nordeste,1.0,Critico,34.0,24.61,1,80.0,9.231666666666667,Precisa de mais de 2x o ritmo,1
Campo Formoso - BA,2906006,BA,Nordeste,1.0,Critico,36.78,39.03,1,80.0,6.828333333333333,Precisa de mais de 2x o ritmo,1
Planalto - BA,2925006,BA,Nordeste,1.0,Critico,40.09,24.31,1,80.0,9.281666666666666,Precisa de mais de 2x o ritmo,1
Ruy Barbosa - BA,2927200,BA,Nordeste,1.0,Critico,38.25,27.94,1,80.0,8.676666666666668,Precisa de mais de 2x o ritmo,1
Tapiramutá - BA,2931301,BA,Nordeste,1.0,Critico,33.06,41.82,1,80.0,6.363333333333333,Precisa de mais de 2x o ritmo,1
Conceição do Coité - BA,2908408,BA,Nordeste,1.0,Critico,28.58,30.94,1,80.0,8.176666666666668,Precisa de mais de 2x o ritmo,1
Jaguarari - BA,2917706,BA,Nordeste,1.0,Critico,30.56,40.77,1,80.0,6.538333333333333,Precisa de mais de 2x o ritmo,1
Jaguaripe - BA,2917805,BA,Nordeste,1.0,Critico,25.85,46.85,1,80.0,5.5249999999999995,Precisa de mais de 2x o ritmo,1
Morro do Chapéu - BA,2921708,BA,Nordeste,1.0,Critico,36.21,28.31,1,80.0,8.615,Precisa de mais de 2x o ritmo,1
Queimadas - BA,2925808,BA,Nordeste,1.0,Critico,27.35,30.32,1,80.0,8.28,Precisa de mais de 2x o ritmo,1
Serra Preta - BA,2930402,BA,Nordeste,1.0,Critico,31.84,36.67,1,80.0,7.221666666666667,Precisa de mais de 2x o ritmo,1
Terra Nova - BA,2931707,BA,Nordeste,1.0,Critico,23.25,28.42,1,80.0,8.596666666666666,Precisa de mais de 2x o ritmo,1
Valença - BA,2932903,BA,Nordeste,1.0,Critico,31.04,31.89,1,80.0,8.018333333333333,Precisa de mais de 2x o ritmo,1
Sátiro Dias - BA,2929701,BA,Nordeste,1.0,Critico,15.36,30.68,1,80.0,8.22,Precisa de mais de 2x o ritmo,1
Ubatã - BA,2932309,BA,Nordeste,1.0,Critico,31.43,41.9,1,80.0,6.3500000000000005,Precisa de mais de 2x o ritmo,1
Alagoinhas - BA,2900702,BA,Nordeste,1.0,Critico,33.57,36.64,1,80.0,7.226666666666667,Precisa de mais de 2x o ritmo,0
Itapicuru - BA,2916500,BA,Nordeste,1.0,Critico,28.08,51.23,1,80.0,4.795000000000001,Precisa de ate 2x o ritmo,1
Muritiba - BA,2922300,BA,Nordeste,1.0,Critico,23.34,51.72,1,80.0,4.713333333333334,Precisa de ate 2x o ritmo,1
Santaluz - BA,2928000,BA,Nordeste,1.0,Critico,25.08,29.15,1,80.0,8.475,Precisa de mais de 2x o ritmo,1
Serra Dourada - BA,2930303,BA,Nordeste,1.0,Critico,28.99,33.09,1,80.0,7.8183333333333325,Precisa de mais de 2x o ritmo,1
São José de Mipibu - RN,2412203,RN,Nordeste,1.0,Critico,33.43,33.92,1,80.0,7.68,Precisa de mais de 2x o ritmo,1
Cabaceiras do Paraguaçu - BA,2904852,BA,Nordeste,1.0,Critico,28.03,32.77,1,,,Sem meta definida,1
Lençóis - BA,2919306,BA,Nordeste,1.0,Critico,36.17,37.66,1,80.0,7.0566666666666675,Precisa de mais de 2x o ritmo,1
Aquidabã - SE,2800209,SE,Nordeste,1.0,Critico,21.36,20.53,1,80.0,9.911666666666667,Precisa de mais de 2x o ritmo,1
Aporá - BA,2901908,BA,Nordeste,1.0,Critico,17.78,16.52,1,80.0,10.58,Precisa de mais de 2x o ritmo,1
Araçás - BA,2902054,BA,Nordeste,1.0,Critico,36.67,38.26,1,80.0,6.956666666666667,Precisa de mais de 2x o ritmo,1
Dário Meira - BA,2910008,BA,Nordeste,1.0,Critico,37.81,41.07,1,80.0,6.488333333333333,Precisa de mais de 2x o ritmo,1
Itaberaba - BA,2914703,BA,Nordeste,1.0,Critico,42.22,41.07,1,80.0,6.488333333333333,Precisa de mais de 2x o ritmo,1
Presidente Dutra - BA,2925600,BA,Nordeste,1.0,Critico,21.28,20.0,1,80.0,10.0,Precisa de mais de 2x o ritmo,1
Rodelas - BA,2927101,BA,Nordeste,1.0,Critico,23.27,28.4,1,80.0,8.6,Precisa de mais de 2x o ritmo,1
Aramari - BA,2902203,BA,Nordeste,1.0,Critico,21.73,17.95,1,80.0,10.341666666666667,Precisa de mais de 2x o ritmo,1
Central - BA,2907608,BA,Nordeste,1.0,Critico,30.85,25.64,1,80.0,9.06,Precisa de mais de 2x o ritmo,1
Juazeiro - BA,2918407,BA,Nordeste,1.0,Critico,31.18,29.31,1,80.0,8.448333333333332,Precisa de mais de 2x o ritmo,0
Itiruçu - BA,2916906,BA,Nordeste,1.0,Critico,32.86,30.0,1,80.0,8.333333333333334,Precisa de mais de 2x o ritmo,1
Areia Branca - SE,2800506,SE,Nordeste,1.0,Critico,27.09,44.81,1,80.0,5.864999999999999,Precisa de mais de 2x o ritmo,1
Baixa Grande - BA,2902609,BA,Nordeste,1.0,Critico,36.29,36.78,1,80.0,7.203333333333333,Precisa de mais de 2x o ritmo,1
Caldeirão Grande - BA,2905503,BA,Nordeste,1.0,Critico,21.3,28.19,1,80.0,8.635,Precisa de mais de 2x o ritmo,1
Cansanção - BA,2906808,BA,Nordeste,1.0,Critico,29.69,23.19,1,80.0,9.468333333333334,Precisa de mais de 2x o ritmo,1
Santa Maria da Vitória - BA,2928109,BA,Nordeste,1.0,Critico,32.33,26.29,1,80.0,8.951666666666666,Precisa de mais de 2x o ritmo,1
Caravelas - BA,2906907,BA,Nordeste,1.0,Critico,40.91,49.78,1,80.0,5.036666666666666,Precisa de ate 2x o ritmo,1
Ouriçangas - BA,2923308,BA,Nordeste,1.0,Critico,35.94,50.59,1,80.0,4.901666666666666,Precisa de ate 2x o ritmo,1
Abaré - BA,2900207,BA,Nordeste,1.0,Critico,28.28,18.24,1,80.0,10.293333333333335,Precisa de mais de 2x o ritmo,1
Acajutiba - BA,2900306,BA,Nordeste,1.0,Critico,19.7,59.14,1,80.0,3.4766666666666666,Precisa de ate 2x o ritmo,1
Saúde - BA,2929800,BA,Nordeste,1.0,Critico,15.02,20.73,1,80.0,9.878333333333332,Precisa de mais de 2x o ritmo,1
Careiro da Várzea - AM,1301159,AM,Norte,1.0,Critico,36.67,32.97,1,80.0,7.838333333333334,Precisa de mais de 2x o ritmo,1
Ipirá - BA,2914000,BA,Nordeste,1.0,Critico,29.98,34.46,1,80.0,7.59,Precisa de mais de 2x o ritmo,1
Ribeira do Amparo - BA,2926509,BA,Nordeste,1.0,Critico,28.72,33.95,1,80.0,7.675,Precisa de mais de 2x o ritmo,1
Rio do Pires - BA,2926905,BA,Nordeste,1.0,Critico,36.5,15.62,1,80.0,10.729999999999999,Precisa de mais de 2x o ritmo,1
São Gonçalo dos Campos - BA,2929305,BA,Nordeste,1.0,Critico,36.4,24.63,1,80.0,9.228333333333333,Precisa de mais de 2x o ritmo,1
Valente - BA,2933000,BA,Nordeste,1.0,Critico,32.24,37.25,1,80.0,7.125,Precisa de mais de 2x o ritmo,1
Anagé - BA,2901205,BA,Nordeste,1.0,Critico,36.54,32.17,1,80.0,7.971666666666667,Precisa de mais de 2x o ritmo,1
Itarantim - BA,2916807,BA,Nordeste,1.0,Critico,38.17,41.07,1,80.0,6.488333333333333,Precisa de mais de 2x o ritmo,1
Mairi - BA,2920106,BA,Nordeste,1.0,Critico,40.81,23.42,1,80.0,9.43,Precisa de mais de 2x o ritmo,1
Bom Jesus da Lapa - BA,2903904,BA,Nordeste,1.0,Critico,33.88,34.55,1,80.0,7.575,Precisa de mais de 2x o ritmo,1
Canarana - BA,2906204,BA,Nordeste,1.0,Critico,29.21,33.73,1,80.0,7.711666666666667,Precisa de mais de 2x o ritmo,1
Coração de Maria - BA,2908903,BA,Nordeste,1.0,Critico,30.95,21.3,1,80.0,9.783333333333333,Precisa de mais de 2x o ritmo,1
Lauro de Freitas - BA,2919207,BA,Nordeste,1.0,Critico,29.63,28.75,1,80.0,8.541666666666666,Precisa de mais de 2x o ritmo,0
Santa Rita de Cássia - BA,2928406,BA,Nordeste,1.0,Critico,46.95,32.05,1,80.0,7.991666666666667,Precisa de mais de 2x o ritmo,1
Tucano - BA,2931905,BA,Nordeste,1.0,Critico,28.98,35.55,1,80.0,7.408333333333334,Precisa de mais de 2x o ritmo,1
Retirolândia - BA,2926103,BA,Nordeste,1.0,Critico,18.48,23.58,1,80.0,9.403333333333334,Precisa de mais de 2x o ritmo,1
São Sebastião do Passé - BA,2929503,BA,Nordeste,1.0,Critico,49.95,46.1,1,80.0,5.6499999999999995,Precisa de mais de 2x o ritmo,0
Uibaí - BA,2932408,BA,Nordeste,1.0,Critico,33.09,27.71,1,80.0,8.715,Precisa de mais de 2x o ritmo,1
Ibotirama - BA,2913200,BA,Nordeste,1.0,Critico,42.38,32.87,1,80.0,7.855,Precisa de mais de 2x o ritmo,1
Maiquinique - BA,2920007,BA,Nordeste,1.0,Critico,29.83,32.56,1,80.0,7.906666666666666,Precisa de mais de 2x o ritmo,1
Amélia Rodrigues - BA,2901106,BA,Nordeste,1.0,Critico,37.49,47.14,1,80.0,5.476666666666667,Precisa de mais de 2x o ritmo,0
Filadélfia - BA,2910859,BA,Nordeste,1.0,Critico,18.28,36.76,1,80.0,7.206666666666667,Precisa de mais de 2x o ritmo,1
Santo Antônio de Jesus - BA,2928703,BA,Nordeste,1.0,Critico,33.47,40.9,1,80.0,6.516666666666667,Precisa de mais de 2x o ritmo,0
Governador Mangabeira - BA,2911600,BA,Nordeste,1.0,Critico,36.92,29.08,1,80.0,8.486666666666666,Precisa de mais de 2x o ritmo,1
Madre de Deus - BA,2919926,BA,Nordeste,1.0,Critico,40.71,25.81,1,80.0,9.031666666666666,Precisa de mais de 2x o ritmo,0
Quixabeira - BA,2925931,BA,Nordeste,1.0,Critico,38.72,75.47,0,80.0,0.7550000000000002,Atinge no ritmo atual,1
Itiúba - BA,2917003,BA,Nordeste,1.0,Critico,27.79,21.05,1,80.0,9.825000000000001,Precisa de mais de 2x o ritmo,1
Jitaúna - BA,2918308,BA,Nordeste,1.0,Critico,24.15,40.82,1,80.0,6.53,Precisa de mais de 2x o ritmo,1
Santa Brígida - BA,2927606,BA,Nordeste,1.0,Critico,25.65,28.39,1,80.0,8.601666666666667,Precisa de mais de 2x o ritmo,1
Cipó - BA,2907905,BA,Nordeste,1.0,Critico,27.9,31.09,1,80.0,8.151666666666666,Precisa de mais de 2x o ritmo,1
Correntina - BA,2909307,BA,Nordeste,1.0,Critico,36.71,26.64,1,80.0,8.893333333333333,Precisa de mais de 2x o ritmo,1
Ibirapitanga - BA,2912707,BA,Nordeste,1.0,Critico,31.23,22.06,1,80.0,9.656666666666666,Precisa de mais de 2x o ritmo,1
Itambé - BA,2915809,BA,Nordeste,1.0,Critico,22.21,26.98,1,80.0,8.836666666666666,Precisa de mais de 2x o ritmo,1
Jequié - BA,2918001,BA,Nordeste,1.0,Critico,37.87,39.48,1,80.0,6.753333333333334,Precisa de mais de 2x o ritmo,0
Jeremoabo - BA,2918100,BA,Nordeste,1.0,Critico,27.04,29.53,1,80.0,8.411666666666667,Precisa de mais de 2x o ritmo,1
Mundo Novo - BA,2922102,BA,Nordeste,1.0,Critico,26.61,33.33,1,80.0,7.778333333333333,Precisa de mais de 2x o ritmo,1
Oriximiná - PA,1505304,PA,Norte,1.0,Critico,34.52,30.61,1,80.0,8.231666666666667,Precisa de mais de 2x o ritmo,1
Cachoeira - BA,2904902,BA,Nordeste,1.0,Critico,24.85,33.06,1,80.0,7.823333333333333,Precisa de mais de 2x o ritmo,1
Sento Sé - BA,2930204,BA,Nordeste,1.0,Critico,26.41,24.24,1,80.0,9.293333333333335,Precisa de mais de 2x o ritmo,1
Umburanas - BA,2932457,BA,Nordeste,1.0,Critico,21.31,22.95,1,80.0,9.508333333333333,Precisa de mais de 2x o ritmo,1
Coronel João Sá - BA,2909208,BA,Nordeste,1.0,Critico,28.7,36.04,1,80.0,7.326666666666667,Precisa de mais de 2x o ritmo,1
Serrinha - BA,2930501,BA,Nordeste,1.0,Critico,25.2,19.92,1,80.0,10.013333333333334,Precisa de mais de 2x o ritmo,1
Una - BA,2932507,BA,Nordeste,1.0,Critico,37.89,58.16,1,80.0,3.6400000000000006,Precisa de ate 2x o ritmo,1
Bayeux - PB,2501807,PB,Nordeste,1.0,Critico,35.43,38.08,1,80.0,6.986666666666667,Precisa de mais de 2x o ritmo,0
Conceição da Feira - BA,2908200,BA,Nordeste,1.0,Critico,31.68,27.46,1,80.0,8.756666666666666,Precisa de mais de 2x o ritmo,1
Formosa do Rio Preto - BA,2911105,BA,Nordeste,1.0,Critico,19.66,28.21,1,80.0,8.631666666666666,Precisa de mais de 2x o ritmo,1
Itacaré - BA,2914901,BA,Nordeste,1.0,Critico,32.32,31.19,1,80.0,8.135,Precisa de mais de 2x o ritmo,1
Itapetinga - BA,2916401,BA,Nordeste,1.0,Critico,39.63,32.22,1,80.0,7.963333333333334,Precisa de mais de 2x o ritmo,0
Luís Eduardo Magalhães - BA,2919553,BA,Nordeste,1.0,Critico,29.41,35.72,1,80.0,7.38,Precisa de mais de 2x o ritmo,0
São José do Jacuípe - BA,2929370,BA,Nordeste,1.0,Critico,23.18,28.41,1,80.0,8.598333333333334,Precisa de mais de 2x o ritmo,1
Capim Grosso - BA,2906873,BA,Nordeste,1.0,Critico,26.2,29.34,1,80.0,8.443333333333333,Precisa de mais de 2x o ritmo,1
Jacobina - BA,2917508,BA,Nordeste,1.0,Critico,30.73,28.49,1,80.0,8.585,Precisa de mais de 2x o ritmo,1
Santa Luzia - BA,2928059,BA,Nordeste,1.0,Critico,33.46,28.42,1,80.0,8.596666666666666,Precisa de mais de 2x o ritmo,1
Pilão Arcado - BA,2924405,BA,Nordeste,1.0,Critico,23.9,22.51,1,80.0,9.581666666666665,Precisa de mais de 2x o ritmo,1
Água Azul do Norte - PA,1500347,PA,Norte,1.0,Critico,27.76,51.4,1,80.0,4.766666666666667,Precisa de ate 2x o ritmo,1
Catu - BA,2907509,BA,Nordeste,1.0,Critico,43.47,39.39,1,80.0,6.7683333333333335,Precisa de mais de 2x o ritmo,0
Ibicoara - BA,2912202,BA,Nordeste,1.0,Critico,27.86,32.53,1,80.0,7.911666666666666,Precisa de mais de 2x o ritmo,1
Ilhéus - BA,2913606,BA,Nordeste,1.0,Critico,31.9,26.63,1,80.0,8.895000000000001,Precisa de mais de 2x o ritmo,0
Lapão - BA,2919157,BA,Nordeste,1.0,Critico,25.08,25.25,1,80.0,9.125,Precisa de mais de 2x o ritmo,1
Riachão do Jacuípe - BA,2926301,BA,Nordeste,1.0,Critico,38.41,38.37,1,80.0,6.9383333333333335,Precisa de mais de 2x o ritmo,1
América Dourada - BA,2901155,BA,Nordeste,1.0,Critico,32.19,43.23,1,80.0,6.128333333333334,Precisa de mais de 2x o ritmo,1
Araci - BA,2902104,BA,Nordeste,1.0,Critico,20.27,24.47,1,80.0,9.255,Precisa de mais de 2x o ritmo,1
Banzaê - BA,2902658,BA,Nordeste,1.0,Critico,33.07,26.67,1,80.0,8.888333333333334,Precisa de mais de 2x o ritmo,1
Irará - BA,2914505,BA,Nordeste,1.0,Critico,33.6,32.53,1,,,Sem meta definida,1
Cairu - BA,2905404,BA,Nordeste,1.0,Critico,36.91,32.87,1,80.0,7.855,Precisa de mais de 2x o ritmo,2
Camamu - BA,2905800,BA,Nordeste,1.0,Critico,25.96,28.39,1,80.0,8.601666666666667,Precisa de mais de 2x o ritmo,1
Itabela - BA,2914653,BA,Nordeste,1.0,Critico,31.1,24.92,1,80.0,9.18,Precisa de mais de 2x o ritmo,1
Apodi - RN,2401008,RN,Nordeste,1.0,Critico,37.32,45.18,1,80.0,5.803333333333334,Precisa de mais de 2x o ritmo,1
Malhada - BA,2920205,BA,Nordeste,1.0,Critico,25.23,33.68,1,80.0,7.72,Precisa de mais de 2x o ritmo,1
Santa Bárbara - BA,2927507,BA,Nordeste,1.0,Critico,21.01,31.58,1,80.0,8.07,Precisa de mais de 2x o ritmo,1
Riachão do Dantas - SE,2805802,SE,Nordeste,1.0,Critico,39.26,34.65,1,80.0,7.558333333333334,Precisa de mais de 2x o ritmo,1
Macaíba - RN,2407104,RN,Nordeste,1.0,Critico,28.29,30.44,1,80.0,8.26,Precisa de mais de 2x o ritmo,1
Barra do Choça - BA,2902906,BA,Nordeste,1.0,Critico,36.09,30.6,1,80.0,8.233333333333333,Precisa de mais de 2x o ritmo,1
Belmonte - BA,2903409,BA,Nordeste,1.0,Critico,35.8,33.93,1,80.0,7.678333333333334,Precisa de mais de 2x o ritmo,1
Ibirataia - BA,2912905,BA,Nordeste,1.0,Critico,32.79,37.44,1,80.0,7.093333333333334,Precisa de mais de 2x o ritmo,1
Ibititá - BA,2913101,BA,Nordeste,1.0,Critico,26.1,28.0,1,80.0,8.666666666666666,Precisa de mais de 2x o ritmo,1
Pedro Alexandre - BA,2924207,BA,Nordeste,1.0,Critico,29.14,20.45,1,80.0,9.924999999999999,Precisa de mais de 2x o ritmo,1
São Francisco do Conde - BA,2929206,BA,Nordeste,1.0,Critico,30.02,25.66,1,80.0,9.056666666666667,Precisa de mais de 2x o ritmo,0
Canavieiras - BA,2906303,BA,Nordeste,1.0,Critico,28.98,28.68,1,80.0,8.553333333333333,Precisa de mais de 2x o ritmo,1
Heliópolis - BA,2911857,BA,Nordeste,1.0,Critico,31.4,36.36,1,80.0,7.273333333333333,Precisa de mais de 2x o ritmo,1
Inhambupe - BA,2913705,BA,Nordeste,1.0,Critico,29.49,30.13,1,80.0,8.311666666666667,Precisa de mais de 2x o ritmo,1
Nova Canaã - BA,2922706,BA,Nordeste,1.0,Critico,29.48,50.0,1,80.0,5.0,Precisa de ate 2x o ritmo,1
Porto da Folha - SE,2805604,SE,Nordeste,1.0,Critico,25.59,16.85,1,80.0,10.525,Precisa de mais de 2x o ritmo,1
Glória - BA,2911402,BA,Nordeste,1.0,Critico,35.91,23.53,1,80.0,9.411666666666667,Precisa de mais de 2x o ritmo,1
Frei Paulo - SE,2802304,SE,Nordeste,1.0,Critico,25.6,37.21,1,80.0,7.131666666666667,Precisa de mais de 2x o ritmo,1
Ibipeba - BA,2912400,BA,Nordeste,1.0,Critico,29.8,36.88,1,80.0,7.1866666666666665,Precisa de mais de 2x o ritmo,1
Mascote - BA,2920908,BA,Nordeste,1.0,Critico,22.32,26.73,1,80.0,8.878333333333332,Precisa de mais de 2x o ritmo,1
Muquém do São Francisco - BA,2922250,BA,Nordeste,1.0,Critico,30.98,22.03,1,80.0,9.661666666666667,Precisa de mais de 2x o ritmo,1
Nilo Peçanha - BA,2922607,BA,Nordeste,1.0,Critico,36.06,50.52,1,80.0,4.913333333333333,Precisa de ate 2x o ritmo,1
Várzea do Poço - BA,2933109,BA,Nordeste,1.0,Critico,44.82,43.64,1,80.0,6.06,Precisa de mais de 2x o ritmo,1
Candeias - BA,2906501,BA,Nordeste,1.0,Critico,32.66,36.67,1,80.0,7.221666666666667,Precisa de mais de 2x o ritmo,0
Entre Rios - BA,2910503,BA,Nordeste,1.0,Critico,19.58,32.55,1,80.0,7.908333333333334,Precisa de mais de 2x o ritmo,1
Itapitanga - BA,2916609,BA,Nordeste,1.0,Critico,31.02,36.62,1,80.0,7.23,Precisa de mais de 2x o ritmo,1
Potiraguá - BA,2925402,BA,Nordeste,1.0,Critico,27.88,27.54,1,80.0,8.743333333333334,Precisa de mais de 2x o ritmo,1
Antônio Gonçalves - BA,2901809,BA,Nordeste,1.0,Critico,32.58,25.32,1,80.0,9.113333333333333,Precisa de mais de 2x o ritmo,1
Buerarema - BA,2904704,BA,Nordeste,1.0,Critico,24.27,28.57,1,80.0,8.571666666666667,Precisa de mais de 2x o ritmo,1
Campo Alegre de Lourdes - BA,2905909,BA,Nordeste,1.0,Critico,36.68,28.04,1,80.0,8.66,Precisa de mais de 2x o ritmo,1
Itagibá - BA,2915205,BA,Nordeste,1.0,Critico,36.92,44.21,1,80.0,5.965,Precisa de mais de 2x o ritmo,1
Utinga - BA,2932804,BA,Nordeste,1.0,Critico,33.84,33.04,1,80.0,7.826666666666667,Precisa de mais de 2x o ritmo,1
São Paulo de Olivença - AM,1303908,AM,Norte,1.0,Critico,37.58,36.71,1,80.0,7.215,Precisa de mais de 2x o ritmo,1
Andorinha - BA,2901353,BA,Nordeste,1.0,Critico,32.96,28.44,1,80.0,8.593333333333334,Precisa de mais de 2x o ritmo,1
Camaçari - BA,2905701,BA,Nordeste,1.0,Critico,33.55,36.56,1,80.0,7.239999999999999,Precisa de mais de 2x o ritmo,0
Capela do Alto Alegre - BA,2906857,BA,Nordeste,1.0,Critico,35.87,45.45,1,80.0,5.758333333333333,Precisa de mais de 2x o ritmo,1
São Miguel das Matas - BA,2929404,BA,Nordeste,1.0,Critico,28.76,36.76,1,80.0,7.206666666666667,Precisa de mais de 2x o ritmo,1
Seabra - BA,2929909,BA,Nordeste,1.0,Critico,48.67,34.98,1,80.0,7.503333333333334,Precisa de mais de 2x o ritmo,1
Vera Cruz - BA,2933208,BA,Nordeste,1.0,Critico,39.14,38.27,1,80.0,6.954999999999999,Precisa de mais de 2x o ritmo,0
Cruz das Almas - BA,2909802,BA,Nordeste,1.0,Critico,34.64,33.56,1,80.0,7.739999999999999,Precisa de mais de 2x o ritmo,0
Gandu - BA,2911204,BA,Nordeste,1.0,Critico,33.26,47.2,1,80.0,5.466666666666666,Precisa de mais de 2x o ritmo,1
Igrapiúna - BA,2913457,BA,Nordeste,1.0,Critico,30.3,43.64,1,80.0,6.06,Precisa de mais de 2x o ritmo,1
Jussari - BA,2918555,BA,Nordeste,1.0,Critico,35.85,31.58,1,80.0,8.07,Precisa de mais de 2x o ritmo,1
Presidente Jânio Quadros - BA,2925709,BA,Nordeste,1.0,Critico,30.41,31.78,1,80.0,8.036666666666667,Precisa de mais de 2x o ritmo,1
Esplanada - BA,2910602,BA,Nordeste,1.0,Critico,19.87,23.96,1,80.0,9.34,Precisa de mais de 2x o ritmo,1
Novo Triunfo - BA,2923050,BA,Nordeste,1.0,Critico,21.75,39.06,1,80.0,6.823333333333333,Precisa de mais de 2x o ritmo,1
Santa Cruz Cabrália - BA,2927705,BA,Nordeste,1.0,Critico,40.45,37.36,1,80.0,7.1066666666666665,Precisa de mais de 2x o ritmo,1
Serra do Ramalho - BA,2930154,BA,Nordeste,1.0,Critico,36.17,26.65,1,80.0,8.891666666666667,Precisa de mais de 2x o ritmo,1
Caetanos - BA,2905156,BA,Nordeste,0.9971787656333021,Critico,24.86,46.43,1,80.0,5.595,Precisa de mais de 2x o ritmo,1
São Gabriel - BA,2929255,BA,Nordeste,0.9968253968253968,Critico,33.19,33.54,1,80.0,7.743333333333333,Precisa de mais de 2x o ritmo,1
Floresta Azul - BA,2911006,BA,Nordeste,0.9968253968253968,Critico,15.12,41.03,1,80.0,6.495,Precisa de mais de 2x o ritmo,1
Conde - BA,2908606,BA,Nordeste,0.9968253968253968,Critico,40.59,28.14,1,80.0,8.643333333333333,Precisa de mais de 2x o ritmo,1
Itaeté - BA,2915007,BA,Nordeste,0.9968253968253968,Critico,41.31,45.45,1,80.0,5.758333333333333,Precisa de mais de 2x o ritmo,1
Livramento de Nossa Senhora - BA,2919504,BA,Nordeste,0.9968253968253968,Critico,38.43,38.06,1,80.0,6.989999999999999,Precisa de mais de 2x o ritmo,1
Antônio Cardoso - BA,2901700,BA,Nordeste,0.9968253968253968,Critico,33.89,25.76,1,80.0,9.04,Precisa de mais de 2x o ritmo,1
Nova Redenção - BA,2922854,BA,Nordeste,0.9968253968253968,Critico,31.91,27.03,1,80.0,8.828333333333333,Precisa de mais de 2x o ritmo,1
Santa Terezinha - BA,2928505,BA,Nordeste,0.9968253968253968,Critico,26.63,27.63,1,80.0,8.728333333333333,Precisa de mais de 2x o ritmo,1
Cândido Sales - BA,2906709,BA,Nordeste,0.9968253968253968,Critico,38.1,30.86,1,80.0,8.19,Precisa de mais de 2x o ritmo,1
Taperoá - BA,2931202,BA,Nordeste,0.9968253968253968,Critico,38.83,47.52,1,80.0,5.413333333333333,Precisa de mais de 2x o ritmo,1
Alcobaça - BA,2900801,BA,Nordeste,0.9968253968253968,Critico,45.33,29.6,1,80.0,8.4,Precisa de mais de 2x o ritmo,1
Simões Filho - BA,2930709,BA,Nordeste,0.9968253968253968,Critico,42.62,42.14,1,80.0,6.31,Precisa de mais de 2x o ritmo,0
Antas - BA,2901601,BA,Nordeste,0.9968253968253968,Critico,44.12,23.17,1,80.0,9.471666666666666,Precisa de mais de 2x o ritmo,1
João Câmara - RN,2405801,RN,Nordeste,0.996078431372549,Critico,22.55,35.88,1,80.0,7.353333333333333,Precisa de mais de 2x o ritmo,1
Ribeira do Pombal - BA,2926608,BA,Nordeste,0.996078431372549,Critico,34.39,40.72,1,80.0,6.546666666666667,Precisa de mais de 2x o ritmo,1
Anajás - PA,1500701,PA,Norte,0.996078431372549,Critico,26.81,33.83,1,80.0,7.695,Precisa de mais de 2x o ritmo,1
Upanema - RN,2414605,RN,Nordeste,0.996078431372549,Critico,28.76,36.67,1,,,Sem meta definida,1
São Caetano de Odivelas - PA,1507102,PA,Norte,0.996078431372549,Critico,33.37,69.85,0,80.0,1.6916666666666675,Atinge no ritmo atual,1
Barreirinha - AM,1300508,AM,Norte,0.996078431372549,Critico,30.89,25.0,1,80.0,9.166666666666666,Precisa de mais de 2x o ritmo,1
Santo Antônio do Tauá - PA,1507003,PA,Norte,0.996078431372549,Critico,25.72,31.66,1,80.0,8.056666666666667,Precisa de mais de 2x o ritmo,1
Jacareacanga - PA,1503754,PA,Norte,0.996078431372549,Critico,36.03,24.95,1,80.0,9.174999999999999,Precisa de mais de 2x o ritmo,1
Poções - BA,2925105,BA,Nordeste,0.996078431372549,Critico,44.01,42.93,1,80.0,6.178333333333334,Precisa de mais de 2x o ritmo,1
Itaporanga d'Ajuda - SE,2803203,SE,Nordeste,0.996078431372549,Critico,24.31,39.49,1,80.0,6.751666666666666,Precisa de mais de 2x o ritmo,1
Presidente Figueiredo - AM,1303536,AM,Norte,0.996078431372549,Critico,34.17,35.31,1,80.0,7.448333333333333,Precisa de mais de 2x o ritmo,2
Acará - PA,1500206,PA,Norte,0.996078431372549,Critico,39.02,41.73,1,80.0,6.378333333333334,Precisa de mais de 2x o ritmo,1
Nossa Senhora da Glória - SE,2804508,SE,Nordeste,0.996078431372549,Critico,31.86,37.56,1,80.0,7.073333333333333,Precisa de mais de 2x o ritmo,1
Maragogipe - BA,2920601,BA,Nordeste,0.996078431372549,Critico,47.43,54.49,1,80.0,4.251666666666666,Precisa de ate 2x o ritmo,1
Guajeru - BA,2911659,BA,Nordeste,0.996078431372549,Critico,29.2,36.78,1,80.0,7.203333333333333,Precisa de mais de 2x o ritmo,1
Souto Soares - BA,2930808,BA,Nordeste,0.996078431372549,Critico,25.49,31.82,1,80.0,8.03,Precisa de mais de 2x o ritmo,1
Senador José Porfírio - PA,1507805,PA,Norte,0.996078431372549,Critico,33.22,35.9,1,80.0,7.3500000000000005,Precisa de mais de 2x o ritmo,1
Jacundá - PA,1503804,PA,Norte,0.996078431372549,Critico,40.47,37.87,1,80.0,7.021666666666667,Precisa de mais de 2x o ritmo,1
Nossa Senhora do Socorro - SE,2804805,SE,Nordeste,0.996078431372549,Critico,21.3,29.82,1,80.0,8.363333333333333,Precisa de mais de 2x o ritmo,0
Ipanguaçu - RN,2404705,RN,Nordeste,0.996078431372549,Critico,18.04,40.91,1,80.0,6.515000000000001,Precisa de mais de 2x o ritmo,1
Irecê - BA,2914604,BA,Nordeste,0.996078431372549,Critico,42.02,46.83,1,80.0,5.528333333333333,Precisa de mais de 2x o ritmo,0
Pacajá - PA,1505486,PA,Norte,0.996078431372549,Critico,37.32,45.49,1,80.0,5.751666666666666,Precisa de mais de 2x o ritmo,1
Casa Nova - BA,2907202,BA,Nordeste,0.996078431372549,Critico,13.13,20.93,1,80.0,9.845,Precisa de mais de 2x o ritmo,1
Jussara - BA,2918506,BA,Nordeste,0.996078431372549,Critico,23.19,43.44,1,80.0,6.093333333333334,Precisa de mais de 2x o ritmo,1
Arataca - BA,2902252,BA,Nordeste,0.996078431372549,Critico,16.86,13.11,1,80.0,11.148333333333333,Precisa de mais de 2x o ritmo,1
Piritiba - BA,2924801,BA,Nordeste,0.996078431372549,Critico,43.07,40.58,1,80.0,6.57,Precisa de mais de 2x o ritmo,1
Iraquara - BA,2914406,BA,Nordeste,0.996078431372549,Critico,38.87,44.24,1,80.0,5.96,Precisa de mais de 2x o ritmo,1
Angicos - RN,2400802,RN,Nordeste,0.996078431372549,Critico,28.34,55.14,1,80.0,4.1433333333333335,Precisa de ate 2x o ritmo,1
Afuá - PA,1500305,PA,Norte,0.996078431372549,Critico,30.81,38.18,1,80.0,6.97,Precisa de mais de 2x o ritmo,1
Bonito - BA,2904050,BA,Nordeste,0.996078431372549,Critico,40.18,34.0,1,80.0,7.666666666666667,Precisa de mais de 2x o ritmo,1
Castro Alves - BA,2907301,BA,Nordeste,0.996078431372549,Critico,44.01,30.54,1,80.0,8.243333333333334,Precisa de mais de 2x o ritmo,1
Piatã - BA,2924306,BA,Nordeste,0.996078431372549,Critico,42.2,45.33,1,80.0,5.778333333333333,Precisa de mais de 2x o ritmo,1
Tucuruí - PA,1508100,PA,Norte,0.996078431372549,Critico,37.28,44.7,1,80.0,5.883333333333333,Precisa de mais de 2x o ritmo,0
Porto Seguro - BA,2925303,BA,Nordeste,0.996078431372549,Critico,46.72,45.5,1,80.0,5.75,Precisa de mais de 2x o ritmo,0
Alenquer - PA,1500404,PA,Norte,0.996078431372549,Critico,36.41,35.0,1,80.0,7.5,Precisa de mais de 2x o ritmo,1
Itororó - BA,2917102,BA,Nordeste,0.996078431372549,Critico,47.4,28.85,1,80.0,8.525,Precisa de mais de 2x o ritmo,1
Propriá - SE,2805703,SE,Nordeste,0.996078431372549,Critico,25.97,34.13,1,80.0,7.645,Precisa de mais de 2x o ritmo,0
São Domingos do Capim - PA,1507201,PA,Norte,0.996078431372549,Critico,31.2,32.97,1,80.0,7.838333333333334,Precisa de mais de 2x o ritmo,1
Bom Jesus da Serra - BA,2903953,BA,Nordeste,0.9953488372093023,Critico,41.85,24.44,1,80.0,9.26,Precisa de mais de 2x o ritmo,1
Carinhanha - BA,2907103,BA,Nordeste,0.9953488372093023,Critico,28.55,31.96,1,80.0,8.006666666666666,Precisa de mais de 2x o ritmo,1
Barro Preto - BA,2903300,BA,Nordeste,0.9953488372093023,Critico,39.29,24.72,1,80.0,9.213333333333333,Precisa de mais de 2x o ritmo,1
Caém - BA,2905107,BA,Nordeste,0.9953488372093023,Critico,35.37,36.71,1,80.0,7.215,Precisa de mais de 2x o ritmo,1
Iramaia - BA,2914307,BA,Nordeste,0.9953488372093023,Critico,27.38,36.36,1,,,Sem meta definida,1
Aiquara - BA,2900603,BA,Nordeste,0.9953488372093023,Critico,29.26,26.32,1,80.0,8.946666666666667,Precisa de mais de 2x o ritmo,1
Olindina - BA,2923100,BA,Nordeste,0.9953488372093023,Critico,34.5,21.29,1,80.0,9.785,Precisa de mais de 2x o ritmo,1
Barra - BA,2902708,BA,Nordeste,0.9953488372093023,Critico,26.84,28.48,1,80.0,8.586666666666666,Precisa de mais de 2x o ritmo,1
Aracatu - BA,2902005,BA,Nordeste,0.9953488372093023,Critico,41.95,28.92,1,80.0,8.513333333333334,Precisa de mais de 2x o ritmo,1
Canudos - BA,2906824,BA,Nordeste,0.9953488372093023,Critico,18.85,30.13,1,80.0,8.311666666666667,Precisa de mais de 2x o ritmo,1
Coaraci - BA,2908002,BA,Nordeste,0.9953488372093023,Critico,37.24,39.13,1,80.0,6.8116666666666665,Precisa de mais de 2x o ritmo,1
Itagi - BA,2915106,BA,Nordeste,0.9953488372093023,Critico,37.75,23.53,1,80.0,9.411666666666667,Precisa de mais de 2x o ritmo,1
Conceição do Jacuípe - BA,2908507,BA,Nordeste,0.9953488372093023,Critico,34.3,37.5,1,80.0,7.083333333333333,Precisa de mais de 2x o ritmo,0
Xique-Xique - BA,2933604,BA,Nordeste,0.9953488372093023,Critico,31.02,32.25,1,80.0,7.958333333333333,Precisa de mais de 2x o ritmo,1
Iaçu - BA,2911907,BA,Nordeste,0.9953488372093023,Critico,22.93,28.52,1,80.0,8.58,Precisa de mais de 2x o ritmo,1
Piraí do Norte - BA,2924678,BA,Nordeste,0.9953488372093023,Critico,47.67,42.86,1,,,Sem meta definida,1
Serrolândia - BA,2930600,BA,Nordeste,0.9953488372093023,Critico,32.84,25.69,1,80.0,9.051666666666668,Precisa de mais de 2x o ritmo,1
Itaguaçu da Bahia - BA,2915353,BA,Nordeste,0.9949525803333668,Critico,20.89,32.8,1,80.0,7.866666666666667,Precisa de mais de 2x o ritmo,1
Tanquinho - BA,2931103,BA,Nordeste,0.9947368421052631,Critico,18.93,30.67,1,80.0,8.221666666666666,Precisa de mais de 2x o ritmo,1
Macau - RN,2407203,RN,Nordeste,0.9947368421052631,Critico,30.68,32.43,1,80.0,7.928333333333334,Precisa de mais de 2x o ritmo,2
São Domingos - BA,2928950,BA,Nordeste,0.9947368421052631,Critico,25.27,52.94,1,80.0,4.510000000000001,Precisa de ate 2x o ritmo,1
Barra dos Coqueiros - SE,2800605,SE,Nordeste,0.9941176470588236,Critico,24.92,28.1,1,80.0,8.65,Precisa de mais de 2x o ritmo,0
Itupiranga - PA,1503705,PA,Norte,0.9941176470588236,Critico,42.67,44.08,1,80.0,5.986666666666667,Precisa de mais de 2x o ritmo,1
Itamaraju - BA,2915601,BA,Nordeste,0.9941176470588236,Critico,44.07,37.41,1,80.0,7.098333333333334,Precisa de mais de 2x o ritmo,1
Ipixuna do Pará - PA,1503457,PA,Norte,0.9941176470588236,Critico,39.7,42.95,1,80.0,6.175,Precisa de mais de 2x o ritmo,1
Baianópolis - BA,2902500,BA,Nordeste,0.9941176470588236,Critico,39.85,35.92,1,80.0,7.346666666666667,Precisa de mais de 2x o ritmo,1
Almeirim - PA,1500503,PA,Norte,0.9941176470588236,Critico,30.68,38.92,1,80.0,6.846666666666667,Precisa de mais de 2x o ritmo,1
Canindé de São Francisco - SE,2801207,SE,Nordeste,0.9941176470588236,Critico,22.69,26.66,1,80.0,8.89,Precisa de mais de 2x o ritmo,1
Maceió - AL,2704302,AL,Nordeste,0.9941176470588236,Critico,39.48,40.58,1,80.0,6.57,Precisa de mais de 2x o ritmo,0
Santo Amaro - BA,2928604,BA,Nordeste,0.9941176470588236,Critico,43.81,36.96,1,80.0,7.173333333333333,Precisa de mais de 2x o ritmo,0
Caetité - BA,2905206,BA,Nordeste,0.9941176470588236,Critico,49.15,39.02,1,80.0,6.829999999999999,Precisa de mais de 2x o ritmo,1
Touros - RN,2414407,RN,Nordeste,0.9941176470588236,Critico,24.96,38.9,1,80.0,6.8500000000000005,Precisa de mais de 2x o ritmo,1
Baraúna - RN,2401453,RN,Nordeste,0.994,Critico,32.01,44.48,1,80.0,5.920000000000001,Precisa de mais de 2x o ritmo,1
Barrocas - BA,2903276,BA,Nordeste,0.9939129589721295,Critico,42.08,46.15,1,80.0,5.641666666666667,Precisa de mais de 2x o ritmo,1
Macarani - BA,2919702,BA,Nordeste,0.99375,Critico,49.05,44.74,1,80.0,5.876666666666666,Precisa de mais de 2x o ritmo,1
Indiaroba - SE,2802809,SE,Nordeste,0.9934426229508198,Critico,38.33,34.31,1,80.0,7.614999999999999,Precisa de mais de 2x o ritmo,1
Abaíra - BA,2900108,BA,Nordeste,0.9934426229508198,Critico,34.57,42.42,1,80.0,6.263333333333333,Precisa de mais de 2x o ritmo,1
Nordestina - BA,2922656,BA,Nordeste,0.9926613943804575,Critico,31.25,26.14,1,80.0,8.976666666666667,Precisa de mais de 2x o ritmo,1
Miguel Calmon - BA,2921203,BA,Nordeste,0.9925458415641725,Critico,47.8,36.96,1,80.0,7.173333333333333,Precisa de mais de 2x o ritmo,1
Lamarão - BA,2919108,BA,Nordeste,0.9923076923076923,Critico,22.24,19.57,1,80.0,10.071666666666667,Precisa de mais de 2x o ritmo,1
Elísio Medrado - BA,2910305,BA,Nordeste,0.9923076923076923,Critico,29.96,35.29,1,80.0,7.451666666666667,Precisa de mais de 2x o ritmo,1
Nova Esperança do Piriá - PA,1504950,PA,Norte,0.9919921378190268,Critico,35.64,50.02,1,80.0,4.996666666666666,Precisa de ate 2x o ritmo,1
Curaçá - BA,2909901,BA,Nordeste,0.9917774086378737,Critico,29.66,22.94,1,80.0,9.51,Precisa de mais de 2x o ritmo,1
Mirangaba - BA,2921401,BA,Nordeste,0.9917774086378737,Critico,33.73,29.41,1,80.0,8.431666666666667,Precisa de mais de 2x o ritmo,1
Itaparica - BA,2916104,BA,Nordeste,0.99156223893066,Critico,38.25,28.57,1,80.0,8.571666666666667,Precisa de mais de 2x o ritmo,0
Tremedal - BA,2931806,BA,Nordeste,0.99156223893066,Critico,49.49,42.86,1,80.0,6.19,Precisa de mais de 2x o ritmo,1
Itaju do Colônia - BA,2915403,BA,Nordeste,0.99156223893066,Critico,20.17,15.25,1,80.0,10.791666666666666,Precisa de mais de 2x o ritmo,1
Igarapé-Açu - PA,1503200,PA,Norte,0.99156223893066,Critico,37.45,45.59,1,80.0,5.734999999999999,Precisa de mais de 2x o ritmo,1
Jucurutu - RN,2406106,RN,Nordeste,0.99156223893066,Critico,28.69,46.3,1,80.0,5.616666666666667,Precisa de mais de 2x o ritmo,1
Carira - SE,2801405,SE,Nordeste,0.99156223893066,Critico,33.52,34.24,1,80.0,7.626666666666666,Precisa de mais de 2x o ritmo,1
Lagoa da Confusão - TO,1711902,TO,Norte,0.99156223893066,Critico,26.02,35.66,1,80.0,7.390000000000001,Precisa de mais de 2x o ritmo,2
Mocajuba - PA,1504604,PA,Norte,0.99156223893066,Critico,31.97,37.29,1,80.0,7.118333333333333,Precisa de mais de 2x o ritmo,1
Marapanim - PA,1504406,PA,Norte,0.99156223893066,Critico,28.74,45.42,1,80.0,5.763333333333333,Precisa de mais de 2x o ritmo,1
Itabaiana - SE,2802908,SE,Nordeste,0.99156223893066,Critico,27.61,40.82,1,80.0,6.53,Precisa de mais de 2x o ritmo,0
São Miguel do Tocantins - TO,1720200,TO,Norte,0.99156223893066,Critico,26.98,36.9,1,80.0,7.183333333333334,Precisa de mais de 2x o ritmo,1
Ituberá - BA,2917300,BA,Nordeste,0.99156223893066,Critico,44.09,29.17,1,80.0,8.471666666666666,Precisa de mais de 2x o ritmo,1
Careiro - AM,1301100,AM,Norte,0.99156223893066,Critico,29.22,24.88,1,,,Sem meta definida,1
Itagimirim - BA,2915304,BA,Nordeste,0.99156223893066,Critico,32.81,25.0,1,80.0,9.166666666666666,Precisa de mais de 2x o ritmo,1
Capela - SE,2801306,SE,Nordeste,0.99156223893066,Critico,33.52,35.78,1,80.0,7.37,Precisa de mais de 2x o ritmo,1
Maruim - SE,2804003,SE,Nordeste,0.99156223893066,Critico,21.39,31.19,1,80.0,8.135,Precisa de mais de 2x o ritmo,1
Marcionílio Souza - BA,2920809,BA,Nordeste,0.990909090909091,Critico,21.15,18.57,1,80.0,10.238333333333333,Precisa de mais de 2x o ritmo,1
Goianinha - RN,2404200,RN,Nordeste,0.9904285714285713,Critico,22.54,35.33,1,80.0,7.445,Precisa de mais de 2x o ritmo,1
Curralinho - PA,1502806,PA,Norte,0.9902439024390244,Critico,25.06,24.03,1,80.0,9.328333333333333,Precisa de mais de 2x o ritmo,1
Barra de Santo Antônio - AL,2700508,AL,Nordeste,0.9895721925133689,Critico,30.57,32.98,1,80.0,7.836666666666667,Precisa de mais de 2x o ritmo,1
Rio Largo - AL,2707701,AL,Nordeste,0.9895721925133689,Critico,36.89,38.78,1,80.0,6.87,Precisa de mais de 2x o ritmo,0
Aurora do Pará - PA,1500958,PA,Norte,0.9895721925133689,Critico,33.96,55.54,1,80.0,4.076666666666667,Precisa de ate 2x o ritmo,1
Anguera - BA,2901502,BA,Nordeste,0.9893488372093022,Critico,38.74,55.95,1,80.0,4.008333333333333,Precisa de ate 2x o ritmo,1
Barreiras - BA,2903201,BA,Nordeste,0.9893488372093022,Critico,37.98,36.09,1,80.0,7.3183333333333325,Precisa de mais de 2x o ritmo,0
Moju - PA,1504703,PA,Norte,0.9893488372093022,Critico,32.11,34.29,1,80.0,7.618333333333333,Precisa de mais de 2x o ritmo,1
Breu Branco - PA,1501782,PA,Norte,0.9893488372093022,Critico,31.24,50.55,1,80.0,4.908333333333334,Precisa de ate 2x o ritmo,1
Firmino Alves - BA,2910909,BA,Nordeste,0.9893488372093022,Critico,36.52,23.26,1,,,Sem meta definida,1
São José da Vitória - BA,2929354,BA,Nordeste,0.9893488372093022,Critico,31.3,27.27,1,80.0,8.788333333333334,Precisa de mais de 2x o ritmo,1
São Miguel do Guamá - PA,1507607,PA,Norte,0.9890570295223642,Critico,38.69,49.59,1,80.0,5.0683333333333325,Precisa de ate 2x o ritmo,1
Abaetetuba - PA,1500107,PA,Norte,0.9889822595704949,Critico,39.73,35.85,1,80.0,7.358333333333333,Precisa de mais de 2x o ritmo,1
Simão Dias - SE,2807105,SE,Nordeste,0.9889822595704949,Critico,35.18,35.97,1,80.0,7.338333333333334,Precisa de mais de 2x o ritmo,1
Caaporã - PB,2503001,PB,Nordeste,0.9889822595704949,Critico,37.78,29.81,1,80.0,8.365,Precisa de mais de 2x o ritmo,1
Lajes - RN,2406700,RN,Nordeste,0.9889822595704949,Critico,26.57,33.68,1,80.0,7.72,Precisa de mais de 2x o ritmo,1
Poço Verde - SE,2805505,SE,Nordeste,0.9889822595704949,Critico,32.89,40.54,1,80.0,6.576666666666667,Precisa de mais de 2x o ritmo,1
Guarabira - PB,2506301,PB,Nordeste,0.9889822595704949,Critico,36.12,59.62,1,80.0,3.396666666666667,Precisa de ate 2x o ritmo,0
Lagoa Salgada - RN,2406601,RN,Nordeste,0.9889822595704949,Critico,23.4,63.42,0,80.0,2.763333333333333,Precisa de ate 2x o ritmo,1
Boqueirão - PB,2502508,PB,Nordeste,0.9889822595704949,Critico,38.0,37.65,1,80.0,7.058333333333334,Precisa de mais de 2x o ritmo,1
Viseu - PA,1508308,PA,Norte,0.9889822595704949,Critico,34.28,38.21,1,80.0,6.965,Precisa de mais de 2x o ritmo,1
Delmiro Gouveia - AL,2702405,AL,Nordeste,0.9889822595704949,Critico,31.11,28.13,1,80.0,8.645000000000001,Precisa de mais de 2x o ritmo,1
Parnaíba - PI,2207702,PI,Nordeste,0.988875,Critico,31.0,38.42,1,80.0,6.93,Precisa de mais de 2x o ritmo,0
Angical - BA,2901403,BA,Nordeste,0.9883861236802414,Critico,38.05,28.44,1,80.0,8.593333333333334,Precisa de mais de 2x o ritmo,1
Pedro Velho - RN,2409803,RN,Nordeste,0.9883861236802414,Critico,22.71,24.05,1,80.0,9.325000000000001,Precisa de mais de 2x o ritmo,1
Barra do Rocha - BA,2903102,BA,Nordeste,0.9883861236802414,Critico,38.14,39.62,1,80.0,6.73,Precisa de mais de 2x o ritmo,1
São José do Campestre - RN,2412302,RN,Nordeste,0.9883861236802414,Critico,29.87,49.57,1,80.0,5.071666666666666,Precisa de ate 2x o ritmo,1
Jaborandi - BA,2917359,BA,Nordeste,0.9883861236802414,Critico,40.89,43.16,1,80.0,6.140000000000001,Precisa de mais de 2x o ritmo,1
Macajuba - BA,2919603,BA,Nordeste,0.9883861236802414,Critico,18.56,30.14,1,80.0,8.31,Precisa de mais de 2x o ritmo,1
Igaci - AL,2703106,AL,Nordeste,0.9883861236802414,Critico,29.74,24.34,1,80.0,9.276666666666666,Precisa de mais de 2x o ritmo,1
Almadina - BA,2900900,BA,Nordeste,0.9883861236802414,Critico,31.19,23.91,1,80.0,9.348333333333334,Precisa de mais de 2x o ritmo,1
Tabocas do Brejo Velho - BA,2930907,BA,Nordeste,0.9883861236802414,Critico,35.84,43.31,1,80.0,6.114999999999999,Precisa de mais de 2x o ritmo,1
Gongogi - BA,2911501,BA,Nordeste,0.9883861236802414,Critico,27.74,50.0,1,80.0,5.0,Precisa de ate 2x o ritmo,1
Apuarema - BA,2901957,BA,Nordeste,0.9883861236802414,Critico,37.0,43.24,1,80.0,6.126666666666666,Precisa de mais de 2x o ritmo,1
São Félix - BA,2929008,BA,Nordeste,0.9883861236802414,Critico,32.07,31.33,1,80.0,8.111666666666666,Precisa de mais de 2x o ritmo,1
Itapé - BA,2916203,BA,Nordeste,0.9883861236802414,Critico,30.59,35.38,1,80.0,7.4366666666666665,Precisa de mais de 2x o ritmo,1
Belo Campo - BA,2903508,BA,Nordeste,0.9877499999999999,Critico,47.6,33.06,1,80.0,7.823333333333333,Precisa de mais de 2x o ritmo,1
Salinas da Margarida - BA,2927309,BA,Nordeste,0.9874910673535304,Critico,47.81,45.77,1,80.0,5.704999999999999,Precisa de mais de 2x o ritmo,1
Caapiranga - AM,1300839,AM,Norte,0.9872807870229238,Critico,34.37,31.85,1,80.0,8.025,Precisa de mais de 2x o ritmo,1
Nova Itarana - BA,2922805,BA,Nordeste,0.9872320407816305,Critico,32.97,34.65,1,80.0,7.558333333333334,Precisa de mais de 2x o ritmo,1
Baião - PA,1501204,PA,Norte,0.9869747899159664,Critico,27.52,38.16,1,80.0,6.973333333333334,Precisa de mais de 2x o ritmo,1
Pau dos Ferros - RN,2409407,RN,Nordeste,0.9869747899159664,Critico,39.7,41.08,1,80.0,6.486666666666667,Precisa de mais de 2x o ritmo,0
Vigia - PA,1508209,PA,Norte,0.9869747899159664,Critico,29.77,37.71,1,80.0,7.048333333333333,Precisa de mais de 2x o ritmo,1
Aurelino Leal - BA,2902401,BA,Nordeste,0.9861176470588235,Critico,42.65,33.61,1,80.0,7.7316666666666665,Precisa de mais de 2x o ritmo,1
Cristópolis - BA,2909703,BA,Nordeste,0.9857774086378737,Critico,44.52,43.75,1,80.0,6.041666666666667,Precisa de mais de 2x o ritmo,1
São Sebastião - AL,2708808,AL,Nordeste,0.9857774086378737,Critico,36.66,42.43,1,80.0,6.261666666666667,Precisa de mais de 2x o ritmo,1
Tailândia - PA,1507953,PA,Norte,0.9857774086378737,Critico,37.67,37.9,1,80.0,7.016666666666667,Precisa de mais de 2x o ritmo,1
Nísia Floresta - RN,2408201,RN,Nordeste,0.9857774086378737,Critico,32.03,49.02,1,80.0,5.163333333333333,Precisa de mais de 2x o ritmo,1
Porto de Pedras - AL,2707404,AL,Nordeste,0.9857774086378737,Critico,30.12,27.47,1,80.0,8.755,Precisa de mais de 2x o ritmo,1
Santana do Ipanema - AL,2708006,AL,Nordeste,0.9857774086378737,Critico,34.54,44.16,1,80.0,5.973333333333334,Precisa de mais de 2x o ritmo,1
Passa e Fica - RN,2409100,RN,Nordeste,0.9857774086378737,Critico,19.72,42.72,1,80.0,6.213333333333334,Precisa de mais de 2x o ritmo,1
Tibau do Sul - RN,2414209,RN,Nordeste,0.9857774086378737,Critico,17.6,24.98,1,80.0,9.17,Precisa de mais de 2x o ritmo,1
Pirpirituba - PB,2511806,PB,Nordeste,0.9857774086378737,Critico,34.62,41.49,1,80.0,6.418333333333333,Precisa de mais de 2x o ritmo,1
Manoel Vitorino - BA,2920403,BA,Nordeste,0.9857774086378737,Critico,39.54,41.67,1,80.0,6.388333333333333,Precisa de mais de 2x o ritmo,1
Rio Real - BA,2927002,BA,Nordeste,0.9857774086378737,Critico,40.97,33.21,1,80.0,7.798333333333333,Precisa de mais de 2x o ritmo,1
Caraúbas - RN,2402303,RN,Nordeste,0.9857774086378737,Critico,26.21,41.75,1,80.0,6.375,Precisa de mais de 2x o ritmo,1
Batalha - AL,2700706,AL,Nordeste,0.9857774086378737,Critico,33.15,45.96,1,80.0,5.673333333333333,Precisa de mais de 2x o ritmo,1
Estância - SE,2802106,SE,Nordeste,0.9857774086378737,Critico,33.96,31.09,1,80.0,8.151666666666666,Precisa de mais de 2x o ritmo,0
Itapiranga - AM,1302009,AM,Norte,0.9857774086378737,Critico,33.25,33.25,1,,,Sem meta definida,1
Porto Calvo - AL,2707305,AL,Nordeste,0.9857774086378737,Critico,36.55,45.99,1,80.0,5.668333333333333,Precisa de mais de 2x o ritmo,1
Cajueiro - AL,2701308,AL,Nordeste,0.9857774086378737,Critico,26.75,33.4,1,80.0,7.766666666666667,Precisa de mais de 2x o ritmo,1
Vitória do Jari - AP,1600808,AP,Norte,0.9857774086378737,Critico,28.7,35.39,1,80.0,7.435,Precisa de mais de 2x o ritmo,1
Santa Cruz - RN,2411205,RN,Nordeste,0.9857774086378737,Critico,21.32,34.65,1,80.0,7.558333333333334,Precisa de mais de 2x o ritmo,1
São Desidério - BA,2928901,BA,Nordeste,0.9857774086378737,Critico,44.69,54.07,1,80.0,4.321666666666666,Precisa de ate 2x o ritmo,1
São Tomé - RN,2412906,RN,Nordeste,0.9857774086378737,Critico,21.91,49.16,1,80.0,5.140000000000001,Precisa de mais de 2x o ritmo,1
Pureza - RN,2410405,RN,Nordeste,0.9857774086378737,Critico,36.66,33.85,1,80.0,7.691666666666666,Precisa de mais de 2x o ritmo,1
Alexandria - RN,2400505,RN,Nordeste,0.9857774086378737,Critico,17.76,58.98,1,80.0,3.503333333333334,Precisa de ate 2x o ritmo,1
Pacatuba - SE,2804904,SE,Nordeste,0.9857774086378737,Critico,16.9,28.56,1,80.0,8.573333333333332,Precisa de mais de 2x o ritmo,1
Ceará-Mirim - RN,2402600,RN,Nordeste,0.9857774086378737,Critico,22.16,34.66,1,80.0,7.5566666666666675,Precisa de mais de 2x o ritmo,1
Jardim de Piranhas - RN,2405603,RN,Nordeste,0.9857774086378737,Critico,30.88,56.61,1,80.0,3.8983333333333334,Precisa de ate 2x o ritmo,1
Estrela de Alagoas - AL,2702553,AL,Nordeste,0.9857774086378737,Critico,34.55,36.15,1,80.0,7.308333333333334,Precisa de mais de 2x o ritmo,1
Anastácio - MS,5000708,MS,Centro-Oeste,0.9857774086378737,Critico,31.44,41.7,1,80.0,6.383333333333333,Precisa de mais de 2x o ritmo,2
Cametá - PA,1502103,PA,Norte,0.9857774086378737,Critico,40.41,39.08,1,80.0,6.82,Precisa de mais de 2x o ritmo,1
Oiapoque - AP,1600501,AP,Norte,0.9857774086378737,Critico,26.09,21.03,1,80.0,9.828333333333333,Precisa de mais de 2x o ritmo,1
Santa Luzia do Itanhy - SE,2806305,SE,Nordeste,0.9857774086378737,Critico,25.9,22.15,1,80.0,9.641666666666667,Precisa de mais de 2x o ritmo,1
Contendas do Sincorá - BA,2908804,BA,Nordeste,0.9857774086378737,Critico,24.0,40.62,1,80.0,6.5633333333333335,Precisa de mais de 2x o ritmo,1
Medeiros Neto - BA,2921104,BA,Nordeste,0.9857774086378737,Critico,51.46,46.9,1,80.0,5.516666666666667,Precisa de mais de 2x o ritmo,1
Rosário do Catete - SE,2806107,SE,Nordeste,0.9857774086378737,Critico,39.18,39.01,1,80.0,6.831666666666667,Precisa de mais de 2x o ritmo,2
Amargosa - BA,2901007,BA,Nordeste,0.9857774086378737,Critico,51.07,51.0,1,80.0,4.833333333333333,Precisa de ate 2x o ritmo,1
Rio Preto da Eva - AM,1303569,AM,Norte,0.9857774086378737,Critico,35.31,46.76,1,80.0,5.54,Precisa de mais de 2x o ritmo,1
Jiquiriçá - BA,2918209,BA,Nordeste,0.9857774086378737,Critico,42.04,46.67,1,,,Sem meta definida,1
Brumado - BA,2904605,BA,Nordeste,0.9857774086378737,Critico,53.28,42.15,1,80.0,6.308333333333334,Precisa de mais de 2x o ritmo,0
Eirunepé - AM,1301407,AM,Norte,0.9857774086378737,Critico,29.61,41.03,1,,,Sem meta definida,1
Umbaúba - SE,2807600,SE,Nordeste,0.9857774086378737,Critico,25.4,39.34,1,80.0,6.776666666666666,Precisa de mais de 2x o ritmo,1
Varzedo - BA,2933174,BA,Nordeste,0.9852611236802413,Critico,44.14,40.0,1,80.0,6.666666666666667,Precisa de mais de 2x o ritmo,1
Pé de Serra - BA,2924058,BA,Nordeste,0.9852611236802413,Critico,37.89,39.22,1,,,Sem meta definida,1
Palmas de Monte Alto - BA,2923407,BA,Nordeste,0.9847665648968272,Critico,45.51,35.76,1,80.0,7.373333333333334,Precisa de mais de 2x o ritmo,1
Jussiape - BA,2918605,BA,Nordeste,0.9843517138599106,Critico,32.1,33.33,1,80.0,7.778333333333333,Precisa de mais de 2x o ritmo,1
Gentio do Ouro - BA,2911303,BA,Nordeste,0.9843517138599106,Critico,45.07,54.32,1,80.0,4.28,Precisa de ate 2x o ritmo,1
Saubara - BA,2929750,BA,Nordeste,0.9843517138599106,Critico,43.18,52.63,1,80.0,4.5616666666666665,Precisa de ate 2x o ritmo,1
Brejinho - RN,2401800,RN,Nordeste,0.9843517138599106,Critico,35.09,52.24,1,,,Sem meta definida,1
Queimados - RJ,3304144,RJ,Sudeste,0.9843076923076923,Critico,38.08,37.63,1,80.0,7.0616666666666665,Precisa de mais de 2x o ritmo,0
Canguaretama - RN,2402204,RN,Nordeste,0.9843076923076923,Critico,37.7,32.26,1,80.0,7.956666666666667,Precisa de mais de 2x o ritmo,1
Nossa Senhora das Dores - SE,2804607,SE,Nordeste,0.9842647773538928,Critico,34.31,28.34,1,80.0,8.61,Precisa de mais de 2x o ritmo,1
Nova Cruz - RN,2408300,RN,Nordeste,0.9842280401712842,Critico,40.15,27.74,1,80.0,8.71,Precisa de mais de 2x o ritmo,1
Ibipitanga - BA,2912509,BA,Nordeste,0.9841785714285713,Critico,44.17,46.81,1,80.0,5.531666666666666,Precisa de mais de 2x o ritmo,1
Ribeirão do Largo - BA,2926657,BA,Nordeste,0.9841785714285713,Critico,47.25,52.63,1,80.0,4.5616666666666665,Precisa de ate 2x o ritmo,1
Lajedão - BA,2918902,BA,Nordeste,0.9841785714285713,Critico,58.38,48.28,1,80.0,5.286666666666666,Precisa de mais de 2x o ritmo,1
Boa Vista do Ramos - AM,1300680,AM,Norte,0.9841785714285713,Critico,41.21,37.21,1,80.0,7.131666666666667,Precisa de mais de 2x o ritmo,1
São Miguel do Gostoso - RN,2412559,RN,Nordeste,0.9841785714285713,Critico,33.46,30.54,1,80.0,8.243333333333334,Precisa de mais de 2x o ritmo,1
Muaná - PA,1504901,PA,Norte,0.9841785714285713,Critico,36.17,33.63,1,80.0,7.728333333333333,Precisa de mais de 2x o ritmo,1
Tartarugalzinho - AP,1600709,AP,Norte,0.9841785714285713,Critico,29.97,90.52,0,80.0,-1.7533333333333327,Meta ja atingida,1
Porto Murtinho - MS,5006903,MS,Centro-Oeste,0.9841785714285713,Critico,30.48,67.46,0,80.0,2.090000000000001,Atinge no ritmo atual,2
Sítio do Quinto - BA,2930766,BA,Nordeste,0.9841785714285713,Critico,44.05,42.47,1,80.0,6.255,Precisa de mais de 2x o ritmo,1
Castanhal - PA,1502400,PA,Norte,0.9841785714285713,Critico,38.09,32.97,1,80.0,7.838333333333334,Precisa de mais de 2x o ritmo,0
Girau do Ponciano - AL,2702900,AL,Nordeste,0.9841785714285713,Critico,35.73,39.96,1,80.0,6.673333333333333,Precisa de mais de 2x o ritmo,1
Rafael Jambeiro - BA,2925956,BA,Nordeste,0.9841785714285713,Critico,48.41,33.53,1,80.0,7.745,Precisa de mais de 2x o ritmo,1
Guanambi - BA,2911709,BA,Nordeste,0.9841785714285713,Critico,48.58,46.39,1,80.0,5.601666666666667,Precisa de mais de 2x o ritmo,0
Uarini - AM,1304260,AM,Norte,0.9841785714285713,Critico,23.33,18.08,1,80.0,10.32,Precisa de mais de 2x o ritmo,1
São João de Pirabas - PA,1507474,PA,Norte,0.9841785714285713,Critico,29.84,40.76,1,80.0,6.54,Precisa de mais de 2x o ritmo,1
Luís Gomes - RN,2407005,RN,Nordeste,0.9841785714285713,Critico,32.17,38.98,1,80.0,6.836666666666667,Precisa de mais de 2x o ritmo,1
Arapiraca - AL,2700300,AL,Nordeste,0.9841785714285713,Critico,39.44,43.75,1,80.0,6.041666666666667,Precisa de mais de 2x o ritmo,0
Currais Novos - RN,2403103,RN,Nordeste,0.9841423669387673,Critico,38.87,46.22,1,80.0,5.63,Precisa de mais de 2x o ritmo,0
Malhador - SE,2803906,SE,Nordeste,0.9839789367626487,Critico,31.75,36.75,1,80.0,7.208333333333333,Precisa de mais de 2x o ritmo,1
Itaporanga - PB,2507002,PB,Nordeste,0.9836865253898441,Critico,17.96,48.7,1,80.0,5.216666666666666,Precisa de mais de 2x o ritmo,1
Itabaiana - PB,2506905,PB,Nordeste,0.9828041015891026,Critico,33.24,53.73,1,80.0,4.378333333333334,Precisa de ate 2x o ritmo,1
Caculé - BA,2905008,BA,Nordeste,0.9824293353705119,Critico,51.82,47.96,1,80.0,5.34,Precisa de mais de 2x o ritmo,1
Teixeira de Freitas - BA,2931350,BA,Nordeste,0.9824293353705119,Critico,51.85,35.04,1,80.0,7.493333333333333,Precisa de mais de 2x o ritmo,0
Pedras de Fogo - PB,2511202,PB,Nordeste,0.9824293353705119,Critico,37.3,48.58,1,80.0,5.236666666666667,Precisa de mais de 2x o ritmo,1
Mucugê - BA,2921906,BA,Nordeste,0.9824293353705119,Critico,41.65,38.82,1,80.0,6.863333333333333,Precisa de mais de 2x o ritmo,1
Embu das Artes - SP,3515004,SP,Sudeste,0.9824293353705119,Critico,38.07,48.71,1,80.0,5.215,Precisa de mais de 2x o ritmo,0
Sapé - PB,2515302,PB,Nordeste,0.9824293353705119,Critico,33.89,39.0,1,80.0,6.833333333333333,Precisa de mais de 2x o ritmo,1
Brejolândia - BA,2904407,BA,Nordeste,0.9824293353705119,Critico,41.09,40.43,1,80.0,6.595,Precisa de mais de 2x o ritmo,1
São Miguel dos Milagres - AL,2708709,AL,Nordeste,0.9824293353705119,Critico,34.51,50.67,1,80.0,4.888333333333333,Precisa de ate 2x o ritmo,1
Neópolis - SE,2804409,SE,Nordeste,0.9824293353705119,Critico,23.66,30.98,1,80.0,8.17,Precisa de mais de 2x o ritmo,1
Serra do Mel - RN,2413359,RN,Nordeste,0.9824293353705119,Critico,32.67,27.68,1,80.0,8.72,Precisa de mais de 2x o ritmo,1
São José da Coroa Grande - PE,2613404,PE,Nordeste,0.9824293353705119,Critico,41.77,39.24,1,80.0,6.793333333333333,Precisa de mais de 2x o ritmo,1
Paramirim - BA,2923605,BA,Nordeste,0.9824293353705119,Critico,46.89,48.94,1,80.0,5.176666666666667,Precisa de mais de 2x o ritmo,1
São Francisco do Pará - PA,1507409,PA,Norte,0.9824293353705119,Critico,37.02,37.44,1,80.0,7.093333333333334,Precisa de mais de 2x o ritmo,1
Ilha das Flores - SE,2802700,SE,Nordeste,0.9824293353705119,Critico,27.78,16.26,1,80.0,10.623333333333333,Precisa de mais de 2x o ritmo,1
Maragogi - AL,2704500,AL,Nordeste,0.9818181818181818,Critico,32.4,45.6,1,80.0,5.733333333333333,Precisa de mais de 2x o ritmo,1
Lagarto - SE,2803500,SE,Nordeste,0.9818181818181818,Critico,40.43,37.5,1,80.0,7.083333333333333,Precisa de mais de 2x o ritmo,1
Poço Redondo - SE,2805406,SE,Nordeste,0.9818181818181818,Critico,16.35,26.61,1,80.0,8.898333333333333,Precisa de mais de 2x o ritmo,1
Japoatã - SE,2803401,SE,Nordeste,0.9818181818181818,Critico,26.06,39.3,1,80.0,6.783333333333334,Precisa de mais de 2x o ritmo,1
Arez - RN,2401206,RN,Nordeste,0.9818181818181818,Critico,24.75,31.22,1,80.0,8.13,Precisa de mais de 2x o ritmo,1
Natal - RN,2408102,RN,Nordeste,0.9818181818181818,Critico,37.34,36.32,1,,,Sem meta definida,0
São Félix do Coribe - BA,2929057,BA,Nordeste,0.9818181818181818,Critico,54.89,36.59,1,80.0,7.234999999999999,Precisa de mais de 2x o ritmo,1
Aracaju - SE,2800308,SE,Nordeste,0.9818181818181818,Critico,30.95,44.28,1,80.0,5.953333333333333,Precisa de mais de 2x o ritmo,0
Ichu - BA,2913309,BA,Nordeste,0.9817927170868348,Critico,28.43,32.14,1,,,Sem meta definida,1
Itaquara - BA,2916708,BA,Nordeste,0.981572192513369,Critico,34.36,34.25,1,80.0,7.625,Precisa de mais de 2x o ritmo,1
Pirambu - SE,2805307,SE,Nordeste,0.981572192513369,Critico,25.81,37.68,1,80.0,7.053333333333334,Precisa de mais de 2x o ritmo,1
João Dourado - BA,2918357,BA,Nordeste,0.9814035087719299,Critico,34.64,53.15,1,80.0,4.4750000000000005,Precisa de ate 2x o ritmo,1
Macaúbas - BA,2919801,BA,Nordeste,0.9813376623376623,Critico,43.5,31.5,1,80.0,8.083333333333334,Precisa de mais de 2x o ritmo,1
Araguaína - TO,1702109,TO,Norte,0.9812941222612096,Critico,35.44,50.51,1,80.0,4.915,Precisa de ate 2x o ritmo,0
Guaraí - TO,1709302,TO,Norte,0.9811826923076923,Critico,36.07,48.16,1,80.0,5.3066666666666675,Precisa de mais de 2x o ritmo,0
Nova Olinda - TO,1714880,TO,Norte,0.9811826923076923,Critico,25.45,40.7,1,80.0,6.55,Precisa de mais de 2x o ritmo,2
Monte Alegre de Sergipe - SE,2804201,SE,Nordeste,0.9811826923076923,Critico,29.63,35.07,1,80.0,7.488333333333333,Precisa de mais de 2x o ritmo,1
Santa Bárbara do Pará - PA,1506351,PA,Norte,0.9811529933481153,Critico,37.63,46.35,1,80.0,5.608333333333333,Precisa de mais de 2x o ritmo,1
Mesquita - RJ,3302858,RJ,Sudeste,0.9811101832259632,Critico,37.82,35.09,1,80.0,7.484999999999999,Precisa de mais de 2x o ritmo,0
Jacaraú - PB,2507309,PB,Nordeste,0.9802866073965818,Critico,34.78,51.18,1,80.0,4.803333333333334,Precisa de ate 2x o ritmo,1
Bom Jesus - RN,2401701,RN,Nordeste,0.9802866073965818,Critico,29.19,50.85,1,,,Sem meta definida,1
São Felipe - BA,2929107,BA,Nordeste,0.9791603279242732,Critico,45.9,41.13,1,80.0,6.478333333333333,Precisa de mais de 2x o ritmo,1
Campo do Brito - SE,2801009,SE,Nordeste,0.9787431457868785,Critico,38.89,34.96,1,80.0,7.506666666666667,Precisa de mais de 2x o ritmo,1
Silves - AM,1304005,AM,Norte,0.9785380263984914,Critico,40.1,41.71,1,80.0,6.381666666666667,Precisa de mais de 2x o ritmo,1
Chorrochó - BA,2907707,BA,Nordeste,0.9785145888594166,Critico,34.56,36.19,1,80.0,7.301666666666667,Precisa de mais de 2x o ritmo,1
Augusto Corrêa - PA,1500909,PA,Norte,0.9779653573233869,Critico,38.56,43.99,1,80.0,6.001666666666666,Precisa de mais de 2x o ritmo,1
São Domingos - SE,2806800,SE,Nordeste,0.9770267379679144,Critico,29.59,29.79,1,80.0,8.368333333333334,Precisa de mais de 2x o ritmo,1
Itaueira - PI,2205102,PI,Nordeste,0.9769391891891891,Critico,25.15,85.9,0,80.0,-0.9833333333333343,Meta ja atingida,1
Uauá - BA,2932002,BA,Nordeste,0.9769391891891891,Critico,44.93,40.28,1,80.0,6.62,Precisa de mais de 2x o ritmo,1
Paranaíba - MS,5006309,MS,Centro-Oeste,0.9769391891891891,Critico,30.65,55.2,1,80.0,4.133333333333333,Precisa de ate 2x o ritmo,0
Canápolis - BA,2906105,BA,Nordeste,0.9763303842532525,Critico,37.3,29.55,1,80.0,8.408333333333333,Precisa de mais de 2x o ritmo,1
Nova Iguaçu - RJ,3303500,RJ,Sudeste,0.97593723893066,Critico,33.23,33.42,1,80.0,7.763333333333333,Precisa de mais de 2x o ritmo,0
Lajedinho - BA,2919009,BA,Nordeste,0.97593723893066,Critico,50.0,21.21,1,80.0,9.798333333333334,Precisa de mais de 2x o ritmo,1
Gurupá - PA,1503101,PA,Norte,0.97593723893066,Critico,25.73,38.25,1,,,Sem meta definida,1
Melgaço - PA,1504505,PA,Norte,0.97593723893066,Critico,38.0,28.64,1,80.0,8.56,Precisa de mais de 2x o ritmo,1
Encruzilhada - BA,2910404,BA,Nordeste,0.97593723893066,Critico,41.87,37.25,1,80.0,7.125,Precisa de mais de 2x o ritmo,1
Capela - AL,2701704,AL,Nordeste,0.9758082854365628,Critico,41.23,42.53,1,80.0,6.245,Precisa de mais de 2x o ritmo,1
São João do Araguaia - PA,1507508,PA,Norte,0.9752608047690015,Critico,33.62,35.42,1,80.0,7.43,Precisa de mais de 2x o ritmo,1
Vitória da Conquista - BA,2933307,BA,Nordeste,0.9750818965517242,Critico,47.86,42.75,1,80.0,6.208333333333333,Precisa de mais de 2x o ritmo,0
Piranhas - AL,2707107,AL,Nordeste,0.974595616298935,Critico,24.74,25.08,1,80.0,9.153333333333334,Precisa de mais de 2x o ritmo,1
Sumé - PB,2516300,PB,Nordeste,0.9745930202319656,Critico,33.2,64.53,0,80.0,2.578333333333333,Precisa de ate 2x o ritmo,1
Santo Amaro das Brotas - SE,2806602,SE,Nordeste,0.9745930202319656,Critico,33.33,37.62,1,80.0,7.0633333333333335,Precisa de mais de 2x o ritmo,1
Palmeira dos Índios - AL,2706307,AL,Nordeste,0.9743950039032006,Critico,31.61,38.7,1,80.0,6.883333333333333,Precisa de mais de 2x o ritmo,1
São Francisco - SE,2806909,SE,Nordeste,0.97409828009828,Critico,34.78,81.25,0,80.0,-0.20833333333333334,Meta ja atingida,1
Traipu - AL,2709202,AL,Nordeste,0.9733572595704949,Critico,31.62,47.49,1,80.0,5.418333333333333,Precisa de mais de 2x o ritmo,1
Feira Grande - AL,2702603,AL,Nordeste,0.9733572595704949,Critico,35.2,44.46,1,80.0,5.923333333333333,Precisa de mais de 2x o ritmo,1
Itanagra - BA,2915908,BA,Nordeste,0.9733572595704949,Critico,22.47,24.53,1,,,Sem meta definida,1
Joaquim Gomes - AL,2703809,AL,Nordeste,0.9733572595704949,Critico,30.41,27.68,1,80.0,8.72,Precisa de mais de 2x o ritmo,1
Adustina - BA,2900355,BA,Nordeste,0.9733572595704949,Critico,44.68,42.45,1,80.0,6.258333333333333,Precisa de mais de 2x o ritmo,1
Umarizal - RN,2414506,RN,Nordeste,0.9729055258467023,Critico,33.05,46.97,1,,,Sem meta definida,1
Mucuri - BA,2922003,BA,Nordeste,0.9729055258467023,Critico,49.09,47.96,1,80.0,5.34,Precisa de mais de 2x o ritmo,0
Portel - PA,1505809,PA,Norte,0.9729055258467023,Critico,43.69,40.72,1,80.0,6.546666666666667,Precisa de mais de 2x o ritmo,1
Santana do São Francisco - SE,2806404,SE,Nordeste,0.9729055258467023,Critico,28.89,22.21,1,80.0,9.631666666666666,Precisa de mais de 2x o ritmo,1
Viçosa - AL,2709400,AL,Nordeste,0.9727272727272727,Critico,40.03,49.91,1,80.0,5.015000000000001,Precisa de ate 2x o ritmo,1
Mazagão - AP,1600402,AP,Norte,0.9720620842572062,Critico,29.38,44.22,1,80.0,5.963333333333334,Precisa de mais de 2x o ritmo,1
São Luís do Quitunde - AL,2708501,AL,Nordeste,0.9720620842572062,Critico,39.59,53.64,1,80.0,4.3933333333333335,Precisa de ate 2x o ritmo,1
Graccho Cardoso - SE,2802601,SE,Nordeste,0.9720483829895594,Critico,20.0,16.67,1,80.0,10.555,Precisa de mais de 2x o ritmo,1
Ribas do Rio Pardo - MS,5007109,MS,Centro-Oeste,0.9720483829895594,Critico,34.35,42.87,1,80.0,6.1883333333333335,Precisa de mais de 2x o ritmo,2
Ponta de Pedras - PA,1505700,PA,Norte,0.9720483829895594,Critico,39.5,58.0,1,80.0,3.6666666666666665,Precisa de ate 2x o ritmo,1
Floresta - PE,2605707,PE,Nordeste,0.9719707854406131,Critico,33.42,51.67,1,80.0,4.721666666666667,Precisa de ate 2x o ritmo,1
Cotegipe - BA,2909406,BA,Nordeste,0.971918413510388,Critico,40.77,41.9,1,80.0,6.3500000000000005,Precisa de mais de 2x o ritmo,1
Atalaia - AL,2700409,AL,Nordeste,0.9718614718614719,Critico,32.36,44.27,1,80.0,5.954999999999999,Precisa de mais de 2x o ritmo,1
Carmópolis - SE,2801504,SE,Nordeste,0.9718181818181819,Critico,24.85,16.16,1,80.0,10.64,Precisa de mais de 2x o ritmo,2
Jaguaquara - BA,2917607,BA,Nordeste,0.971695169544805,Critico,46.31,53.7,1,80.0,4.383333333333333,Precisa de ate 2x o ritmo,1
Matina - BA,2921054,BA,Nordeste,0.9714680202319655,Critico,41.7,42.52,1,80.0,6.246666666666666,Precisa de mais de 2x o ritmo,1
Wanderlândia - TO,1722081,TO,Norte,0.9714680202319655,Critico,35.16,41.89,1,80.0,6.351666666666667,Precisa de mais de 2x o ritmo,1
Aratuípe - BA,2902302,BA,Nordeste,0.9714680202319655,Critico,47.9,60.0,0,80.0,3.3333333333333335,Precisa de ate 2x o ritmo,1
Carneiros - AL,2701803,AL,Nordeste,0.9707410236822002,Critico,43.52,38.85,1,80.0,6.858333333333333,Precisa de mais de 2x o ritmo,1
Pedrão - BA,2924108,BA,Nordeste,0.9706983653205894,Critico,20.72,13.33,1,80.0,11.111666666666666,Precisa de mais de 2x o ritmo,1
Palmeiras - BA,2923506,BA,Nordeste,0.9705854800936768,Critico,43.73,40.45,1,80.0,6.591666666666666,Precisa de mais de 2x o ritmo,1
Garrafão do Norte - PA,1503077,PA,Norte,0.9705145888594165,Critico,37.96,32.89,1,80.0,7.851666666666667,Precisa de mais de 2x o ritmo,1
Olho d'Água das Flores - AL,2705705,AL,Nordeste,0.9705145888594165,Critico,40.12,45.46,1,80.0,5.756666666666667,Precisa de mais de 2x o ritmo,1
Gurinhém - PB,2506400,PB,Nordeste,0.9705145888594165,Critico,35.1,27.02,1,80.0,8.83,Precisa de mais de 2x o ritmo,1
Cristinápolis - SE,2801702,SE,Nordeste,0.9705145888594165,Critico,24.74,34.73,1,80.0,7.545000000000001,Precisa de mais de 2x o ritmo,1
São João de Meriti - RJ,3305109,RJ,Sudeste,0.9705145888594165,Critico,37.6,35.97,1,80.0,7.338333333333334,Precisa de mais de 2x o ritmo,0
Belford Roxo - RJ,3300456,RJ,Sudeste,0.9705145888594165,Critico,34.73,38.9,1,80.0,6.8500000000000005,Precisa de mais de 2x o ritmo,0
Lagoa Nova - RN,2406502,RN,Nordeste,0.9696633779237033,Critico,34.74,35.61,1,80.0,7.398333333333333,Precisa de mais de 2x o ritmo,1
Assú - RN,2400208,RN,Nordeste,0.9688062350665604,Critico,41.81,40.37,1,80.0,6.605,Precisa de mais de 2x o ritmo,0
Santa Izabel do Pará - PA,1506500,PA,Norte,0.9688062350665604,Critico,40.8,34.18,1,80.0,7.636666666666667,Precisa de mais de 2x o ritmo,0
Candiba - BA,2906600,BA,Nordeste,0.9684069264069264,Critico,46.72,41.67,1,80.0,6.388333333333333,Precisa de mais de 2x o ritmo,1
Mãe do Rio - PA,1504059,PA,Norte,0.9683140175495666,Critico,45.48,46.97,1,80.0,5.505,Precisa de mais de 2x o ritmo,1
Borba - AM,1300805,AM,Norte,0.9676794539616044,Critico,39.89,41.24,1,80.0,6.46,Precisa de mais de 2x o ritmo,1
Arara - PB,2500908,PB,Nordeste,0.9675029284441049,Critico,35.35,52.9,1,80.0,4.516666666666667,Precisa de ate 2x o ritmo,1
Porciúncula - RJ,3304102,RJ,Sudeste,0.9675029284441049,Critico,35.38,52.38,1,80.0,4.603333333333333,Precisa de ate 2x o ritmo,0
Novo Lino - AL,2705606,AL,Nordeste,0.9675029284441049,Critico,27.37,39.85,1,80.0,6.691666666666666,Precisa de mais de 2x o ritmo,1
Marcelino Vieira - RN,2407302,RN,Nordeste,0.9675029284441049,Critico,25.17,26.79,1,80.0,8.868333333333334,Precisa de mais de 2x o ritmo,1
Pauini - AM,1303502,AM,Norte,0.9674034777483053,Critico,38.95,48.43,1,80.0,5.261666666666667,Precisa de mais de 2x o ritmo,1
Messias - AL,2705200,AL,Nordeste,0.9674034777483053,Critico,30.81,41.87,1,80.0,6.355,Precisa de mais de 2x o ritmo,1
Campos dos Goytacazes - RJ,3301009,RJ,Sudeste,0.9673895888594165,Critico,38.69,38.87,1,80.0,6.855,Precisa de mais de 2x o ritmo,0
Alagoa Grande - PB,2500304,PB,Nordeste,0.967241586756747,Critico,31.18,28.48,1,80.0,8.586666666666666,Precisa de mais de 2x o ritmo,1
Barcarena - PA,1501303,PA,Norte,0.966896978021978,Critico,46.55,39.5,1,80.0,6.75,Precisa de mais de 2x o ritmo,0
Sidrolândia - MS,5007901,MS,Centro-Oeste,0.966896978021978,Critico,36.19,39.84,1,80.0,6.6933333333333325,Precisa de mais de 2x o ritmo,0
Nova Viçosa - BA,2923001,BA,Nordeste,0.966896978021978,Critico,56.37,37.21,1,80.0,7.131666666666667,Precisa de mais de 2x o ritmo,1
Nova Alvorada do Sul - MS,5006002,MS,Centro-Oeste,0.9665228475228475,Critico,37.23,56.52,1,80.0,3.9133333333333327,Precisa de ate 2x o ritmo,2
Cravolândia - BA,2909505,BA,Nordeste,0.9665228475228475,Critico,57.33,34.55,1,80.0,7.575,Precisa de mais de 2x o ritmo,1
Baía Formosa - RN,2401404,RN,Nordeste,0.9661698956780924,Critico,26.01,35.36,1,80.0,7.44,Precisa de mais de 2x o ritmo,1
Patu - RN,2409308,RN,Nordeste,0.9661698956780924,Critico,30.47,32.39,1,80.0,7.935,Precisa de mais de 2x o ritmo,1
Iuiu - BA,2917334,BA,Nordeste,0.9657785087719299,Critico,49.03,25.53,1,80.0,9.078333333333333,Precisa de mais de 2x o ritmo,1
Mossoró - RN,2408003,RN,Nordeste,0.9657626687038452,Critico,36.31,43.7,1,80.0,6.05,Precisa de mais de 2x o ritmo,0
Pio XII - MA,2108702,MA,Nordeste,0.9655047072080258,Critico,24.85,63.6,0,80.0,2.733333333333333,Precisa de ate 2x o ritmo,1
Extremoz - RN,2403608,RN,Nordeste,0.9655047072080258,Critico,49.69,34.18,1,80.0,7.636666666666667,Precisa de mais de 2x o ritmo,1
Oeiras do Pará - PA,1505205,PA,Norte,0.9655047072080258,Critico,18.54,31.03,1,80.0,8.161666666666667,Precisa de mais de 2x o ritmo,1
Marechal Deodoro - AL,2704708,AL,Nordeste,0.9655047072080258,Critico,40.6,46.23,1,80.0,5.628333333333334,Precisa de mais de 2x o ritmo,0
Tanhaçu - BA,2931004,BA,Nordeste,0.9652608047690014,Critico,58.73,47.42,1,80.0,5.43,Precisa de mais de 2x o ritmo,1
Santa Cruz da Vitória - BA,2927804,BA,Nordeste,0.9652608047690014,Critico,45.13,37.04,1,80.0,7.16,Precisa de mais de 2x o ritmo,1
Pendências - RN,2409902,RN,Nordeste,0.9646616073965818,Critico,40.87,33.3,1,80.0,7.783333333333334,Precisa de mais de 2x o ritmo,1
São José de Piranhas - PB,2514503,PB,Nordeste,0.9646616073965818,Critico,34.1,55.77,1,80.0,4.038333333333333,Precisa de ate 2x o ritmo,1
Goianésia do Pará - PA,1503093,PA,Norte,0.9646616073965818,Critico,46.05,42.29,1,80.0,6.285,Precisa de mais de 2x o ritmo,1
Ibiquera - BA,2912608,BA,Nordeste,0.9646616073965818,Critico,20.08,15.62,1,80.0,10.729999999999999,Precisa de mais de 2x o ritmo,1
Rosário do Sul - RS,4316402,RS,Sul,0.9646616073965818,Critico,53.58,36.7,1,80.0,7.216666666666666,Precisa de mais de 2x o ritmo,0
Espírito Santo - RN,2403509,RN,Nordeste,0.9646616073965818,Critico,18.07,47.13,1,80.0,5.478333333333333,Precisa de mais de 2x o ritmo,1
Campo Grande - RN,2401305,RN,Nordeste,0.9646616073965818,Critico,33.21,43.77,1,80.0,6.038333333333333,Precisa de mais de 2x o ritmo,1
Janduís - RN,2405207,RN,Nordeste,0.9646616073965818,Critico,28.72,37.23,1,80.0,7.128333333333334,Precisa de mais de 2x o ritmo,1
Altamira - PA,1500602,PA,Norte,0.9646616073965818,Critico,46.67,45.32,1,80.0,5.78,Precisa de mais de 2x o ritmo,0
Florânia - RN,2403806,RN,Nordeste,0.9646616073965818,Critico,33.89,39.8,1,80.0,6.7,Precisa de mais de 2x o ritmo,1
Maués - AM,1302900,AM,Norte,0.9646616073965818,Critico,58.04,51.72,1,80.0,4.713333333333334,Precisa de ate 2x o ritmo,1
Ourilândia do Norte - PA,1505437,PA,Norte,0.9646616073965818,Critico,48.68,53.11,1,80.0,4.4816666666666665,Precisa de ate 2x o ritmo,2
Arauá - SE,2800407,SE,Nordeste,0.9645754259684922,Critico,31.03,28.6,1,80.0,8.566666666666666,Precisa de mais de 2x o ritmo,1
Barra da Estiva - BA,2902807,BA,Nordeste,0.9643950039032007,Critico,47.58,47.17,1,80.0,5.471666666666667,Precisa de mais de 2x o ritmo,1
Santa Isabel do Rio Negro - AM,1303601,AM,Norte,0.9642792121043902,Critico,30.62,36.99,1,80.0,7.168333333333333,Precisa de mais de 2x o ritmo,1
Rio do Fogo - RN,2408953,RN,Nordeste,0.9642784777483053,Critico,14.85,31.56,1,80.0,8.073333333333332,Precisa de mais de 2x o ritmo,1
Poço das Trincheiras - AL,2707206,AL,Nordeste,0.9642784777483053,Critico,33.38,48.87,1,80.0,5.1883333333333335,Precisa de mais de 2x o ritmo,1
Breves - PA,1501808,PA,Norte,0.9642607805211061,Critico,44.0,55.58,1,80.0,4.07,Precisa de ate 2x o ritmo,1
Conceição do Araguaia - PA,1502707,PA,Norte,0.9642607805211061,Critico,38.75,50.76,1,80.0,4.873333333333334,Precisa de ate 2x o ritmo,1
Irituia - PA,1503507,PA,Norte,0.96392118226601,Critico,45.28,49.64,1,80.0,5.06,Precisa de ate 2x o ritmo,1
Pariconha - AL,2706422,AL,Nordeste,0.9637858669108669,Critico,37.81,56.98,1,80.0,3.8366666666666673,Precisa de ate 2x o ritmo,1
Japeri - RJ,3302270,RJ,Sudeste,0.9637858669108669,Critico,39.09,36.88,1,80.0,7.1866666666666665,Precisa de mais de 2x o ritmo,0
Flexeiras - AL,2702801,AL,Nordeste,0.9637858669108669,Critico,34.71,49.34,1,80.0,5.109999999999999,Precisa de mais de 2x o ritmo,1
Riachão - MA,2109502,MA,Nordeste,0.9637858669108669,Critico,41.08,51.85,1,80.0,4.691666666666666,Precisa de ate 2x o ritmo,1
Maracás - BA,2920502,BA,Nordeste,0.9637858669108669,Critico,52.47,43.58,1,80.0,6.07,Precisa de mais de 2x o ritmo,1
Pilar - AL,2706901,AL,Nordeste,0.9637858669108669,Critico,37.59,45.81,1,80.0,5.698333333333333,Precisa de mais de 2x o ritmo,1
São Félix do Xingu - PA,1507300,PA,Norte,0.9637858669108669,Critico,39.67,30.95,1,80.0,8.174999999999999,Precisa de mais de 2x o ritmo,1
Amapá - AP,1600105,AP,Norte,0.9637858669108669,Critico,31.2,19.3,1,80.0,10.116666666666667,Precisa de mais de 2x o ritmo,1
Ubaíra - BA,2932101,BA,Nordeste,0.9631985294117648,Critico,47.39,38.93,1,80.0,6.845,Precisa de mais de 2x o ritmo,1
Nova Fátima - BA,2922730,BA,Nordeste,0.9631985294117648,Critico,46.81,31.91,1,80.0,8.015,Precisa de mais de 2x o ritmo,1
Caicó - RN,2402006,RN,Nordeste,0.9631985294117648,Critico,37.06,47.28,1,80.0,5.453333333333333,Precisa de mais de 2x o ritmo,0
Serra Caiada - RN,2410306,RN,Nordeste,0.962971175166297,Critico,29.52,40.45,1,,,Sem meta definida,1
Taquarana - AL,2709103,AL,Nordeste,0.9621053743004963,Critico,44.02,38.96,1,80.0,6.84,Precisa de mais de 2x o ritmo,1
Brejo Grande - SE,2800704,SE,Nordeste,0.9620620842572063,Critico,27.27,34.6,1,80.0,7.566666666666666,Precisa de mais de 2x o ritmo,1
Iguaí - BA,2913507,BA,Nordeste,0.9618468983400394,Critico,49.55,31.48,1,80.0,8.086666666666666,Precisa de mais de 2x o ritmo,1
Parnamirim - RN,2403251,RN,Nordeste,0.9613376623376624,Critico,44.3,35.27,1,80.0,7.454999999999999,Precisa de mais de 2x o ritmo,0
Dom Pedro - MA,2103802,MA,Nordeste,0.9612172141583907,Critico,40.39,43.95,1,80.0,6.008333333333333,Precisa de mais de 2x o ritmo,1
Nova Ibiá - BA,2922755,BA,Nordeste,0.9607961822660099,Critico,50.34,48.98,1,80.0,5.170000000000001,Precisa de mais de 2x o ritmo,1
Campos Lindos - TO,1703842,TO,Norte,0.9606193239384728,Critico,16.16,38.52,1,80.0,6.913333333333333,Precisa de mais de 2x o ritmo,1
Gararu - SE,2802403,SE,Nordeste,0.9595959595959596,Critico,19.42,36.4,1,80.0,7.266666666666667,Precisa de mais de 2x o ritmo,1
Catolândia - BA,2907400,BA,Nordeste,0.9592834652834652,Critico,10.48,25.71,1,80.0,9.048333333333334,Precisa de mais de 2x o ritmo,1
Gilbués - PI,2204402,PI,Nordeste,0.9592834652834652,Critico,31.29,39.2,1,80.0,6.8,Precisa de mais de 2x o ritmo,1
Miranda - MS,5005608,MS,Centro-Oeste,0.9592608047690014,Critico,26.61,38.78,1,80.0,6.87,Precisa de mais de 2x o ritmo,2
Boninal - BA,2904001,BA,Nordeste,0.9588306478321502,Critico,45.05,48.96,1,80.0,5.173333333333333,Precisa de mais de 2x o ritmo,1
Floresta do Araguaia - PA,1503044,PA,Norte,0.9585869460136113,Critico,47.77,67.37,0,80.0,2.104999999999999,Atinge no ritmo atual,1
Babaçulândia - TO,1703008,TO,Norte,0.9585380263984915,Critico,20.49,19.17,1,80.0,10.138333333333334,Precisa de mais de 2x o ritmo,1
Praia Norte - TO,1718303,TO,Norte,0.9576850711548988,Critico,18.07,38.49,1,80.0,6.918333333333333,Precisa de mais de 2x o ritmo,1
Darcinópolis - TO,1706506,TO,Norte,0.9576850711548988,Critico,31.21,45.61,1,80.0,5.7316666666666665,Precisa de mais de 2x o ritmo,1
Nova Ipixuna - PA,1504976,PA,Norte,0.9576850711548988,Critico,44.35,52.55,1,80.0,4.575,Precisa de ate 2x o ritmo,1
São Rafael - RN,2412807,RN,Nordeste,0.9576850711548988,Critico,19.8,25.47,1,80.0,9.088333333333333,Precisa de mais de 2x o ritmo,1
Xambioá - TO,1722107,TO,Norte,0.9576850711548988,Critico,22.0,42.82,1,80.0,6.196666666666666,Precisa de mais de 2x o ritmo,2
Riachuelo - RN,2410900,RN,Nordeste,0.9576850711548988,Critico,41.27,25.65,1,80.0,9.058333333333334,Precisa de mais de 2x o ritmo,1
Coqueiro Seco - AL,2702207,AL,Nordeste,0.9571924603174603,Critico,34.53,54.67,1,80.0,4.221666666666667,Precisa de ate 2x o ritmo,1
Tomé-Açu - PA,1508001,PA,Norte,0.9571924603174603,Critico,48.0,49.49,1,80.0,5.085,Precisa de ate 2x o ritmo,1
Limoeiro do Ajuru - PA,1504000,PA,Norte,0.9571924603174603,Critico,47.64,47.82,1,80.0,5.363333333333333,Precisa de mais de 2x o ritmo,1
Irajuba - BA,2914208,BA,Nordeste,0.9571924603174603,Critico,40.34,65.38,0,80.0,2.4366666666666674,Atinge no ritmo atual,1
Santa Rita - PB,2513703,PB,Nordeste,0.9571924603174603,Critico,41.57,39.39,1,80.0,6.7683333333333335,Precisa de mais de 2x o ritmo,0
Itaguaí - RJ,3302007,RJ,Sudeste,0.9571924603174603,Critico,42.05,41.61,1,80.0,6.398333333333333,Precisa de mais de 2x o ritmo,0
Campinápolis - MT,5102603,MT,Centro-Oeste,0.9571924603174603,Critico,38.79,44.13,1,80.0,5.978333333333333,Precisa de mais de 2x o ritmo,1
Marabá - PA,1504208,PA,Norte,0.9571924603174603,Critico,51.46,50.68,1,80.0,4.886666666666667,Precisa de ate 2x o ritmo,0
Belém - PA,1501402,PA,Norte,0.9571924603174603,Critico,52.95,51.6,1,80.0,4.733333333333333,Precisa de ate 2x o ritmo,0
São Benedito do Rio Preto - MA,2110401,MA,Nordeste,0.9569391891891892,Critico,46.81,38.29,1,80.0,6.951666666666667,Precisa de mais de 2x o ritmo,1
Poconé - MT,5106505,MT,Centro-Oeste,0.9569391891891892,Critico,33.97,38.36,1,80.0,6.94,Precisa de mais de 2x o ritmo,2
Santo Amaro do Maranhão - MA,2110278,MA,Nordeste,0.9569391891891892,Critico,33.31,39.84,1,80.0,6.6933333333333325,Precisa de mais de 2x o ritmo,1
Santa Fé do Araguaia - TO,1718865,TO,Norte,0.9569391891891892,Critico,16.67,31.33,1,80.0,8.111666666666666,Precisa de mais de 2x o ritmo,2
Pedro Avelino - RN,2409704,RN,Nordeste,0.9569391891891892,Critico,23.2,34.73,1,80.0,7.545000000000001,Precisa de mais de 2x o ritmo,1
Andaraí - BA,2901304,BA,Nordeste,0.9569391891891892,Critico,44.8,47.79,1,80.0,5.368333333333333,Precisa de mais de 2x o ritmo,1
Matriz de Camaragibe - AL,2705101,AL,Nordeste,0.9564137981171168,Critico,35.25,48.77,1,80.0,5.204999999999999,Precisa de mais de 2x o ritmo,1
Serra Negra do Norte - RN,2413409,RN,Nordeste,0.9564137981171168,Critico,25.83,31.59,1,80.0,8.068333333333333,Precisa de mais de 2x o ritmo,1
Maxaranguape - RN,2407500,RN,Nordeste,0.9564137981171168,Critico,39.12,35.11,1,80.0,7.4816666666666665,Precisa de mais de 2x o ritmo,1
Carnaubais - RN,2402501,RN,Nordeste,0.9564137981171168,Critico,32.86,48.37,1,80.0,5.271666666666667,Precisa de mais de 2x o ritmo,1
Eldorado do Carajás - PA,1502954,PA,Norte,0.9556848685912117,Critico,52.88,50.59,1,80.0,4.901666666666666,Precisa de ate 2x o ritmo,1
Piaçabuçu - AL,2706802,AL,Nordeste,0.9555479972513158,Critico,31.74,42.39,1,80.0,6.2683333333333335,Precisa de mais de 2x o ritmo,1
Alagoinha - PE,2600609,PE,Nordeste,0.9555479972513158,Critico,42.86,53.87,1,80.0,4.355,Precisa de ate 2x o ritmo,1
Coxim - MS,5003306,MS,Centro-Oeste,0.9555047072080258,Critico,39.69,39.19,1,80.0,6.801666666666667,Precisa de mais de 2x o ritmo,0
Jardim - MS,5005004,MS,Centro-Oeste,0.9555047072080258,Critico,35.28,53.84,1,80.0,4.359999999999999,Precisa de ate 2x o ritmo,0
Mari - PB,2509107,PB,Nordeste,0.9555047072080258,Critico,37.99,70.06,0,80.0,1.6566666666666663,Atinge no ritmo atual,1
Boa Nova - BA,2903706,BA,Nordeste,0.9553817163228928,Critico,44.22,46.51,1,80.0,5.581666666666667,Precisa de mais de 2x o ritmo,1
João Lisboa - MA,2105500,MA,Nordeste,0.954638906342225,Critico,35.04,55.83,1,80.0,4.028333333333333,Precisa de ate 2x o ritmo,1
Campo Redondo - RN,2402105,RN,Nordeste,0.954638906342225,Critico,24.04,39.72,1,80.0,6.713333333333334,Precisa de mais de 2x o ritmo,1
Araruna - PB,2501005,PB,Nordeste,0.954638906342225,Critico,35.18,40.53,1,80.0,6.578333333333333,Precisa de mais de 2x o ritmo,1
Riachuelo - SE,2805901,SE,Nordeste,0.954638906342225,Critico,11.32,31.48,1,80.0,8.086666666666666,Precisa de mais de 2x o ritmo,1
Ribeirópolis - SE,2806008,SE,Nordeste,0.9545028772378517,Critico,36.51,42.2,1,80.0,6.3,Precisa de mais de 2x o ritmo,1
Ibirapuã - BA,2912806,BA,Nordeste,0.9545028772378517,Critico,60.48,37.84,1,80.0,7.026666666666666,Precisa de mais de 2x o ritmo,2
Ituaçu - BA,2917201,BA,Nordeste,0.9545028772378517,Critico,57.52,43.98,1,80.0,6.003333333333334,Precisa de mais de 2x o ritmo,1
São Gabriel da Cachoeira - AM,1303809,AM,Norte,0.9545028772378517,Critico,46.7,41.25,1,80.0,6.458333333333333,Precisa de mais de 2x o ritmo,1
Parobé - RS,4314050,RS,Sul,0.9545028772378517,Critico,58.28,38.0,1,80.0,7.0,Precisa de mais de 2x o ritmo,0
Brejões - BA,2904308,BA,Nordeste,0.9545028772378517,Critico,53.47,47.62,1,80.0,5.396666666666667,Precisa de mais de 2x o ritmo,1
Bragança - PA,1501709,PA,Norte,0.9545028772378517,Critico,42.72,37.0,1,80.0,7.166666666666667,Precisa de mais de 2x o ritmo,1
Barra do Mendes - BA,2903003,BA,Nordeste,0.9545028772378517,Critico,39.25,32.43,1,80.0,7.928333333333334,Precisa de mais de 2x o ritmo,1
Viamão - RS,4323002,RS,Sul,0.9540982800982801,Critico,58.18,36.7,1,80.0,7.216666666666666,Precisa de mais de 2x o ritmo,0
São Leopoldo - RS,4318705,RS,Sul,0.9540982800982801,Critico,56.43,37.5,1,80.0,7.083333333333333,Precisa de mais de 2x o ritmo,0
Gurupi - TO,1709500,TO,Norte,0.9540982800982801,Critico,44.44,54.37,1,80.0,4.271666666666667,Precisa de ate 2x o ritmo,0
Pinhão - SE,2805208,SE,Nordeste,0.9540982800982801,Critico,16.22,40.26,1,80.0,6.623333333333334,Precisa de mais de 2x o ritmo,1
Iranduba - AM,1301852,AM,Norte,0.9540982800982801,Critico,45.76,36.82,1,80.0,7.196666666666666,Precisa de mais de 2x o ritmo,1
Canoas - RS,4304606,RS,Sul,0.9540982800982801,Critico,54.62,42.9,1,80.0,6.183333333333334,Precisa de mais de 2x o ritmo,0
Wanderley - BA,2933455,BA,Nordeste,0.9533852813852814,Critico,54.03,55.37,1,80.0,4.105,Precisa de ate 2x o ritmo,1
Goiatins - TO,1709005,TO,Norte,0.9528381369664943,Critico,12.54,38.49,1,80.0,6.918333333333333,Precisa de mais de 2x o ritmo,1
Soledade - PB,2516102,PB,Nordeste,0.9522791043649246,Critico,33.51,47.26,1,80.0,5.456666666666667,Precisa de mais de 2x o ritmo,1
Laje - BA,2918803,BA,Nordeste,0.9508362617774383,Critico,46.61,45.45,1,80.0,5.758333333333333,Precisa de mais de 2x o ritmo,1
Jandaíra - RN,2405108,RN,Nordeste,0.9508362617774383,Critico,32.22,28.23,1,80.0,8.628333333333332,Precisa de mais de 2x o ritmo,1
Aragominas - TO,1701309,TO,Norte,0.9498460144927536,Critico,24.61,52.57,1,80.0,4.571666666666666,Precisa de ate 2x o ritmo,1
Sapucaia do Sul - RS,4320008,RS,Sul,0.949689075630252,Critico,59.74,47.9,1,80.0,5.3500000000000005,Precisa de mais de 2x o ritmo,0
Barra de São Miguel - AL,2700607,AL,Nordeste,0.9493044422000503,Critico,31.79,39.04,1,80.0,6.826666666666667,Precisa de mais de 2x o ritmo,1
Medicilândia - PA,1504455,PA,Norte,0.9489189224956581,Critico,48.99,48.44,1,80.0,5.260000000000001,Precisa de mais de 2x o ritmo,1
Piancó - PB,2511301,PB,Nordeste,0.9483950039032006,Critico,48.84,38.92,1,80.0,6.846666666666667,Precisa de mais de 2x o ritmo,1
Tramandaí - RS,4321600,RS,Sul,0.948138226822358,Critico,59.13,40.2,1,80.0,6.633333333333333,Precisa de mais de 2x o ritmo,0
Novo Hamburgo - RS,4313409,RS,Sul,0.9468835466505132,Critico,62.48,37.0,1,80.0,7.166666666666667,Precisa de mais de 2x o ritmo,0
Pintadas - BA,2924652,BA,Nordeste,0.9465228475228475,Critico,44.93,55.7,1,80.0,4.05,Precisa de ate 2x o ritmo,1
Macururé - BA,2919900,BA,Nordeste,0.9454115668813946,Critico,4.65,12.5,1,80.0,11.25,Precisa de mais de 2x o ritmo,1
Ilha Grande - PI,2204659,PI,Nordeste,0.9452204007285975,Critico,39.89,34.84,1,80.0,7.526666666666666,Precisa de mais de 2x o ritmo,1
Axixá do Tocantins - TO,1702901,TO,Norte,0.9446733954752806,Critico,30.34,40.2,1,80.0,6.633333333333333,Precisa de mais de 2x o ritmo,1
Piripiri - PI,2208403,PI,Nordeste,0.9443487718662196,Critico,33.16,54.59,1,80.0,4.234999999999999,Precisa de ate 2x o ritmo,1
Olho d'Água do Casado - AL,2705804,AL,Nordeste,0.9439719522241681,Critico,34.23,36.22,1,80.0,7.296666666666667,Precisa de mais de 2x o ritmo,1
Mata de São João - BA,2921005,BA,Nordeste,0.9439295940409929,Critico,54.01,56.92,1,80.0,3.8466666666666662,Precisa de ate 2x o ritmo,0
Chaves - PA,1502509,PA,Norte,0.9432824849858037,Critico,44.8,74.09,0,80.0,0.9849999999999994,Atinge no ritmo atual,1
Itatim - BA,2916856,BA,Nordeste,0.9427106227106226,Critico,51.6,54.22,1,80.0,4.296666666666667,Precisa de ate 2x o ritmo,1
Caturama - BA,2907558,BA,Nordeste,0.942647564350883,Critico,46.92,50.85,1,80.0,4.858333333333333,Precisa de ate 2x o ritmo,1
Caraíbas - BA,2906899,BA,Nordeste,0.9424166841200027,Critico,46.59,35.56,1,80.0,7.406666666666666,Precisa de mais de 2x o ritmo,1
Caiçara do Norte - RN,2401859,RN,Nordeste,0.9423460144927536,Critico,31.2,26.47,1,80.0,8.921666666666667,Precisa de mais de 2x o ritmo,1
Alvorada D'Oeste - RO,1100346,RO,Norte,0.9423004557702834,Critico,33.55,68.33,0,80.0,1.9450000000000003,Atinge no ritmo atual,2
Alcantil - PB,2500536,PB,Nordeste,0.9423004557702834,Critico,42.62,45.86,1,80.0,5.69,Precisa de mais de 2x o ritmo,1
Ouro Branco - AL,2706109,AL,Nordeste,0.9421243743743745,Critico,20.41,52.43,1,80.0,4.595,Precisa de ate 2x o ritmo,1
Sebastião Laranjeiras - BA,2930006,BA,Nordeste,0.941807844932845,Critico,59.03,42.37,1,80.0,6.271666666666667,Precisa de mais de 2x o ritmo,1
Paulo Jacinto - AL,2706604,AL,Nordeste,0.941807844932845,Critico,37.1,38.46,1,80.0,6.923333333333333,Precisa de mais de 2x o ritmo,1
Salvaterra - PA,1506302,PA,Norte,0.941807844932845,Critico,51.95,49.47,1,80.0,5.088333333333334,Precisa de ate 2x o ritmo,1
Bagre - PA,1501105,PA,Norte,0.941807844932845,Critico,46.7,53.31,1,80.0,4.448333333333333,Precisa de ate 2x o ritmo,1
Cacimbinhas - AL,2701209,AL,Nordeste,0.941781763485082,Critico,30.55,54.19,1,80.0,4.301666666666667,Precisa de ate 2x o ritmo,1
Igaporã - BA,2913408,BA,Nordeste,0.941781763485082,Critico,57.17,42.57,1,80.0,6.238333333333333,Precisa de mais de 2x o ritmo,1
Alvorada - RS,4300604,RS,Sul,0.9413970307246698,Critico,47.65,36.2,1,80.0,7.3,Precisa de mais de 2x o ritmo,0
Monteirópolis - AL,2705408,AL,Nordeste,0.9412172141583908,Critico,35.28,31.11,1,80.0,8.148333333333333,Precisa de mais de 2x o ritmo,1
Feira Nova - SE,2802205,SE,Nordeste,0.9411338932806323,Critico,29.58,26.0,1,80.0,9.0,Precisa de mais de 2x o ritmo,1
Canto do Buriti - PI,2202307,PI,Nordeste,0.9404525335775336,Critico,13.66,36.45,1,80.0,7.258333333333333,Precisa de mais de 2x o ritmo,1
Poço Branco - RN,2410108,RN,Nordeste,0.939638906342225,Critico,10.4,25.34,1,,,Sem meta definida,1
Carauari - AM,1301001,AM,Norte,0.9394812702938149,Critico,56.88,61.24,0,80.0,3.1266666666666665,Precisa de ate 2x o ritmo,1
Guaíba - RS,4309308,RS,Sul,0.9393586464686209,Critico,50.14,32.7,1,80.0,7.883333333333333,Precisa de mais de 2x o ritmo,0
Santa Vitória do Palmar - RS,4317301,RS,Sul,0.9393586464686209,Critico,53.75,46.0,1,80.0,5.666666666666667,Precisa de mais de 2x o ritmo,0
Cocos - BA,2908101,BA,Nordeste,0.9393586464686209,Critico,48.62,51.69,1,80.0,4.718333333333334,Precisa de ate 2x o ritmo,1
Rio Grande - RS,4315602,RS,Sul,0.9393586464686209,Critico,54.09,43.6,1,80.0,6.066666666666666,Precisa de mais de 2x o ritmo,0
Dourados - MS,5003702,MS,Centro-Oeste,0.9393586464686209,Critico,40.66,53.18,1,80.0,4.47,Precisa de ate 2x o ritmo,0
São José do Brejo do Cruz - PB,2514651,PB,Nordeste,0.9392834652834653,Critico,40.0,30.0,1,80.0,8.333333333333334,Precisa de mais de 2x o ritmo,1
São Domingos do Azeitão - MA,2110658,MA,Nordeste,0.9392834652834653,Critico,22.32,36.83,1,80.0,7.195,Precisa de mais de 2x o ritmo,1
Afonso Bezerra - RN,2400307,RN,Nordeste,0.9392834652834653,Critico,37.26,49.28,1,,,Sem meta definida,1
Major Isidoro - AL,2704401,AL,Nordeste,0.9392834652834653,Critico,40.07,37.84,1,80.0,7.026666666666666,Precisa de mais de 2x o ritmo,1
União - PI,2211100,PI,Nordeste,0.9392834652834653,Critico,26.82,35.21,1,80.0,7.465,Precisa de mais de 2x o ritmo,1
São Bento - PB,2513901,PB,Nordeste,0.9392834652834653,Critico,42.46,46.87,1,80.0,5.521666666666667,Precisa de mais de 2x o ritmo,1
São Miguel do Tapuio - PI,2210409,PI,Nordeste,0.9392834652834653,Critico,29.86,45.19,1,80.0,5.801666666666667,Precisa de mais de 2x o ritmo,1
Natividade - TO,1714203,TO,Norte,0.9386071603104789,Critico,28.21,43.89,1,80.0,6.0183333333333335,Precisa de mais de 2x o ritmo,2
Gravatá - PE,2606408,PE,Nordeste,0.93764257422794,Critico,42.26,43.1,1,80.0,6.1499999999999995,Precisa de mais de 2x o ritmo,1
Conceição do Almeida - BA,2908309,BA,Nordeste,0.9375757575757577,Critico,53.85,41.18,1,80.0,6.47,Precisa de mais de 2x o ritmo,1
Canarana - MT,5102702,MT,Centro-Oeste,0.9370385825467793,Critico,34.74,42.06,1,80.0,6.323333333333333,Precisa de mais de 2x o ritmo,0
Nossa Senhora de Lourdes - SE,2804706,SE,Nordeste,0.9369132879638379,Critico,19.15,58.77,1,80.0,3.5383333333333327,Precisa de ate 2x o ritmo,1
Maraã - AM,1302801,AM,Norte,0.9362354020647443,Critico,21.02,52.0,1,80.0,4.666666666666667,Precisa de ate 2x o ritmo,1
Concórdia do Pará - PA,1502756,PA,Norte,0.9361369642503078,Critico,40.62,54.24,1,80.0,4.293333333333333,Precisa de ate 2x o ritmo,1
Brotas de Macaúbas - BA,2904506,BA,Nordeste,0.9359164619164619,Critico,43.67,60.98,0,80.0,3.1700000000000004,Precisa de ate 2x o ritmo,1
Esteio - RS,4307708,RS,Sul,0.9356374038977293,Critico,61.82,46.6,1,80.0,5.566666666666666,Precisa de mais de 2x o ritmo,0
Esperantina - TO,1707405,TO,Norte,0.9355378610460576,Critico,40.82,47.82,1,80.0,5.363333333333333,Precisa de mais de 2x o ritmo,1
Pedrinhas - SE,2805109,SE,Nordeste,0.9354126008326829,Critico,14.81,11.52,1,80.0,11.413333333333334,Precisa de mais de 2x o ritmo,1
Capão da Canoa - RS,4304630,RS,Sul,0.9353748370781556,Critico,46.77,37.4,1,80.0,7.1000000000000005,Precisa de mais de 2x o ritmo,0
Paripiranga - BA,2923803,BA,Nordeste,0.9346753246753247,Critico,51.85,39.8,1,80.0,6.7,Precisa de mais de 2x o ritmo,1
Cardoso Moreira - RJ,3301157,RJ,Sudeste,0.9343517378215654,Critico,31.94,34.97,1,80.0,7.505,Precisa de mais de 2x o ritmo,2
Serra de São Bento - RN,2413300,RN,Nordeste,0.9343517378215654,Critico,26.92,42.09,1,80.0,6.3183333333333325,Precisa de mais de 2x o ritmo,1
Coari - AM,1301209,AM,Norte,0.93409828009828,Critico,47.15,40.77,1,80.0,6.538333333333333,Precisa de mais de 2x o ritmo,1
Autazes - AM,1300300,AM,Norte,0.933859126984127,Critico,47.04,37.75,1,,,Sem meta definida,1
Lajes Pintadas - RN,2406809,RN,Nordeste,0.933859126984127,Critico,27.97,47.42,1,80.0,5.43,Precisa de mais de 2x o ritmo,1
Santa Maria do Pará - PA,1506609,PA,Norte,0.933859126984127,Critico,39.55,39.79,1,80.0,6.701666666666667,Precisa de mais de 2x o ritmo,1
Nossa Senhora Aparecida - SE,2804458,SE,Nordeste,0.933813222065438,Critico,38.1,59.01,1,80.0,3.4983333333333335,Precisa de ate 2x o ritmo,1
Riacho de Santana - BA,2926400,BA,Nordeste,0.933813222065438,Critico,42.15,52.53,1,80.0,4.578333333333333,Precisa de ate 2x o ritmo,1
Itamari - BA,2915700,BA,Nordeste,0.933813222065438,Critico,59.67,36.76,1,80.0,7.206666666666667,Precisa de mais de 2x o ritmo,1
Tabatinga - AM,1304062,AM,Norte,0.933813222065438,Critico,43.9,40.36,1,80.0,6.6066666666666665,Precisa de mais de 2x o ritmo,1
Xinguara - PA,1508407,PA,Norte,0.93333014354067,Critico,49.86,49.27,1,80.0,5.121666666666666,Precisa de mais de 2x o ritmo,0
Ibitiara - BA,2913002,BA,Nordeste,0.9326919798019542,Critico,62.17,37.36,1,80.0,7.1066666666666665,Precisa de mais de 2x o ritmo,1
Lages - SC,4209300,SC,Sul,0.9323632578714545,Critico,47.69,52.3,1,80.0,4.616666666666667,Precisa de ate 2x o ritmo,0
Lagoa d'Anta - RN,2406205,RN,Nordeste,0.9323632578714545,Critico,24.79,29.12,1,80.0,8.479999999999999,Precisa de mais de 2x o ritmo,1
Equador - RN,2403400,RN,Nordeste,0.9319512454758356,Critico,20.52,59.19,1,80.0,3.4683333333333337,Precisa de ate 2x o ritmo,1
Ladário - MS,5005202,MS,Centro-Oeste,0.9297987306112752,Critico,25.17,33.36,1,80.0,7.773333333333333,Precisa de mais de 2x o ritmo,0
Palestina do Pará - PA,1505494,PA,Norte,0.9291563593203399,Critico,33.8,44.75,1,80.0,5.875,Precisa de mais de 2x o ritmo,1
Tangará - RN,2414001,RN,Nordeste,0.9291563593203399,Critico,42.7,39.88,1,80.0,6.6866666666666665,Precisa de mais de 2x o ritmo,1
Três Coroas - RS,4321709,RS,Sul,0.9291309346391312,Critico,55.48,42.2,1,80.0,6.3,Precisa de mais de 2x o ritmo,2
Lajeado - RS,4311403,RS,Sul,0.9291309346391312,Critico,72.19,48.2,1,80.0,5.3,Precisa de mais de 2x o ritmo,0
Dom Pedrito - RS,4306601,RS,Sul,0.9291309346391312,Critico,62.23,47.8,1,80.0,5.366666666666667,Precisa de mais de 2x o ritmo,0
Feliz Deserto - AL,2702702,AL,Nordeste,0.9291309346391312,Critico,37.55,45.9,1,80.0,5.683333333333334,Precisa de mais de 2x o ritmo,1
Camaquã - RS,4303509,RS,Sul,0.9291309346391312,Critico,64.41,59.6,1,80.0,3.4,Precisa de ate 2x o ritmo,0
Pium - TO,1717503,TO,Norte,0.9289647372169532,Critico,21.88,43.07,1,80.0,6.155,Precisa de mais de 2x o ritmo,2
Cassilândia - MS,5002902,MS,Centro-Oeste,0.9288277214549373,Critico,37.72,54.38,1,80.0,4.27,Precisa de ate 2x o ritmo,0
São Geraldo do Araguaia - PA,1507458,PA,Norte,0.9280998434189923,Critico,46.49,52.06,1,80.0,4.656666666666666,Precisa de ate 2x o ritmo,1
Taipu - RN,2413904,RN,Nordeste,0.9280998434189923,Critico,35.92,37.29,1,80.0,7.118333333333333,Precisa de mais de 2x o ritmo,1
Tocantinópolis - TO,1721208,TO,Norte,0.9280551415797318,Critico,34.41,35.44,1,80.0,7.426666666666667,Precisa de mais de 2x o ritmo,2
Muniz Ferreira - BA,2922201,BA,Nordeste,0.9272175279317276,Critico,45.91,41.27,1,80.0,6.454999999999999,Precisa de mais de 2x o ritmo,1
Inhangapi - PA,1503408,PA,Norte,0.9271465553987712,Critico,21.83,45.41,1,80.0,5.765000000000001,Precisa de mais de 2x o ritmo,1
Macambira - SE,2803708,SE,Nordeste,0.9268954781234366,Critico,38.3,29.17,1,80.0,8.471666666666666,Precisa de mais de 2x o ritmo,1
Capão do Leão - RS,4304663,RS,Sul,0.9267106227106228,Critico,49.19,29.8,1,80.0,8.366666666666667,Precisa de mais de 2x o ritmo,2
Divina Pastora - SE,2802007,SE,Nordeste,0.9264772951107106,Critico,39.34,19.53,1,80.0,10.078333333333333,Precisa de mais de 2x o ritmo,2
Caçapava do Sul - RS,4302808,RS,Sul,0.9263571065541758,Critico,60.31,47.9,1,80.0,5.3500000000000005,Precisa de mais de 2x o ritmo,0
Piraquê - TO,1717206,TO,Norte,0.925569208344619,Critico,26.08,54.55,1,80.0,4.241666666666667,Precisa de ate 2x o ritmo,2
Dom Basílio - BA,2910107,BA,Nordeste,0.9251809590246982,Critico,48.34,42.74,1,80.0,6.21,Precisa de mais de 2x o ritmo,1
Tenente Ananias - RN,2414100,RN,Nordeste,0.924307874471855,Critico,37.76,52.97,1,80.0,4.505,Precisa de ate 2x o ritmo,1
Bataguassu - MS,5001904,MS,Centro-Oeste,0.9240267248392694,Critico,37.66,52.31,1,80.0,4.614999999999999,Precisa de ate 2x o ritmo,0
Uruçuí - PI,2211209,PI,Nordeste,0.9239239810756839,Critico,27.78,31.55,1,80.0,8.075000000000001,Precisa de mais de 2x o ritmo,2
Sant'Ana do Livramento - RS,4317103,RS,Sul,0.9235360195360194,Critico,56.26,47.9,1,80.0,5.3500000000000005,Precisa de mais de 2x o ritmo,0
Sítio Novo - RN,2413706,RN,Nordeste,0.9233918042043487,Critico,28.73,48.74,1,80.0,5.21,Precisa de mais de 2x o ritmo,1
Inocência - MS,5004403,MS,Centro-Oeste,0.9233918042043487,Critico,33.64,51.7,1,80.0,4.716666666666666,Precisa de ate 2x o ritmo,2
Novo Jardim - TO,1715259,TO,Norte,0.9233918042043487,Critico,22.32,61.24,0,80.0,3.1266666666666665,Precisa de ate 2x o ritmo,1
Nova Santa Rita - RS,4313375,RS,Sul,0.9224896926536731,Critico,57.28,64.9,0,80.0,2.5166666666666657,Atinge no ritmo atual,0
Jardim do Seridó - RN,2405702,RN,Nordeste,0.9224896926536731,Critico,33.88,62.8,0,80.0,2.866666666666667,Precisa de ate 2x o ritmo,2
Caxias - MA,2103000,MA,Nordeste,0.9224896926536731,Critico,43.75,55.15,1,80.0,4.141666666666667,Precisa de ate 2x o ritmo,1
Rio de Contas - BA,2926707,BA,Nordeste,0.9218476256913648,Critico,50.44,55.74,1,80.0,4.043333333333333,Precisa de ate 2x o ritmo,1
José da Penha - RN,2406007,RN,Nordeste,0.9216563593203398,Critico,28.68,49.94,1,80.0,5.010000000000001,Precisa de ate 2x o ritmo,1
Palestina - AL,2706208,AL,Nordeste,0.9212489470614915,Critico,33.73,51.18,1,80.0,4.803333333333334,Precisa de ate 2x o ritmo,1
Lagoa do Tocantins - TO,1711951,TO,Norte,0.9212489470614915,Critico,20.75,15.09,1,80.0,10.818333333333333,Precisa de mais de 2x o ritmo,1
Jandaíra - BA,2917904,BA,Nordeste,0.9211936697182599,Critico,50.51,36.08,1,80.0,7.32,Precisa de mais de 2x o ritmo,1
São Sebastião do Tocantins - TO,1720309,TO,Norte,0.9211268865469684,Critico,26.56,58.96,1,80.0,3.5066666666666664,Precisa de ate 2x o ritmo,1
São João Batista - MA,2111003,MA,Nordeste,0.9209975296442687,Critico,29.54,58.4,1,80.0,3.6,Precisa de ate 2x o ritmo,1
Buriti Bravo - MA,2102309,MA,Nordeste,0.9209975296442687,Critico,31.4,57.18,1,80.0,3.8033333333333332,Precisa de ate 2x o ritmo,1
Senador Georgino Avelino - RN,2413201,RN,Nordeste,0.9204442381082186,Critico,23.89,27.46,1,80.0,8.756666666666666,Precisa de mais de 2x o ritmo,1
Santa Luzia do Norte - AL,2707909,AL,Nordeste,0.9204442381082186,Critico,31.87,38.52,1,80.0,6.913333333333333,Precisa de mais de 2x o ritmo,1
Arambaré - RS,4300851,RS,Sul,0.9203036963036964,Critico,57.54,55.0,1,80.0,4.166666666666667,Precisa de ate 2x o ritmo,2
São Benedito do Sul - PE,2612901,PE,Nordeste,0.9193229648311615,Critico,34.56,71.07,0,80.0,1.4883333333333344,Atinge no ritmo atual,1
Morpará - BA,2921609,BA,Nordeste,0.9192834652834654,Critico,31.78,28.89,1,80.0,8.518333333333333,Precisa de mais de 2x o ritmo,1
Tupiratins - TO,1721307,TO,Norte,0.9192834652834654,Critico,25.0,53.85,1,80.0,4.358333333333333,Precisa de ate 2x o ritmo,1
Paraná - RN,2408607,RN,Nordeste,0.9192834652834654,Critico,48.35,27.59,1,80.0,8.735,Precisa de mais de 2x o ritmo,1
Santana do Matos - RN,2411403,RN,Nordeste,0.9191991341991341,Critico,33.17,59.53,1,80.0,3.4116666666666666,Precisa de ate 2x o ritmo,1
Satuba - AL,2708907,AL,Nordeste,0.9186749482401655,Critico,42.93,55.11,1,80.0,4.148333333333333,Precisa de ate 2x o ritmo,0
Marituba - PA,1504422,PA,Norte,0.9186689912962072,Critico,57.34,48.97,1,80.0,5.171666666666667,Precisa de mais de 2x o ritmo,0
Feira da Mata - BA,2910776,BA,Nordeste,0.9185153287258551,Critico,55.73,45.45,1,80.0,5.758333333333333,Precisa de mais de 2x o ritmo,1
Cachoeira do Piriá - PA,1501956,PA,Norte,0.9185153287258551,Critico,47.73,52.04,1,80.0,4.66,Precisa de ate 2x o ritmo,1
Malhada dos Bois - SE,2803807,SE,Nordeste,0.9184334217090665,Critico,40.0,37.63,1,80.0,7.0616666666666665,Precisa de mais de 2x o ritmo,1
Parauapebas - PA,1505536,PA,Norte,0.9181904235914657,Critico,54.32,49.49,1,80.0,5.085,Precisa de ate 2x o ritmo,0
Filadélfia - TO,1707702,TO,Norte,0.9180360475657228,Critico,11.95,12.63,1,80.0,11.228333333333333,Precisa de mais de 2x o ritmo,1
Itatuba - PB,2507200,PB,Nordeste,0.9177968891012369,Critico,23.32,36.64,1,80.0,7.226666666666667,Precisa de mais de 2x o ritmo,1
São Pedro - RN,2412708,RN,Nordeste,0.91755122983516,Critico,34.45,25.0,1,,,Sem meta definida,1
Francisco Santos - PI,2204204,PI,Nordeste,0.9171338932806323,Critico,43.94,48.78,1,80.0,5.203333333333333,Precisa de mais de 2x o ritmo,1
Almas - TO,1700400,TO,Norte,0.916899630541872,Critico,15.92,48.18,1,80.0,5.303333333333334,Precisa de mais de 2x o ritmo,2
Muribeca - SE,2804300,SE,Nordeste,0.9160662972085385,Critico,10.0,22.01,1,80.0,9.665,Precisa de mais de 2x o ritmo,1
Tobias Barreto - SE,2807402,SE,Nordeste,0.9159164619164619,Critico,42.39,46.26,1,80.0,5.623333333333334,Precisa de mais de 2x o ritmo,1
São João do Paraíso - MA,2111052,MA,Nordeste,0.9159164619164619,Critico,33.48,43.97,1,80.0,6.005,Precisa de mais de 2x o ritmo,1
Conceição do Tocantins - TO,1705607,TO,Norte,0.915664552249918,Critico,27.6,35.8,1,80.0,7.366666666666667,Precisa de mais de 2x o ritmo,1
Vale do Anari - RO,1101757,RO,Norte,0.9155439215950422,Critico,36.95,55.65,1,80.0,4.058333333333334,Precisa de ate 2x o ritmo,1
Óbidos - PA,1505106,PA,Norte,0.9153882802704445,Critico,48.83,53.98,1,80.0,4.336666666666667,Precisa de ate 2x o ritmo,1
Itaquaquecetuba - SP,3523107,SP,Sudeste,0.9148541759964173,Critico,42.63,57.48,1,80.0,3.753333333333334,Precisa de ate 2x o ritmo,0
Jaguarão - RS,4311007,RS,Sul,0.9148001584472173,Critico,63.56,47.3,1,80.0,5.45,Precisa de mais de 2x o ritmo,0
Portão - RS,4314803,RS,Sul,0.9147788443440618,Critico,56.04,39.8,1,80.0,6.7,Precisa de mais de 2x o ritmo,0
Apicum-Açu - MA,2100832,MA,Nordeste,0.9146437346437347,Critico,31.51,39.08,1,80.0,6.82,Precisa de mais de 2x o ritmo,1
São Francisco de Assis - RS,4318101,RS,Sul,0.9145645658689137,Critico,65.56,60.6,0,80.0,3.233333333333333,Precisa de ate 2x o ritmo,2
Santa Maria - RS,4316907,RS,Sul,0.9145645658689137,Critico,64.84,40.3,1,80.0,6.616666666666667,Precisa de mais de 2x o ritmo,0
Erechim - RS,4307005,RS,Sul,0.9145645658689137,Critico,66.14,46.7,1,80.0,5.55,Precisa de mais de 2x o ritmo,0
Marau - RS,4311809,RS,Sul,0.9145645658689137,Critico,67.83,46.2,1,80.0,5.633333333333333,Precisa de mais de 2x o ritmo,0
Passo Fundo - RS,4314100,RS,Sul,0.9145645658689137,Critico,58.68,36.5,1,80.0,7.25,Precisa de mais de 2x o ritmo,0
Pedro II - PI,2207900,PI,Nordeste,0.9143092408946067,Critico,25.09,41.98,1,80.0,6.336666666666667,Precisa de mais de 2x o ritmo,1
Caatiba - BA,2904803,BA,Nordeste,0.9143003888766602,Critico,48.46,50.0,1,80.0,5.0,Precisa de ate 2x o ritmo,1
Tonantins - AM,1304237,AM,Norte,0.9142904589371981,Critico,45.93,30.02,1,80.0,8.33,Precisa de mais de 2x o ritmo,1
Uruguaiana - RS,4322400,RS,Sul,0.9140121285511091,Critico,60.94,45.7,1,80.0,5.716666666666666,Precisa de mais de 2x o ritmo,0
Japaratinga - AL,2703601,AL,Nordeste,0.9140121285511091,Critico,23.07,27.69,1,80.0,8.718333333333334,Precisa de mais de 2x o ritmo,1
Manaquiri - AM,1302553,AM,Norte,0.9137306397306398,Critico,49.88,20.56,1,80.0,9.906666666666666,Precisa de mais de 2x o ritmo,1
Cedro de São João - SE,2801603,SE,Nordeste,0.9131991669791771,Critico,22.22,45.3,1,80.0,5.783333333333334,Precisa de mais de 2x o ritmo,1
Rio Maria - PA,1506161,PA,Norte,0.9126221381969873,Critico,41.79,56.31,1,80.0,3.948333333333333,Precisa de ate 2x o ritmo,2
Santa Cruz do Sul - RS,4316808,RS,Sul,0.9124217087260564,Critico,69.79,48.4,1,80.0,5.266666666666667,Precisa de mais de 2x o ritmo,0
Monte das Gameleiras - RN,2407906,RN,Nordeste,0.9122881129749574,Critico,33.36,32.92,1,80.0,7.846666666666667,Precisa de mais de 2x o ritmo,1
Senador La Rocque - MA,2111763,MA,Nordeste,0.912181756153671,Critico,32.24,64.13,0,80.0,2.645000000000001,Precisa de ate 2x o ritmo,1
Cachoeirinha - RS,4303103,RS,Sul,0.9120792674993494,Critico,59.56,40.5,1,80.0,6.583333333333333,Precisa de mais de 2x o ritmo,0
Cachoeira do Sul - RS,4303004,RS,Sul,0.9120792674993494,Critico,59.11,40.5,1,80.0,6.583333333333333,Precisa de mais de 2x o ritmo,0
Estância Velha - RS,4307609,RS,Sul,0.9120792674993494,Critico,67.66,43.4,1,80.0,6.1000000000000005,Precisa de mais de 2x o ritmo,0
Sapiranga - RS,4319901,RS,Sul,0.9120792674993494,Critico,69.82,43.8,1,80.0,6.033333333333334,Precisa de mais de 2x o ritmo,0
Imbé - RS,4310330,RS,Sul,0.9120792674993494,Critico,65.16,37.2,1,,,Sem meta definida,0
Gravataí - RS,4309209,RS,Sul,0.9120792674993494,Critico,62.99,40.5,1,80.0,6.583333333333333,Precisa de mais de 2x o ritmo,0
São Luís - MA,2111300,MA,Nordeste,0.9120023246295406,Critico,47.83,56.74,1,80.0,3.8766666666666665,Precisa de ate 2x o ritmo,0
São Gonçalo - RJ,3304904,RJ,Sudeste,0.9120023246295406,Critico,45.67,43.71,1,80.0,6.048333333333333,Precisa de mais de 2x o ritmo,0
Porto - PI,2208502,PI,Nordeste,0.9118599599497674,Critico,40.12,36.04,1,80.0,7.326666666666667,Precisa de mais de 2x o ritmo,1
Maetinga - BA,2919959,BA,Nordeste,0.9107636157006731,Critico,60.98,47.37,1,80.0,5.4383333333333335,Precisa de mais de 2x o ritmo,1
Magé - RJ,3302502,RJ,Sudeste,0.9091837813977376,Critico,46.26,46.66,1,80.0,5.5566666666666675,Precisa de mais de 2x o ritmo,0
Amarante - PI,2200509,PI,Nordeste,0.9091636437026243,Critico,22.26,32.94,1,80.0,7.843333333333334,Precisa de mais de 2x o ritmo,1
Manicoré - AM,1302702,AM,Norte,0.9086919798019542,Critico,55.74,61.53,0,80.0,3.078333333333333,Precisa de ate 2x o ritmo,1
João Pessoa - PB,2507507,PB,Nordeste,0.9086919798019542,Critico,48.38,55.14,1,80.0,4.1433333333333335,Precisa de ate 2x o ritmo,0
Xangri-lá - RS,4323804,RS,Sul,0.9085266266164341,Critico,56.84,37.9,1,80.0,7.016666666666667,Precisa de mais de 2x o ritmo,0
Três Rios - RJ,3306008,RJ,Sudeste,0.9078877259419913,Critico,53.49,51.43,1,80.0,4.761666666666667,Precisa de ate 2x o ritmo,0
Tefé - AM,1304203,AM,Norte,0.9073454618844424,Critico,48.45,43.78,1,80.0,6.036666666666666,Precisa de mais de 2x o ritmo,1
Palmares - PE,2610004,PE,Nordeste,0.9072634032634033,Critico,43.01,64.85,0,80.0,2.525000000000001,Atinge no ritmo atual,1
Wagner - BA,2933406,BA,Nordeste,0.9064533613548672,Critico,53.42,45.0,1,80.0,5.833333333333333,Precisa de mais de 2x o ritmo,1
Crisópolis - BA,2909604,BA,Nordeste,0.9063679691030856,Critico,50.31,43.05,1,80.0,6.158333333333334,Precisa de mais de 2x o ritmo,1
Barros Cassal - RS,4302006,RS,Sul,0.9058532988750381,Critico,62.26,61.5,0,80.0,3.0833333333333335,Precisa de ate 2x o ritmo,2
Urandi - BA,2932606,BA,Nordeste,0.9058532988750381,Critico,59.24,40.54,1,80.0,6.576666666666667,Precisa de mais de 2x o ritmo,1
Chã Preta - AL,2701902,AL,Nordeste,0.9053000073389879,Critico,43.85,51.71,1,80.0,4.715,Precisa de ate 2x o ritmo,1
Campo Grande - MS,5002704,MS,Centro-Oeste,0.9052501202501203,Critico,41.36,51.59,1,80.0,4.734999999999999,Precisa de ate 2x o ritmo,0
Carmolândia - TO,1703883,TO,Norte,0.9051584922109178,Critico,25.12,27.47,1,80.0,8.755,Precisa de mais de 2x o ritmo,2
Capitão Poço - PA,1502301,PA,Norte,0.9047947161984903,Critico,50.98,48.98,1,80.0,5.170000000000001,Precisa de mais de 2x o ritmo,1
Mangaratiba - RJ,3302601,RJ,Sudeste,0.9047150484907922,Critico,47.54,40.95,1,80.0,6.508333333333333,Precisa de mais de 2x o ritmo,0
Osório - RS,4313508,RS,Sul,0.9046305227203304,Critico,63.66,42.3,1,80.0,6.283333333333334,Precisa de mais de 2x o ritmo,0
São João do Soter - MA,2111078,MA,Nordeste,0.9040351170568561,Critico,24.38,53.45,1,80.0,4.425,Precisa de ate 2x o ritmo,1
Arroio do Sal - RS,4301057,RS,Sul,0.903573581590823,Critico,67.46,46.5,1,80.0,5.583333333333333,Precisa de mais de 2x o ritmo,0
Vacaria - RS,4322509,RS,Sul,0.9032104698947856,Critico,70.77,41.3,1,80.0,6.45,Precisa de mais de 2x o ritmo,0
Mutuípe - BA,2922409,BA,Nordeste,0.9031258211800866,Critico,58.37,48.92,1,80.0,5.18,Precisa de mais de 2x o ritmo,1
Novo Horizonte - BA,2923035,BA,Nordeste,0.903101917690153,Critico,60.58,73.17,0,80.0,1.138333333333333,Atinge no ritmo atual,1
Itaboraí - RJ,3301900,RJ,Sudeste,0.9022908060665497,Critico,51.3,50.45,1,80.0,4.925,Precisa de ate 2x o ritmo,0
Rio Sono - TO,1718758,TO,Norte,0.9013788379642037,Critico,27.83,26.8,1,80.0,8.866666666666667,Precisa de mais de 2x o ritmo,1
Tanque Novo - BA,2931053,BA,Nordeste,0.9012873900293255,Critico,63.45,61.8,0,80.0,3.0333333333333337,Precisa de ate 2x o ritmo,1
Confresa - MT,5103353,MT,Centro-Oeste,0.9004023523416574,Critico,35.6,54.24,1,80.0,4.293333333333333,Precisa de ate 2x o ritmo,2
Palmeira das Missões - RS,4313706,RS,Sul,0.8998454618844424,Critico,56.84,51.9,1,80.0,4.683333333333334,Precisa de ate 2x o ritmo,0
Balneário Pinhal - RS,4301636,RS,Sul,0.8985153287258552,Critico,58.38,43.6,1,80.0,6.066666666666666,Precisa de mais de 2x o ritmo,0
Butiá - RS,4302709,RS,Sul,0.8985153287258552,Critico,59.53,45.1,1,80.0,5.816666666666666,Precisa de mais de 2x o ritmo,2
Toritama - PE,2615409,PE,Nordeste,0.8981026094648386,Critico,50.21,63.95,0,80.0,2.6749999999999994,Precisa de ate 2x o ritmo,0
Taquari - RS,4321303,RS,Sul,0.8977935532136352,Critico,61.7,25.6,1,80.0,9.066666666666666,Precisa de mais de 2x o ritmo,0
Pio IX - PI,2208205,PI,Nordeste,0.8972277491670543,Critico,35.27,58.16,1,80.0,3.6400000000000006,Precisa de ate 2x o ritmo,1
Fernando Pedroza - RN,2403756,RN,Nordeste,0.8971411776629168,Critico,32.84,62.51,0,80.0,2.9150000000000005,Precisa de ate 2x o ritmo,1
Bom Jesus do Tocantins - PA,1501576,PA,Norte,0.8970233607165492,Critico,58.11,51.82,1,80.0,4.696666666666666,Precisa de ate 2x o ritmo,1
Riachinho - TO,1718550,TO,Norte,0.8965351170568562,Critico,21.31,54.32,1,80.0,4.28,Precisa de ate 2x o ritmo,1
Nilópolis - RJ,3303203,RJ,Sudeste,0.8961633515834336,Critico,44.36,47.32,1,80.0,5.446666666666666,Precisa de mais de 2x o ritmo,0
Maurilândia do Tocantins - TO,1712801,TO,Norte,0.8959449668784216,Critico,19.32,20.67,1,80.0,9.888333333333334,Precisa de mais de 2x o ritmo,1
São Miguel - RN,2412500,RN,Nordeste,0.8954636884854276,Critico,39.84,44.85,1,80.0,5.858333333333333,Precisa de mais de 2x o ritmo,1
Matias Olímpio - PI,2206100,PI,Nordeste,0.8954521475147456,Critico,24.43,52.06,1,80.0,4.656666666666666,Precisa de ate 2x o ritmo,1
Novo Acordo - TO,1715101,TO,Norte,0.8953229958447351,Critico,39.24,36.09,1,80.0,7.3183333333333325,Precisa de mais de 2x o ritmo,2
Manacapuru - AM,1302504,AM,Norte,0.8951483253588517,Critico,48.61,39.48,1,80.0,6.753333333333334,Precisa de mais de 2x o ritmo,1
Juripiranga - PB,2507903,PB,Nordeste,0.8951483253588517,Critico,46.31,45.74,1,80.0,5.71,Precisa de mais de 2x o ritmo,1
Morro Reuter - RS,4312476,RS,Sul,0.8948528175879341,Critico,61.32,66.3,0,80.0,2.2833333333333337,Atinge no ritmo atual,2
Guapimirim - RJ,3301850,RJ,Sudeste,0.8948001584472174,Critico,50.19,47.75,1,80.0,5.375,Precisa de mais de 2x o ritmo,0
Quaraí - RS,4315305,RS,Sul,0.8948001584472174,Critico,65.88,46.6,1,80.0,5.566666666666666,Precisa de mais de 2x o ritmo,0
São João da Ponta - PA,1507466,PA,Norte,0.8947769574252684,Critico,36.81,43.23,1,,,Sem meta definida,1
Ribeirão Preto - SP,3543402,SP,Sudeste,0.8946615728147561,Critico,44.99,55.59,1,80.0,4.0683333333333325,Precisa de ate 2x o ritmo,0
Ourém - PA,1505403,PA,Norte,0.8944089497021963,Critico,47.93,53.67,1,80.0,4.388333333333333,Precisa de ate 2x o ritmo,1
Campo Largo do Piauí - PI,2202174,PI,Nordeste,0.8940268024468129,Critico,17.66,64.31,0,80.0,2.6149999999999998,Precisa de ate 2x o ritmo,1
Niterói - RJ,3303302,RJ,Sudeste,0.8937306397306397,Critico,51.92,51.2,1,80.0,4.8,Precisa de ate 2x o ritmo,0
São Fidélis - RJ,3304805,RJ,Sudeste,0.8937306397306397,Critico,39.79,48.7,1,80.0,5.216666666666666,Precisa de mais de 2x o ritmo,0
Nova Hartz - RS,4313060,RS,Sul,0.8936454849498328,Critico,73.14,45.1,1,80.0,5.816666666666666,Precisa de mais de 2x o ritmo,2
São Félix do Araguaia - MT,5107859,MT,Centro-Oeste,0.8934301200154857,Critico,34.84,33.38,1,80.0,7.77,Precisa de mais de 2x o ritmo,2
Nova Olinda do Norte - AM,1303106,AM,Norte,0.8932843399192972,Critico,51.78,37.34,1,80.0,7.109999999999999,Precisa de mais de 2x o ritmo,1
Dois Irmãos do Buriti - MS,5003488,MS,Centro-Oeste,0.8929549285459825,Critico,38.16,39.87,1,80.0,6.6883333333333335,Precisa de mais de 2x o ritmo,2
Japorã - MS,5004809,MS,Centro-Oeste,0.8919410815173527,Critico,21.39,44.21,1,80.0,5.965,Precisa de mais de 2x o ritmo,1
Tracuateua - PA,1508035,PA,Norte,0.8915463621345975,Critico,48.47,37.16,1,80.0,7.140000000000001,Precisa de mais de 2x o ritmo,1
Sampaio - TO,1718808,TO,Norte,0.8914572110961118,Critico,43.61,43.25,1,80.0,6.125,Precisa de mais de 2x o ritmo,1
Terra Alta - PA,1507961,PA,Norte,0.8914331550802139,Critico,41.96,49.88,1,80.0,5.02,Precisa de ate 2x o ritmo,1
Itacoatiara - AM,1301902,AM,Norte,0.8914331550802139,Critico,53.45,49.37,1,80.0,5.105,Precisa de mais de 2x o ritmo,0
Restinga Sêca - RS,4315503,RS,Sul,0.8914331550802139,Critico,60.96,42.4,1,80.0,6.266666666666667,Precisa de mais de 2x o ritmo,2
São Francisco de Itabapoana - RJ,3304755,RJ,Sudeste,0.8914331550802139,Critico,43.51,47.47,1,80.0,5.421666666666667,Precisa de mais de 2x o ritmo,1
Humaitá - AM,1301704,AM,Norte,0.8914331550802139,Critico,51.51,57.65,1,80.0,3.725,Precisa de ate 2x o ritmo,1
Boca do Acre - AM,1300706,AM,Norte,0.8914331550802139,Critico,55.02,49.61,1,80.0,5.065,Precisa de ate 2x o ritmo,1
Bagé - RS,4301602,RS,Sul,0.8912333935337274,Critico,59.6,43.3,1,80.0,6.116666666666667,Precisa de mais de 2x o ritmo,0
Salinópolis - PA,1506203,PA,Norte,0.8909450549450548,Critico,43.26,50.44,1,80.0,4.926666666666667,Precisa de ate 2x o ritmo,0
Mirante - BA,2921450,BA,Nordeste,0.8908917786268951,Critico,52.17,46.15,1,80.0,5.641666666666667,Precisa de mais de 2x o ritmo,1
Almirante Tamandaré - PR,4100400,PR,Sul,0.8908541249956136,Critico,52.44,45.12,1,80.0,5.8133333333333335,Precisa de mais de 2x o ritmo,0
Taguatinga - TO,1720903,TO,Norte,0.8903636363636365,Critico,38.31,42.45,1,80.0,6.258333333333333,Precisa de mais de 2x o ritmo,1
São Paulo - SP,3550308,SP,Sudeste,0.8901097367446941,Critico,44.96,56.1,1,80.0,3.983333333333333,Precisa de ate 2x o ritmo,0
Santa Cecília - PB,2513158,PB,Nordeste,0.8899435303039643,Critico,13.38,48.11,1,80.0,5.315,Precisa de mais de 2x o ritmo,1
Caseara - TO,1703909,TO,Norte,0.8897329337329337,Critico,17.04,31.53,1,80.0,8.078333333333333,Precisa de mais de 2x o ritmo,2
Pedro Osório - RS,4314209,RS,Sul,0.8893974358974358,Critico,67.96,34.3,1,80.0,7.616666666666667,Precisa de mais de 2x o ritmo,2
Alvarães - AM,1300029,AM,Norte,0.8890459309852361,Critico,46.27,60.89,0,80.0,3.185,Precisa de ate 2x o ritmo,1
Monte Alegre - PA,1504802,PA,Norte,0.8884339473023051,Critico,53.95,46.69,1,80.0,5.551666666666667,Precisa de mais de 2x o ritmo,1
Tapes - RS,4321105,RS,Sul,0.8884339473023051,Critico,60.56,51.3,1,80.0,4.783333333333334,Precisa de ate 2x o ritmo,2
Curionópolis - PA,1502772,PA,Norte,0.8884339473023051,Critico,50.76,72.88,0,80.0,1.1866666666666674,Atinge no ritmo atual,2
Tapauá - AM,1304104,AM,Norte,0.8875879500153905,Critico,49.77,50.55,1,80.0,4.908333333333334,Precisa de ate 2x o ritmo,1
Torres - RS,4321501,RS,Sul,0.8859359748164227,Critico,64.71,47.9,1,80.0,5.3500000000000005,Precisa de mais de 2x o ritmo,0
Caxias do Sul - RS,4305108,RS,Sul,0.8859359748164227,Critico,67.47,43.6,1,80.0,6.066666666666666,Precisa de mais de 2x o ritmo,0
Montenegro - RS,4312401,RS,Sul,0.8859359748164227,Critico,64.42,43.0,1,80.0,6.166666666666667,Precisa de mais de 2x o ritmo,0
Lagoa Vermelha - RS,4311304,RS,Sul,0.8859359748164227,Critico,66.11,52.3,1,80.0,4.616666666666667,Precisa de ate 2x o ritmo,0
Rondon do Pará - PA,1506187,PA,Norte,0.885539703131306,Critico,60.17,68.8,0,80.0,1.8666666666666671,Atinge no ritmo atual,1
Santa Filomena - PI,2209203,PI,Nordeste,0.8854677081337868,Critico,27.74,62.47,0,80.0,2.921666666666667,Precisa de ate 2x o ritmo,1
Botuporã - BA,2904209,BA,Nordeste,0.8852718832891247,Critico,62.08,47.37,1,80.0,5.4383333333333335,Precisa de mais de 2x o ritmo,1
Frutuoso Gomes - RN,2404002,RN,Nordeste,0.8851464370119884,Critico,39.91,53.24,1,80.0,4.46,Precisa de ate 2x o ritmo,1
Mirador - MA,2106706,MA,Nordeste,0.885005526944832,Critico,35.01,55.82,1,80.0,4.03,Precisa de ate 2x o ritmo,1
Triunfo Potiguar - RN,2414456,RN,Nordeste,0.8848440448440449,Critico,24.71,10.95,1,80.0,11.508333333333333,Precisa de mais de 2x o ritmo,1
Itambé - PE,2607653,PE,Nordeste,0.884650823697107,Critico,48.56,43.31,1,80.0,6.114999999999999,Precisa de mais de 2x o ritmo,1
Dom Feliciano - RS,4306502,RS,Sul,0.884650823697107,Critico,63.58,43.7,1,80.0,6.05,Precisa de mais de 2x o ritmo,2
Bonito - PA,1501600,PA,Norte,0.884548951048951,Critico,37.01,32.2,1,80.0,7.966666666666666,Precisa de mais de 2x o ritmo,1
Itabi - SE,2803104,SE,Nordeste,0.8840705141041557,Critico,19.35,33.65,1,80.0,7.7250000000000005,Precisa de mais de 2x o ritmo,1
Anapu - PA,1500859,PA,Norte,0.8837674402891794,Critico,48.76,48.45,1,80.0,5.258333333333333,Precisa de mais de 2x o ritmo,1
Aceguá - RS,4300034,RS,Sul,0.8837674402891794,Critico,69.95,52.5,1,80.0,4.583333333333333,Precisa de ate 2x o ritmo,2
Milton Brandão - PI,2206357,PI,Nordeste,0.8836730634132381,Critico,37.5,33.33,1,80.0,7.778333333333333,Precisa de mais de 2x o ritmo,1
Calçoene - AP,1600204,AP,Norte,0.8829166667977448,Critico,35.34,40.24,1,80.0,6.626666666666666,Precisa de mais de 2x o ritmo,1
Rio do Antônio - BA,2926806,BA,Nordeste,0.8827307692307691,Critico,62.54,43.82,1,80.0,6.03,Precisa de mais de 2x o ritmo,1
Martins - RN,2407401,RN,Nordeste,0.8821343748004535,Critico,41.19,54.91,1,80.0,4.1816666666666675,Precisa de ate 2x o ritmo,1
Passagem - RN,2409209,RN,Nordeste,0.8817964257964258,Critico,47.42,50.69,1,80.0,4.885000000000001,Precisa de ate 2x o ritmo,1
Lucena - PB,2508604,PB,Nordeste,0.8814556884013311,Critico,47.19,44.96,1,80.0,5.84,Precisa de mais de 2x o ritmo,1
Palmeiras do Tocantins - TO,1713809,TO,Norte,0.8811382830775882,Critico,18.11,49.53,1,80.0,5.078333333333333,Precisa de ate 2x o ritmo,2
Barra do Piraí - RJ,3300308,RJ,Sudeste,0.8805525166355676,Critico,45.28,48.01,1,80.0,5.331666666666667,Precisa de mais de 2x o ritmo,0
Cachoeirinha - TO,1703826,TO,Norte,0.87999555999556,Critico,27.54,64.0,0,80.0,2.6666666666666665,Precisa de ate 2x o ritmo,2
Guarujá - SP,3518701,SP,Sudeste,0.8796425165630133,Critico,45.93,48.38,1,80.0,5.27,Precisa de mais de 2x o ritmo,0
Seropédica - RJ,3305554,RJ,Sudeste,0.8787179711490796,Critico,46.5,50.53,1,80.0,4.911666666666666,Precisa de ate 2x o ritmo,0
Estrela - RS,4307807,RS,Sul,0.8785411140583553,Critico,65.36,50.4,1,80.0,4.933333333333334,Precisa de ate 2x o ritmo,0
Bernardo do Mearim - MA,2101939,MA,Nordeste,0.8783678964577041,Critico,12.84,87.88,0,80.0,-1.3133333333333326,Meta ja atingida,1
Junqueiro - AL,2704005,AL,Nordeste,0.8781773781773783,Critico,53.3,56.66,1,80.0,3.8900000000000006,Precisa de ate 2x o ritmo,1
Pedra Grande - RN,2409506,RN,Nordeste,0.8778486605147393,Critico,45.48,44.5,1,80.0,5.916666666666667,Precisa de mais de 2x o ritmo,1
Turiaçu - MA,2112407,MA,Nordeste,0.8778466061986212,Critico,40.48,64.42,0,80.0,2.5966666666666662,Precisa de ate 2x o ritmo,1
São Miguel do Aleixo - SE,2807006,SE,Nordeste,0.8772426014531277,Critico,38.64,46.34,1,80.0,5.609999999999999,Precisa de mais de 2x o ritmo,1
Lindolfo Collor - RS,4311627,RS,Sul,0.8767973033081635,Critico,69.65,39.0,1,80.0,6.833333333333333,Precisa de mais de 2x o ritmo,2
São Gonçalo do Amarante - RN,2412005,RN,Nordeste,0.8766423839537717,Critico,51.1,33.42,1,80.0,7.763333333333333,Precisa de mais de 2x o ritmo,0
Centro Novo do Maranhão - MA,2103174,MA,Nordeste,0.8766423839537717,Critico,40.03,36.86,1,80.0,7.19,Precisa de mais de 2x o ritmo,1
Tutóia - MA,2112506,MA,Nordeste,0.8762816399286988,Critico,37.64,57.61,1,80.0,3.731666666666667,Precisa de ate 2x o ritmo,1
Pinheiral - RJ,3303955,RJ,Sudeste,0.8760474182787144,Critico,51.35,63.28,0,80.0,2.7866666666666666,Precisa de ate 2x o ritmo,0
Minas do Leão - RS,4312252,RS,Sul,0.8759073180340786,Critico,65.86,55.5,1,80.0,4.083333333333333,Precisa de ate 2x o ritmo,2
Amparo do São Francisco - SE,2800100,SE,Nordeste,0.8758368298368298,Critico,41.18,50.0,1,80.0,5.0,Precisa de ate 2x o ritmo,1
Bujaru - PA,1501907,PA,Norte,0.8755433679744764,Critico,51.4,51.61,1,80.0,4.7316666666666665,Precisa de ate 2x o ritmo,1
Anamã - AM,1300086,AM,Norte,0.8752121212121212,Critico,43.99,63.84,0,80.0,2.693333333333333,Precisa de ate 2x o ritmo,1
Terra de Areia - RS,4321436,RS,Sul,0.8744388160858749,Critico,69.47,56.6,1,80.0,3.9,Precisa de ate 2x o ritmo,2
Fonte Boa - AM,1301605,AM,Norte,0.8742084942084943,Critico,37.62,44.45,1,,,Sem meta definida,1
Jacaraci - BA,2917409,BA,Nordeste,0.8740805858207322,Critico,63.77,56.86,1,80.0,3.856666666666667,Precisa de ate 2x o ritmo,1
Campina Grande - PB,2504009,PB,Nordeste,0.8738755980861244,Critico,42.8,48.79,1,80.0,5.201666666666667,Precisa de mais de 2x o ritmo,0
São Miguel dos Campos - AL,2708600,AL,Nordeste,0.8738755980861244,Critico,50.08,57.17,1,80.0,3.8049999999999997,Precisa de ate 2x o ritmo,0
Bento Fernandes - RN,2401602,RN,Nordeste,0.8737852410966289,Critico,14.89,29.29,1,80.0,8.451666666666666,Precisa de mais de 2x o ritmo,1
São Gabriel - RS,4318309,RS,Sul,0.87352743117449,Critico,62.74,39.1,1,80.0,6.816666666666666,Precisa de mais de 2x o ritmo,0
Atalaia do Norte - AM,1300201,AM,Norte,0.8732750989435125,Critico,54.2,84.07,0,80.0,-0.6783333333333322,Meta ja atingida,1
Paraíba do Sul - RJ,3303708,RJ,Sudeste,0.8723110447421532,Critico,49.95,51.96,1,80.0,4.673333333333333,Precisa de ate 2x o ritmo,0
Codajás - AM,1301308,AM,Norte,0.8723110447421532,Critico,49.8,48.37,1,80.0,5.271666666666667,Precisa de mais de 2x o ritmo,1
Cruz Alta - RS,4306106,RS,Sul,0.8716502605307083,Critico,58.96,54.7,1,80.0,4.216666666666666,Precisa de ate 2x o ritmo,0
Balneário Rincão - SC,4220000,SC,Sul,0.8712545515710591,Critico,52.64,51.64,1,80.0,4.726666666666667,Precisa de ate 2x o ritmo,2
Cruz do Espírito Santo - PB,2504900,PB,Nordeste,0.8711752136752136,Critico,54.48,47.63,1,80.0,5.395,Precisa de mais de 2x o ritmo,1
Santa Maria do Tocantins - TO,1718881,TO,Norte,0.8709308890087784,Critico,24.56,39.73,1,80.0,6.711666666666667,Precisa de mais de 2x o ritmo,2
Carolina - MA,2102804,MA,Nordeste,0.8705554274320326,Critico,44.54,50.96,1,80.0,4.84,Precisa de ate 2x o ritmo,1
Marianópolis do Tocantins - TO,1712504,TO,Norte,0.8704209799861975,Critico,24.15,36.72,1,80.0,7.213333333333334,Precisa de mais de 2x o ritmo,2
Camapuã - MS,5002605,MS,Centro-Oeste,0.8702393725680964,Critico,31.56,58.24,1,80.0,3.6266666666666665,Precisa de ate 2x o ritmo,2
Isaías Coelho - PI,2204907,PI,Nordeste,0.8701681875992959,Critico,27.85,34.44,1,80.0,7.593333333333334,Precisa de mais de 2x o ritmo,1
São Vicente - SP,3551009,SP,Sudeste,0.8701604278074866,Critico,42.77,48.22,1,80.0,5.296666666666667,Precisa de mais de 2x o ritmo,0
Araguatins - TO,1702208,TO,Norte,0.8701604278074866,Critico,35.15,50.5,1,80.0,4.916666666666667,Precisa de ate 2x o ritmo,1
Carazinho - RS,4304705,RS,Sul,0.8700200589005067,Critico,69.3,46.5,1,80.0,5.583333333333333,Precisa de mais de 2x o ritmo,0
Taboão da Serra - SP,3552809,SP,Sudeste,0.8700200589005067,Critico,45.35,49.2,1,80.0,5.133333333333333,Precisa de mais de 2x o ritmo,0
Cachoeira dos Índios - PB,2503308,PB,Nordeste,0.8698454618844425,Critico,42.05,52.23,1,80.0,4.628333333333334,Precisa de ate 2x o ritmo,1
São Borja - RS,4318002,RS,Sul,0.8690909090909091,Critico,63.44,48.2,1,80.0,5.3,Precisa de mais de 2x o ritmo,0
Placas - PA,1505650,PA,Norte,0.8690909090909091,Critico,42.57,55.72,1,80.0,4.046666666666667,Precisa de ate 2x o ritmo,1
Itaqui - RS,4310603,RS,Sul,0.8690909090909091,Critico,63.77,47.9,1,,,Sem meta definida,0
Itaguatins - TO,1710706,TO,Norte,0.8690909090909091,Critico,32.53,18.09,1,80.0,10.318333333333333,Precisa de mais de 2x o ritmo,1
Penedo - AL,2706703,AL,Nordeste,0.8688617265087852,Critico,40.64,43.12,1,80.0,6.146666666666667,Precisa de mais de 2x o ritmo,1
Tapejara - RS,4320909,RS,Sul,0.8688617265087852,Critico,71.12,47.3,1,80.0,5.45,Precisa de mais de 2x o ritmo,0
Condado - PE,2604601,PE,Nordeste,0.8681545981882399,Critico,45.57,43.24,1,80.0,6.126666666666666,Precisa de mais de 2x o ritmo,1
Cabedelo - PB,2503209,PB,Nordeste,0.8681545981882399,Critico,48.94,57.38,1,80.0,3.7699999999999996,Precisa de ate 2x o ritmo,0
Centenário - TO,1704105,TO,Norte,0.867900060200394,Critico,23.33,66.67,0,80.0,2.2216666666666662,Atinge no ritmo atual,1
Rio Pardo - RS,4315701,RS,Sul,0.8677922077922078,Critico,66.31,60.9,0,80.0,3.1833333333333336,Precisa de ate 2x o ritmo,2
Barra de Santana - PB,2501575,PB,Nordeste,0.867764830665986,Critico,28.04,49.18,1,80.0,5.136666666666667,Precisa de mais de 2x o ritmo,1
Timbiras - MA,2112100,MA,Nordeste,0.8676982845748897,Critico,41.93,44.63,1,80.0,5.895,Precisa de mais de 2x o ritmo,1
Várzea - RN,2414704,RN,Nordeste,0.867466825113884,Critico,17.25,45.68,1,80.0,5.72,Precisa de mais de 2x o ritmo,1
Capela de Santana - RS,4304689,RS,Sul,0.8673841459087361,Critico,67.11,54.3,1,80.0,4.283333333333334,Precisa de ate 2x o ritmo,2
Garanhuns - PE,2606002,PE,Nordeste,0.8673716900948023,Critico,52.28,69.75,0,80.0,1.7083333333333333,Atinge no ritmo atual,0
Ibicuí - BA,2912301,BA,Nordeste,0.8673716900948023,Critico,58.94,50.0,1,80.0,5.0,Precisa de ate 2x o ritmo,1
Barcelos - AM,1300409,AM,Norte,0.8671310695291303,Critico,54.48,45.31,1,80.0,5.781666666666666,Precisa de mais de 2x o ritmo,1
Novo Repartimento - PA,1505064,PA,Norte,0.8661194653299917,Critico,55.6,47.88,1,80.0,5.353333333333333,Precisa de mais de 2x o ritmo,1
Chuí - RS,4305439,RS,Sul,0.8660856326709986,Critico,62.64,45.9,1,80.0,5.683333333333334,Precisa de mais de 2x o ritmo,0
Major Sales - RN,2407252,RN,Nordeste,0.8656713990367907,Critico,31.42,60.04,0,80.0,3.3266666666666667,Precisa de ate 2x o ritmo,1
Monte Santo do Tocantins - TO,1713700,TO,Norte,0.8650098821366428,Critico,29.33,44.77,1,80.0,5.871666666666666,Precisa de mais de 2x o ritmo,2
Sapeaçu - BA,2929602,BA,Nordeste,0.8649904584387343,Critico,56.84,64.52,0,80.0,2.5800000000000005,Precisa de ate 2x o ritmo,1
Rodolfo Fernandes - RN,2411007,RN,Nordeste,0.8642812742812742,Critico,25.25,45.23,1,80.0,5.795000000000001,Precisa de mais de 2x o ritmo,1
Santa Rosa de Lima - SE,2806503,SE,Nordeste,0.8642812742812742,Critico,25.0,26.74,1,80.0,8.876666666666667,Precisa de mais de 2x o ritmo,1
Bonito de Santa Fé - PB,2502409,PB,Nordeste,0.8641435301420962,Critico,40.87,60.93,0,80.0,3.1783333333333332,Precisa de ate 2x o ritmo,1
Pinheiro Machado - RS,4314506,RS,Sul,0.863812717256606,Critico,66.15,45.7,1,80.0,5.716666666666666,Precisa de mais de 2x o ritmo,2
Cerro Negro - SC,4204178,SC,Sul,0.8628832605303194,Critico,28.93,49.84,1,80.0,5.026666666666666,Precisa de ate 2x o ritmo,2
Riacho da Cruz - RN,2410702,RN,Nordeste,0.8626000915122397,Critico,20.95,37.5,1,80.0,7.083333333333333,Precisa de mais de 2x o ritmo,1
São Joaquim - SC,4216503,SC,Sul,0.8625030749341832,Critico,42.08,43.8,1,80.0,6.033333333333334,Precisa de mais de 2x o ritmo,2
Lagoa Alegre - PI,2205557,PI,Nordeste,0.8624630924630925,Critico,21.65,58.86,1,80.0,3.5233333333333334,Precisa de ate 2x o ritmo,1
Cabeceiras do Piauí - PI,2202059,PI,Nordeste,0.8624630924630925,Critico,19.85,52.34,1,80.0,4.609999999999999,Precisa de ate 2x o ritmo,1
Baía da Traição - PB,2501401,PB,Nordeste,0.8624630924630925,Critico,21.73,44.76,1,80.0,5.873333333333334,Precisa de mais de 2x o ritmo,1
Miracema do Tocantins - TO,1713205,TO,Norte,0.8624630924630925,Critico,41.54,46.42,1,80.0,5.596666666666667,Precisa de mais de 2x o ritmo,0
São Pedro da Água Branca - MA,2111532,MA,Nordeste,0.8624630924630925,Critico,32.95,55.64,1,80.0,4.06,Precisa de ate 2x o ritmo,1
Barão de Grajaú - MA,2101509,MA,Nordeste,0.8624630924630925,Critico,41.6,51.56,1,80.0,4.739999999999999,Precisa de ate 2x o ritmo,1
São Sebastião da Boa Vista - PA,1507706,PA,Norte,0.8622906546193783,Critico,48.08,47.41,1,80.0,5.4316666666666675,Precisa de mais de 2x o ritmo,1
Vereda - BA,2933257,BA,Nordeste,0.8622906546193783,Critico,67.84,35.85,1,80.0,7.358333333333333,Precisa de mais de 2x o ritmo,1
Juarina - TO,1711803,TO,Norte,0.8622906546193783,Critico,35.36,49.1,1,80.0,5.1499999999999995,Precisa de mais de 2x o ritmo,1
Pelotas - RS,4314407,RS,Sul,0.8622906546193783,Critico,51.52,39.3,1,80.0,6.783333333333334,Precisa de mais de 2x o ritmo,0
Antônio Martins - RN,2400901,RN,Nordeste,0.8619008870971244,Critico,40.99,51.06,1,80.0,4.823333333333333,Precisa de ate 2x o ritmo,1
Caraúbas - PB,2504074,PB,Nordeste,0.8618204524471291,Critico,48.41,87.82,0,80.0,-1.3033333333333321,Meta ja atingida,1
Pedro Gomes - MS,5006408,MS,Centro-Oeste,0.8616938616938616,Critico,33.66,55.86,1,80.0,4.023333333333333,Precisa de ate 2x o ritmo,2
Guarulhos - SP,3518800,SP,Sudeste,0.8616694416694415,Critico,44.51,49.23,1,80.0,5.128333333333334,Precisa de mais de 2x o ritmo,0
Pedro Laurentino - PI,2207934,PI,Nordeste,0.8613724715829978,Critico,37.77,47.35,1,80.0,5.441666666666666,Precisa de mais de 2x o ritmo,1
Ananindeua - PA,1500800,PA,Norte,0.86035074690664,Critico,58.15,53.37,1,80.0,4.4383333333333335,Precisa de ate 2x o ritmo,0
Encruzilhada do Sul - RS,4306908,RS,Sul,0.85927075170186,Critico,69.85,50.5,1,80.0,4.916666666666667,Precisa de ate 2x o ritmo,2
Muricilândia - TO,1713957,TO,Norte,0.85927075170186,Critico,17.89,49.28,1,80.0,5.12,Precisa de mais de 2x o ritmo,1
Arraias - TO,1702406,TO,Norte,0.85927075170186,Critico,34.29,61.2,0,80.0,3.133333333333333,Precisa de ate 2x o ritmo,1
Nova Timboteua - PA,1505007,PA,Norte,0.85927075170186,Critico,50.32,51.68,1,80.0,4.72,Precisa de ate 2x o ritmo,1
Igaracy - PB,2502607,PB,Nordeste,0.8588010414671203,Critico,28.96,79.06,0,80.0,0.1566666666666663,Atinge no ritmo atual,1
Mirandiba - PE,2609303,PE,Nordeste,0.8587245303715891,Critico,35.45,57.83,1,80.0,3.6950000000000003,Precisa de ate 2x o ritmo,1
Monte Alegre - RN,2407807,RN,Nordeste,0.8587245303715891,Critico,59.18,50.97,1,80.0,4.838333333333334,Precisa de ate 2x o ritmo,1
Messias Targino - RN,2407609,RN,Nordeste,0.8586549782571857,Critico,17.11,26.32,1,80.0,8.946666666666667,Precisa de mais de 2x o ritmo,1
Agudo - RS,4300109,RS,Sul,0.85835622838987,Critico,59.49,56.9,1,80.0,3.85,Precisa de ate 2x o ritmo,2
Januário Cicco - RN,2405306,RN,Nordeste,0.8577717019822284,Critico,45.53,20.55,1,,,Sem meta definida,1
Pantano Grande - RS,4313953,RS,Sul,0.8566833751044278,Critico,75.3,29.0,1,80.0,8.5,Precisa de mais de 2x o ritmo,2
São Fernando - RN,2411809,RN,Nordeste,0.8553024453024453,Critico,47.14,64.89,0,,,Sem meta definida,1
Colinas do Tocantins - TO,1705508,TO,Norte,0.8550912843988991,Critico,51.01,55.82,1,80.0,4.03,Precisa de ate 2x o ritmo,0
Juarez Távora - PB,2507606,PB,Nordeste,0.854944784356549,Critico,28.86,35.79,1,80.0,7.368333333333333,Precisa de mais de 2x o ritmo,1
São Salvador do Tocantins - TO,1720259,TO,Norte,0.8540565317035906,Critico,47.62,59.09,1,80.0,3.4849999999999994,Precisa de ate 2x o ritmo,1
Herval - RS,4307104,RS,Sul,0.8539393939393939,Critico,63.43,57.1,1,80.0,3.8166666666666664,Precisa de ate 2x o ritmo,2
Benjamin Constant - AM,1300607,AM,Norte,0.8539393939393939,Critico,42.52,38.24,1,80.0,6.96,Precisa de mais de 2x o ritmo,1
Telha - SE,2807303,SE,Nordeste,0.8534377535385989,Critico,17.39,42.47,1,80.0,6.255,Precisa de mais de 2x o ritmo,1
Paço do Lumiar - MA,2107506,MA,Nordeste,0.8532218113370368,Critico,50.71,55.55,1,80.0,4.075,Precisa de ate 2x o ritmo,0
Arroio dos Ratos - RS,4301107,RS,Sul,0.8530001772107034,Critico,32.24,40.8,1,80.0,6.533333333333334,Precisa de mais de 2x o ritmo,2
Rio dos Bois - TO,1718709,TO,Norte,0.8530001772107034,Critico,17.52,46.58,1,80.0,5.57,Precisa de mais de 2x o ritmo,2
Não-Me-Toque - RS,4312658,RS,Sul,0.8527578304048893,Critico,71.73,59.6,1,80.0,3.4,Precisa de ate 2x o ritmo,0
Santa Rosa do Tocantins - TO,1718907,TO,Norte,0.8526520102990691,Critico,20.86,36.92,1,80.0,7.18,Precisa de mais de 2x o ritmo,2
Santarém - PA,1506807,PA,Norte,0.8526406926406926,Critico,54.92,51.29,1,80.0,4.785,Precisa de ate 2x o ritmo,0
Magalhães de Almeida - MA,2106300,MA,Nordeste,0.8526406926406926,Critico,51.59,82.04,0,80.0,-0.340000000000001,Meta ja atingida,1
Júlio de Castilhos - RS,4311205,RS,Sul,0.8524794202213558,Critico,59.63,41.7,1,80.0,6.383333333333333,Precisa de mais de 2x o ritmo,0
São Francisco de Assis do Piauí - PI,2209658,PI,Nordeste,0.8516490501616361,Critico,33.64,36.86,1,80.0,7.19,Precisa de mais de 2x o ritmo,1
Aparecida do Rio Negro - TO,1701101,TO,Norte,0.8515824915824917,Critico,30.07,35.78,1,80.0,7.37,Precisa de mais de 2x o ritmo,2
São José do Norte - RS,4318507,RS,Sul,0.8513919638230721,Critico,57.28,41.4,1,80.0,6.433333333333334,Precisa de mais de 2x o ritmo,2
Bom Jesus do Araguaia - MT,5101852,MT,Centro-Oeste,0.8512238902725947,Critico,31.32,82.63,0,80.0,-0.4383333333333326,Meta ja atingida,2
Serra do Navio - AP,1600055,AP,Norte,0.8512095607747783,Critico,32.92,73.61,0,80.0,1.0650000000000002,Atinge no ritmo atual,2
Araguanã - TO,1702158,TO,Norte,0.8511593169026745,Critico,37.72,37.81,1,80.0,7.031666666666666,Precisa de mais de 2x o ritmo,2
Maracaju - MS,5005400,MS,Centro-Oeste,0.8511593169026745,Critico,40.62,46.55,1,80.0,5.575,Precisa de mais de 2x o ritmo,0
Grajaú - MA,2104800,MA,Nordeste,0.8506285832946622,Critico,42.36,45.8,1,80.0,5.7,Precisa de mais de 2x o ritmo,1
Carapicuíba - SP,3510609,SP,Sudeste,0.8502833618861784,Critico,49.86,57.57,1,80.0,3.7383333333333333,Precisa de ate 2x o ritmo,0
Minador do Negrão - AL,2705309,AL,Nordeste,0.8502216891021369,Critico,30.02,27.99,1,80.0,8.668333333333335,Precisa de mais de 2x o ritmo,1
Bento Gonçalves - RS,4302105,RS,Sul,0.8498141074611663,Critico,74.0,49.0,1,80.0,5.166666666666667,Precisa de mais de 2x o ritmo,0
Brasileira - PI,2201960,PI,Nordeste,0.8496059496059496,Critico,33.17,42.58,1,80.0,6.236666666666667,Precisa de mais de 2x o ritmo,1
Acari - RN,2400109,RN,Nordeste,0.8496059496059496,Critico,44.07,38.21,1,80.0,6.965,Precisa de mais de 2x o ritmo,2
Cerro Grande do Sul - RS,4305173,RS,Sul,0.8496059496059496,Critico,58.43,42.8,1,80.0,6.2,Precisa de mais de 2x o ritmo,2
Macapá - AP,1600303,AP,Norte,0.8492850069320659,Critico,41.73,44.85,1,80.0,5.858333333333333,Precisa de mais de 2x o ritmo,0
Porto Alegre - RS,4314902,RS,Sul,0.8492850069320659,Critico,45.59,27.4,1,,,Sem meta definida,0
Crixás do Tocantins - TO,1706258,TO,Norte,0.8489971198984927,Critico,29.03,82.61,0,80.0,-0.4349999999999999,Meta ja atingida,2
Riacho de Santana - RN,2410801,RN,Nordeste,0.8489737538217819,Critico,47.5,53.36,1,80.0,4.44,Precisa de ate 2x o ritmo,1
São Mamede - PB,2514909,PB,Nordeste,0.8486506655272705,Critico,37.65,49.02,1,80.0,5.163333333333333,Precisa de mais de 2x o ritmo,1
Barra do Ouro - TO,1703073,TO,Norte,0.8482154882154882,Critico,11.92,18.26,1,80.0,10.29,Precisa de mais de 2x o ritmo,1
Pojuca - BA,2925204,BA,Nordeste,0.8481222954216788,Critico,60.54,51.55,1,80.0,4.741666666666667,Precisa de ate 2x o ritmo,0
Palmeirândia - MA,2107605,MA,Nordeste,0.8463747387034622,Critico,42.07,70.09,0,80.0,1.6516666666666662,Atinge no ritmo atual,1
Batalha - PI,2201507,PI,Nordeste,0.8463747387034622,Critico,43.66,46.97,1,80.0,5.505,Precisa de mais de 2x o ritmo,1
Santiago - RS,4317400,RS,Sul,0.8463747387034622,Critico,68.9,60.2,0,80.0,3.2999999999999994,Precisa de ate 2x o ritmo,0
Duque de Caxias - RJ,3301702,RJ,Sudeste,0.8463747387034622,Critico,47.15,45.37,1,80.0,5.771666666666667,Precisa de mais de 2x o ritmo,0
Curitibanos - SC,4204806,SC,Sul,0.8463747387034622,Critico,54.54,56.96,1,80.0,3.84,Precisa de ate 2x o ritmo,0
Serra Redonda - PB,2515807,PB,Nordeste,0.8459849711812085,Critico,14.55,85.71,0,80.0,-0.9516666666666657,Meta ja atingida,1
Lagoa de Pedras - RN,2406304,RN,Nordeste,0.8454690524055554,Critico,47.72,28.89,1,80.0,8.518333333333333,Precisa de mais de 2x o ritmo,1
Ibirubá - RS,4310009,RS,Sul,0.8454159505889945,Critico,67.66,62.7,0,80.0,2.883333333333333,Precisa de ate 2x o ritmo,0
Itapiratins - TO,1710904,TO,Norte,0.8450425826896415,Critico,35.09,53.53,1,80.0,4.411666666666666,Precisa de ate 2x o ritmo,2
Parazinho - RN,2408805,RN,Nordeste,0.8448290822601907,Critico,47.0,28.27,1,80.0,8.621666666666668,Precisa de mais de 2x o ritmo,1
Paraty - RJ,3303807,RJ,Sudeste,0.8443575209787614,Critico,50.72,48.89,1,80.0,5.185,Precisa de mais de 2x o ritmo,0
Mateiros - TO,1712702,TO,Norte,0.844338734805325,Critico,27.59,9.09,1,80.0,11.818333333333333,Precisa de mais de 2x o ritmo,2
Buriti do Tocantins - TO,1703800,TO,Norte,0.8440772407733969,Critico,41.24,50.39,1,80.0,4.935,Precisa de ate 2x o ritmo,1
Tijucas - SC,4218004,SC,Sul,0.8435784110772424,Critico,45.31,17.91,1,,,Sem meta definida,0
Caldas Brandão - PB,2503803,PB,Nordeste,0.84335339223384,Critico,54.92,32.4,1,80.0,7.933333333333334,Precisa de mais de 2x o ritmo,1
Mostardas - RS,4312500,RS,Sul,0.8432105989539569,Critico,49.68,40.3,1,80.0,6.616666666666667,Precisa de mais de 2x o ritmo,2
Paranã - TO,1716208,TO,Norte,0.8432105989539569,Critico,42.28,68.45,0,80.0,1.9249999999999996,Atinge no ritmo atual,1
Abreu e Lima - PE,2600054,PE,Nordeste,0.8432105989539569,Critico,47.44,46.4,1,80.0,5.6000000000000005,Precisa de mais de 2x o ritmo,0
Pau D'Arco - PA,1505551,PA,Norte,0.8424403124739541,Critico,50.65,48.91,1,80.0,5.1816666666666675,Precisa de mais de 2x o ritmo,1
Três Forquilhas - RS,4321832,RS,Sul,0.8424403124739541,Critico,60.87,55.3,1,80.0,4.116666666666667,Precisa de ate 2x o ritmo,2
São Francisco de Paula - RS,4318200,RS,Sul,0.8424403124739541,Critico,62.28,44.0,1,80.0,6.0,Precisa de mais de 2x o ritmo,2
Pindaré-Mirim - MA,2108504,MA,Nordeste,0.8423973025703464,Critico,40.94,51.09,1,80.0,4.8183333333333325,Precisa de ate 2x o ritmo,1
Açailândia - MA,2100055,MA,Nordeste,0.8423973025703464,Critico,39.59,62.76,0,80.0,2.8733333333333335,Precisa de ate 2x o ritmo,0
Palmares do Sul - RS,4313656,RS,Sul,0.8423973025703464,Critico,57.27,50.3,1,80.0,4.95,Precisa de ate 2x o ritmo,0
Limoeiro de Anadia - AL,2704203,AL,Nordeste,0.8423973025703464,Critico,43.45,44.61,1,80.0,5.898333333333333,Precisa de mais de 2x o ritmo,1
Juara - MT,5105101,MT,Centro-Oeste,0.8423973025703464,Critico,49.53,59.61,1,80.0,3.3983333333333334,Precisa de ate 2x o ritmo,0
Pombos - PE,2611309,PE,Nordeste,0.8423973025703464,Critico,46.95,40.45,1,80.0,6.591666666666666,Precisa de mais de 2x o ritmo,1
Faro - PA,1503002,PA,Norte,0.8420505449517004,Critico,51.05,51.79,1,80.0,4.701666666666667,Precisa de ate 2x o ritmo,1
Santana do Araguaia - PA,1506708,PA,Norte,0.8407265095952056,Critico,54.53,58.51,1,80.0,3.581666666666667,Precisa de ate 2x o ritmo,2
Itaituba - PA,1503606,PA,Norte,0.8405644706122308,Critico,61.0,59.22,1,80.0,3.4633333333333334,Precisa de ate 2x o ritmo,0
Charqueadas - RS,4305355,RS,Sul,0.8402296128956918,Critico,64.97,51.4,1,80.0,4.766666666666667,Precisa de ate 2x o ritmo,0
Galinhos - RN,2404101,RN,Nordeste,0.8392761727244487,Critico,38.33,55.2,1,80.0,4.133333333333333,Precisa de ate 2x o ritmo,1
São Paulo do Potengi - RN,2412609,RN,Nordeste,0.8392761727244487,Critico,54.24,36.91,1,,,Sem meta definida,1
Catende - PE,2604205,PE,Nordeste,0.8388467439586431,Critico,44.6,21.83,1,80.0,9.695,Precisa de mais de 2x o ritmo,1
Bom Retiro - SC,4202602,SC,Sul,0.8388467439586431,Critico,38.12,46.31,1,80.0,5.614999999999999,Precisa de mais de 2x o ritmo,2
Porto do Mangue - RN,2410256,RN,Nordeste,0.8385043338081688,Critico,58.35,42.47,1,80.0,6.255,Precisa de mais de 2x o ritmo,1
Santa Cruz do Capibaribe - PE,2612505,PE,Nordeste,0.8378486620591884,Critico,52.81,55.94,1,80.0,4.010000000000001,Precisa de ate 2x o ritmo,0
Vera - MT,5108501,MT,Centro-Oeste,0.8368981646556785,Critico,34.76,52.77,1,80.0,4.538333333333333,Precisa de ate 2x o ritmo,2
Jundiá - RN,2406155,RN,Nordeste,0.8368962811068075,Critico,54.55,33.33,1,80.0,7.778333333333333,Precisa de mais de 2x o ritmo,1
Tuntum - MA,2112308,MA,Nordeste,0.8355650044337004,Critico,38.93,66.43,0,80.0,2.2616666666666654,Atinge no ritmo atual,1
Moita Bonita - SE,2804102,SE,Nordeste,0.8355650044337004,Critico,43.16,58.01,1,80.0,3.6650000000000005,Precisa de ate 2x o ritmo,1
Coribe - BA,2909109,BA,Nordeste,0.8352266018699019,Critico,47.33,30.71,1,80.0,8.215,Precisa de mais de 2x o ritmo,1
Manaus - AM,1302603,AM,Norte,0.835172735760971,Critico,54.32,51.37,1,80.0,4.771666666666667,Precisa de ate 2x o ritmo,0
Pedra Mole - SE,2805000,SE,Nordeste,0.8350802656158937,Critico,47.62,47.76,1,80.0,5.373333333333334,Precisa de mais de 2x o ritmo,1
Soledade - RS,4320800,RS,Sul,0.8345185146915586,Critico,58.93,63.1,0,80.0,2.8166666666666664,Precisa de ate 2x o ritmo,0
Lucrécia - RN,2406908,RN,Nordeste,0.8342423381544863,Critico,22.8,42.86,1,80.0,6.19,Precisa de mais de 2x o ritmo,1
Igreja Nova - AL,2703205,AL,Nordeste,0.8339316463627547,Critico,47.93,50.74,1,80.0,4.876666666666666,Precisa de ate 2x o ritmo,1
Vila Flor - RN,2415008,RN,Nordeste,0.833558254610886,Critico,19.38,39.06,1,80.0,6.823333333333333,Precisa de mais de 2x o ritmo,1
Catingueira - PB,2504207,PB,Nordeste,0.833405200464024,Critico,32.79,96.08,0,80.0,-2.6799999999999997,Meta ja atingida,1
Nazaré da Mata - PE,2609501,PE,Nordeste,0.8333258796509814,Critico,54.74,56.96,1,80.0,3.84,Precisa de ate 2x o ritmo,0
Bom Jesus - RS,4302303,RS,Sul,0.8331789641727619,Critico,75.27,41.6,1,80.0,6.3999999999999995,Precisa de mais de 2x o ritmo,2
Eldorado do Sul - RS,4306767,RS,Sul,0.8330639730639732,Critico,49.36,28.5,1,,,Sem meta definida,0
São João do Tigre - PB,2514107,PB,Nordeste,0.8329059829059828,Critico,36.73,48.38,1,80.0,5.27,Precisa de mais de 2x o ritmo,1
Alto Alegre do Pindaré - MA,2100477,MA,Nordeste,0.8325965225356746,Critico,36.04,56.29,1,80.0,3.9516666666666667,Precisa de ate 2x o ritmo,1
Surubim - PE,2614501,PE,Nordeste,0.8321115921115922,Critico,55.41,58.71,1,80.0,3.5483333333333333,Precisa de ate 2x o ritmo,1
São José do Belmonte - PE,2613503,PE,Nordeste,0.8316942314436669,Critico,46.7,60.42,0,80.0,3.263333333333333,Precisa de ate 2x o ritmo,1
Amapá do Maranhão - MA,2100550,MA,Nordeste,0.8313368983957219,Critico,22.97,43.0,1,80.0,6.166666666666667,Precisa de mais de 2x o ritmo,1
Diamante - PB,2505600,PB,Nordeste,0.8313368983957219,Critico,25.0,72.15,0,80.0,1.3083333333333325,Atinge no ritmo atual,1
Feliz - RS,4308102,RS,Sul,0.831267357583147,Critico,72.83,46.1,1,80.0,5.6499999999999995,Precisa de mais de 2x o ritmo,2
Japaratuba - SE,2803302,SE,Nordeste,0.8310046215282452,Critico,42.14,58.28,1,80.0,3.6199999999999997,Precisa de ate 2x o ritmo,1
Mojuí dos Campos - PA,1504752,PA,Norte,0.8303682154071244,Critico,55.19,43.72,1,80.0,6.046666666666667,Precisa de mais de 2x o ritmo,2
Novo Progresso - PA,1505031,PA,Norte,0.8300984902715343,Critico,61.43,56.8,1,80.0,3.866666666666667,Precisa de ate 2x o ritmo,2
Igrejinha - RS,4310108,RS,Sul,0.8300831565848664,Critico,77.71,47.7,1,80.0,5.383333333333333,Precisa de mais de 2x o ritmo,0
Tomar do Geru - SE,2807501,SE,Nordeste,0.8298910675381265,Critico,42.86,40.43,1,80.0,6.595,Precisa de mais de 2x o ritmo,1
Santa Luzia do Pará - PA,1506559,PA,Norte,0.8293086093422509,Critico,56.45,39.77,1,80.0,6.704999999999999,Precisa de mais de 2x o ritmo,1
São Miguel de Taipu - PB,2515005,PB,Nordeste,0.8289663617970916,Critico,10.07,100.0,0,80.0,-3.3333333333333335,Meta ja atingida,1
Rafael Fernandes - RN,2410504,RN,Nordeste,0.8289386865857455,Critico,36.8,39.27,1,80.0,6.788333333333333,Precisa de mais de 2x o ritmo,1
Piçarra - PA,1505635,PA,Norte,0.828018648018648,Critico,58.29,57.18,1,80.0,3.8033333333333332,Precisa de ate 2x o ritmo,1
Pracuúba - AP,1600550,AP,Norte,0.8278691678691679,Critico,36.41,30.66,1,80.0,8.223333333333334,Precisa de mais de 2x o ritmo,1
Campo Bom - RS,4303905,RS,Sul,0.8278691678691679,Critico,77.45,45.9,1,80.0,5.683333333333334,Precisa de mais de 2x o ritmo,0
Patos - PB,2510808,PB,Nordeste,0.8278691678691679,Critico,43.61,67.47,0,80.0,2.0883333333333334,Atinge no ritmo atual,0
Mamanguape - PB,2508901,PB,Nordeste,0.8276862165549126,Critico,46.17,68.65,0,80.0,1.8916666666666657,Atinge no ritmo atual,1
Olho d'Água do Borges - RN,2408409,RN,Nordeste,0.8268742571195071,Critico,24.17,30.77,1,80.0,8.205,Precisa de mais de 2x o ritmo,1
São Domingos do Araguaia - PA,1507151,PA,Norte,0.8262175335169168,Critico,46.05,40.37,1,80.0,6.605,Precisa de mais de 2x o ritmo,1
Piratini - RS,4314605,RS,Sul,0.8258562699977586,Critico,72.38,54.5,1,80.0,4.25,Precisa de ate 2x o ritmo,2
Taboleiro Grande - RN,2413805,RN,Nordeste,0.8254299146559209,Critico,45.45,73.08,0,80.0,1.1533333333333335,Atinge no ritmo atual,1
São José dos Basílios - MA,2111250,MA,Nordeste,0.8245872326770403,Critico,12.94,56.16,1,80.0,3.973333333333334,Precisa de ate 2x o ritmo,1
Vitória de Santo Antão - PE,2616407,PE,Nordeste,0.8243603959393434,Critico,46.09,50.66,1,80.0,4.890000000000001,Precisa de ate 2x o ritmo,0
Santana - AP,1600600,AP,Norte,0.8243345543345543,Critico,43.45,53.14,1,80.0,4.476666666666667,Precisa de ate 2x o ritmo,0
Unistalda - RS,4322376,RS,Sul,0.8242092519434179,Critico,69.42,55.6,1,80.0,4.066666666666666,Precisa de ate 2x o ritmo,2
Coronel João Pessoa - RN,2402907,RN,Nordeste,0.8223396509841642,Critico,23.86,47.83,1,80.0,5.361666666666667,Precisa de mais de 2x o ritmo,1
Colares - PA,1502608,PA,Norte,0.8223396509841642,Critico,54.39,37.22,1,80.0,7.13,Precisa de mais de 2x o ritmo,1
Jundiá - AL,2703908,AL,Nordeste,0.8223396509841642,Critico,34.6,44.34,1,80.0,5.9433333333333325,Precisa de mais de 2x o ritmo,1
Morro do Chapéu do Piauí - PI,2206670,PI,Nordeste,0.8214429299864001,Critico,28.84,40.04,1,80.0,6.66,Precisa de mais de 2x o ritmo,1
Arroio Grande - RS,4301305,RS,Sul,0.8214190634301012,Critico,54.13,43.4,1,,,Sem meta definida,2
Siriri - SE,2807204,SE,Nordeste,0.8213698647666309,Critico,47.06,52.4,1,80.0,4.6000000000000005,Precisa de ate 2x o ritmo,1
Carlos Barbosa - RS,4304804,RS,Sul,0.8211233349920312,Critico,68.25,62.5,0,80.0,2.9166666666666665,Precisa de ate 2x o ritmo,0
Paripueira - AL,2706448,AL,Nordeste,0.8208180708180708,Critico,53.42,35.8,1,80.0,7.366666666666667,Precisa de mais de 2x o ritmo,1
Rio da Conceição - TO,1718659,TO,Norte,0.8208180708180708,Critico,17.56,19.61,1,80.0,10.065,Precisa de mais de 2x o ritmo,1
Sousa - PB,2516201,PB,Nordeste,0.8191755112346584,Critico,42.43,65.82,0,80.0,2.3633333333333346,Atinge no ritmo atual,0
Codó - MA,2103307,MA,Nordeste,0.8184630924630923,Critico,46.94,50.85,1,80.0,4.858333333333333,Precisa de ate 2x o ritmo,1
Pedra Preta - RN,2409605,RN,Nordeste,0.8178936078936079,Critico,42.11,37.5,1,80.0,7.083333333333333,Precisa de mais de 2x o ritmo,1
Taquara - RS,4321204,RS,Sul,0.8178554740509647,Critico,61.27,45.0,1,80.0,5.833333333333333,Precisa de mais de 2x o ritmo,0
Cachoeiras de Macacu - RJ,3300803,RJ,Sudeste,0.8178083001033821,Critico,50.58,49.28,1,80.0,5.12,Precisa de mais de 2x o ritmo,0
Paulista - PE,2610707,PE,Nordeste,0.8178083001033821,Critico,51.54,54.94,1,80.0,4.176666666666667,Precisa de ate 2x o ritmo,0
Jaramataia - AL,2703700,AL,Nordeste,0.8178083001033821,Critico,36.05,40.27,1,80.0,6.621666666666666,Precisa de mais de 2x o ritmo,1
Quatipuru - PA,1506112,PA,Norte,0.8178083001033821,Critico,48.89,47.3,1,80.0,5.45,Precisa de mais de 2x o ritmo,1
Avelino Lopes - PI,2201101,PI,Nordeste,0.8178083001033821,Critico,40.98,44.97,1,80.0,5.838333333333334,Precisa de mais de 2x o ritmo,1
Bacabal - MA,2101202,MA,Nordeste,0.8178083001033821,Critico,45.66,51.38,1,80.0,4.77,Precisa de ate 2x o ritmo,1
Ananás - TO,1701002,TO,Norte,0.8173279223668312,Critico,39.94,46.69,1,80.0,5.551666666666667,Precisa de mais de 2x o ritmo,2
Amambai - MS,5000609,MS,Centro-Oeste,0.8173279223668312,Critico,42.01,69.72,0,80.0,1.7133333333333336,Atinge no ritmo atual,2
Hulha Negra - RS,4309654,RS,Sul,0.8171615051615051,Critico,72.82,36.4,1,80.0,7.266666666666667,Precisa de mais de 2x o ritmo,2
São Bento do Tocantins - TO,1720101,TO,Norte,0.8170581972312411,Critico,43.97,52.93,1,80.0,4.511666666666667,Precisa de ate 2x o ritmo,1
Lavras do Sul - RS,4311502,RS,Sul,0.8170581972312411,Critico,57.89,45.7,1,80.0,5.716666666666666,Precisa de mais de 2x o ritmo,2
Araricá - RS,4300877,RS,Sul,0.8170581972312411,Critico,75.69,43.5,1,80.0,6.083333333333333,Precisa de mais de 2x o ritmo,2
Barra do Ribeiro - RS,4301909,RS,Sul,0.8170581972312411,Critico,67.68,31.6,1,80.0,8.066666666666666,Precisa de mais de 2x o ritmo,2
Mata Grande - AL,2705002,AL,Nordeste,0.8164136119482894,Critico,40.11,42.45,1,80.0,6.258333333333333,Precisa de mais de 2x o ritmo,1
Sinimbu - RS,4320677,RS,Sul,0.8162795425073238,Critico,69.64,36.3,1,80.0,7.283333333333334,Precisa de mais de 2x o ritmo,2
Santa Inês - MA,2109908,MA,Nordeste,0.8158466945745456,Critico,47.95,50.83,1,80.0,4.861666666666667,Precisa de ate 2x o ritmo,0
Ielmo Marinho - RN,2404606,RN,Nordeste,0.8151158645276292,Critico,43.61,30.36,1,80.0,8.273333333333333,Precisa de mais de 2x o ritmo,1
Bom Jesus do Tocantins - TO,1703305,TO,Norte,0.8150671774982859,Critico,26.13,28.56,1,80.0,8.573333333333332,Precisa de mais de 2x o ritmo,2
Brochier - RS,4302659,RS,Sul,0.8146592259833773,Critico,61.74,56.7,1,80.0,3.883333333333333,Precisa de ate 2x o ritmo,2
São Caitano - PE,2613107,PE,Nordeste,0.8141629799063377,Critico,45.1,53.17,1,80.0,4.471666666666667,Precisa de ate 2x o ritmo,1
Brejo de Areia - MA,2102150,MA,Nordeste,0.8128692049283522,Critico,33.25,49.3,1,80.0,5.116666666666667,Precisa de mais de 2x o ritmo,1
Boa Vista do Cadeado - RS,4302220,RS,Sul,0.812619688640644,Critico,71.42,66.7,0,80.0,2.2166666666666663,Atinge no ritmo atual,2
São Jerônimo - RS,4318408,RS,Sul,0.8116171470805617,Critico,76.2,60.5,0,80.0,3.25,Precisa de ate 2x o ritmo,2
Pindoba - AL,2707008,AL,Nordeste,0.8112262585284897,Critico,29.05,48.15,1,80.0,5.308333333333334,Precisa de mais de 2x o ritmo,1
Cachoeira do Arari - PA,1502004,PA,Norte,0.8107861771356083,Critico,57.05,35.33,1,80.0,7.445,Precisa de mais de 2x o ritmo,1
Pedras Altas - RS,4314175,RS,Sul,0.8107861771356083,Critico,64.71,55.9,1,80.0,4.016666666666667,Precisa de ate 2x o ritmo,2
Curral Velho - PB,2505303,PB,Nordeste,0.8104614775203011,Critico,38.1,62.5,0,80.0,2.9166666666666665,Precisa de ate 2x o ritmo,1
Chapecó - SC,4204202,SC,Sul,0.8103882227933564,Critico,56.01,58.47,1,80.0,3.5883333333333334,Precisa de ate 2x o ritmo,0
Cumbe - SE,2801900,SE,Nordeste,0.8102258990945952,Critico,44.12,54.53,1,80.0,4.245,Precisa de ate 2x o ritmo,1
Miguel Alves - PI,2206209,PI,Nordeste,0.8091544874352866,Critico,39.04,60.79,0,80.0,3.2016666666666667,Precisa de ate 2x o ritmo,1
Ipupiara - BA,2914109,BA,Nordeste,0.8091478322366893,Critico,66.75,59.15,1,80.0,3.475,Precisa de ate 2x o ritmo,1
Curuá - PA,1502855,PA,Norte,0.8089629914362254,Critico,37.54,42.47,1,80.0,6.255,Precisa de mais de 2x o ritmo,1
Cidreira - RS,4305454,RS,Sul,0.8083984760693765,Critico,47.53,33.0,1,,,Sem meta definida,0
Ipueiras - TO,1709807,TO,Norte,0.8079679066957578,Critico,27.27,21.43,1,80.0,9.761666666666667,Precisa de mais de 2x o ritmo,2
Vera Cruz - RS,4322707,RS,Sul,0.8076220373861027,Critico,70.46,44.5,1,80.0,5.916666666666667,Precisa de mais de 2x o ritmo,2
Itajá - RN,2404853,RN,Nordeste,0.8071395506631903,Critico,56.95,40.01,1,80.0,6.665,Precisa de mais de 2x o ritmo,1
Luzinópolis - TO,1712454,TO,Norte,0.8071065457174171,Critico,25.0,48.91,1,80.0,5.1816666666666675,Precisa de mais de 2x o ritmo,1
Fontoura Xavier - RS,4308300,RS,Sul,0.8066072473276098,Critico,63.06,65.9,0,80.0,2.349999999999999,Atinge no ritmo atual,2
Itapoá - SC,4208450,SC,Sul,0.8060725162455601,Critico,47.67,53.37,1,,,Sem meta definida,0
Aguiarnópolis - TO,1700301,TO,Norte,0.8058454469048716,Critico,25.2,40.89,1,80.0,6.5183333333333335,Precisa de mais de 2x o ritmo,2
Coronel Ezequiel - RN,2402808,RN,Nordeste,0.8057736458072874,Critico,40.66,32.68,1,80.0,7.886666666666667,Precisa de mais de 2x o ritmo,1
Dirceu Arcoverde - PI,2203354,PI,Nordeste,0.8056059496059496,Critico,33.24,11.96,1,80.0,11.339999999999998,Precisa de mais de 2x o ritmo,1
Boa Vista do Incra - RS,4302238,RS,Sul,0.8055828908729158,Critico,71.3,26.6,1,80.0,8.9,Precisa de mais de 2x o ritmo,2
Dianópolis - TO,1707009,TO,Norte,0.805523953171012,Critico,51.81,61.27,0,80.0,3.121666666666666,Precisa de ate 2x o ritmo,0
Caxingó - PI,2202653,PI,Nordeste,0.8051495345612993,Critico,20.36,46.21,1,80.0,5.631666666666667,Precisa de mais de 2x o ritmo,1
General Maynard - SE,2802502,SE,Nordeste,0.8036705904300201,Critico,20.0,21.91,1,80.0,9.681666666666667,Precisa de mais de 2x o ritmo,1
Rochedo - MS,5007505,MS,Centro-Oeste,0.8024811655700226,Critico,38.71,48.97,1,80.0,5.171666666666667,Precisa de mais de 2x o ritmo,2
Nonoai - RS,4312708,RS,Sul,0.8023097492980786,Critico,54.7,44.6,1,80.0,5.8999999999999995,Precisa de mais de 2x o ritmo,2
Rio de Janeiro - RJ,3304557,RJ,Sudeste,0.8023097492980786,Critico,56.19,63.81,0,80.0,2.698333333333333,Precisa de ate 2x o ritmo,0
Barreiras do Piauí - PI,2201309,PI,Nordeste,0.8010544819767494,Critico,38.39,50.77,1,80.0,4.871666666666666,Precisa de ate 2x o ritmo,1
Urucurituba - AM,1304401,AM,Norte,0.8005405405405405,Critico,47.75,43.46,1,80.0,6.09,Precisa de mais de 2x o ritmo,1
Pau D'Arco - TO,1716307,TO,Norte,0.800141984283473,Critico,6.51,37.96,1,80.0,7.006666666666667,Precisa de mais de 2x o ritmo,2
Bom Progresso - RS,4302378,RS,Sul,0.7993439106680618,Critico,56.25,71.4,0,80.0,1.4333333333333325,Atinge no ritmo atual,2
Almino Afonso - RN,2400604,RN,Nordeste,0.7992307692307692,Critico,25.56,41.2,1,80.0,6.466666666666666,Precisa de mais de 2x o ritmo,1
Água Nova - RN,2400406,RN,Nordeste,0.7984615384615384,Critico,33.29,39.66,1,80.0,6.723333333333334,Precisa de mais de 2x o ritmo,1
Candiota - RS,4304358,RS,Sul,0.7981937283667723,Critico,57.08,37.8,1,,,Sem meta definida,2
Jaguaruna - SC,4208807,SC,Sul,0.7977777777777778,Critico,50.36,57.64,1,80.0,3.7266666666666666,Precisa de ate 2x o ritmo,2
Jardim de Angicos - RN,2405504,RN,Nordeste,0.7976096125076763,Critico,16.62,31.58,1,80.0,8.07,Precisa de mais de 2x o ritmo,1
Goianorte - TO,1708304,TO,Norte,0.7973398873720862,Critico,53.56,40.0,1,80.0,6.666666666666667,Precisa de mais de 2x o ritmo,2
Bandeirantes do Tocantins - TO,1703057,TO,Norte,0.7973148373641943,Critico,35.63,36.96,1,80.0,7.173333333333333,Precisa de mais de 2x o ritmo,2
Morro Redondo - RS,4312450,RS,Sul,0.7971822358376754,Critico,72.96,49.5,1,80.0,5.083333333333333,Precisa de ate 2x o ritmo,2
Araruama - RJ,3300209,RJ,Sudeste,0.797004729381512,Critico,50.86,55.89,1,80.0,4.0183333333333335,Precisa de ate 2x o ritmo,0
Ipixuna - AM,1301803,AM,Norte,0.7969373521335894,Critico,45.79,64.32,0,80.0,2.6133333333333346,Precisa de ate 2x o ritmo,1
Peixoto de Azevedo - MT,5106422,MT,Centro-Oeste,0.7967983555513908,Critico,36.06,41.77,1,80.0,6.371666666666666,Precisa de mais de 2x o ritmo,1
Cariri do Tocantins - TO,1703867,TO,Norte,0.796559938008036,Critico,15.77,52.01,1,80.0,4.665,Precisa de ate 2x o ritmo,2
Braga - RS,4302600,RS,Sul,0.7962931839402427,Critico,50.59,41.1,1,80.0,6.483333333333333,Precisa de mais de 2x o ritmo,2
Santo Ângelo - RS,4317509,RS,Sul,0.7958010350331202,Critico,63.45,42.8,1,80.0,6.2,Precisa de mais de 2x o ritmo,0
Manoel Viana - RS,4311759,RS,Sul,0.7955774323253123,Critico,60.8,48.0,1,80.0,5.333333333333333,Precisa de mais de 2x o ritmo,2
Umbuzeiro - PB,2517001,PB,Nordeste,0.794968734968735,Critico,38.29,79.38,0,80.0,0.1033333333333341,Atinge no ritmo atual,1
Costa Rica - MS,5003256,MS,Centro-Oeste,0.794685176980259,Critico,38.85,54.88,1,80.0,4.1866666666666665,Precisa de ate 2x o ritmo,0
Duas Estradas - PB,2505808,PB,Nordeste,0.7943575814164049,Critico,11.05,60.0,0,80.0,3.3333333333333335,Precisa de ate 2x o ritmo,1
Lagoa do Sítio - PI,2205599,PI,Nordeste,0.7942404436522084,Critico,12.7,62.96,0,80.0,2.84,Precisa de ate 2x o ritmo,1
Alegrete - RS,4300406,RS,Sul,0.7942404436522084,Critico,64.88,44.4,1,,,Sem meta definida,0
Ibiassucê - BA,2912004,BA,Nordeste,0.7936976603643271,Critico,65.01,61.19,0,80.0,3.1350000000000002,Precisa de ate 2x o ritmo,1
Colniza - MT,5103254,MT,Centro-Oeste,0.7934128425886562,Critico,41.71,69.19,0,80.0,1.801666666666667,Atinge no ritmo atual,2
Paim Filho - RS,4313607,RS,Sul,0.7934053354163733,Critico,78.96,53.1,1,80.0,4.483333333333333,Precisa de ate 2x o ritmo,2
São Sebastião do Caí - RS,4319505,RS,Sul,0.7932880626998274,Critico,70.71,44.1,1,80.0,5.983333333333333,Precisa de mais de 2x o ritmo,0
Viçosa - RN,2414902,RN,Nordeste,0.7932382510387626,Critico,58.93,61.9,0,80.0,3.016666666666667,Precisa de ate 2x o ritmo,1
Porto Alegre do Norte - MT,5106778,MT,Centro-Oeste,0.7931738202268716,Critico,31.09,53.25,1,80.0,4.458333333333333,Precisa de ate 2x o ritmo,2
Tufilândia - MA,2112274,MA,Nordeste,0.7920037247268368,Critico,34.79,36.17,1,80.0,7.305,Precisa de mais de 2x o ritmo,1
São Sepé - RS,4319604,RS,Sul,0.7919888170277257,Critico,76.88,51.9,1,80.0,4.683333333333334,Precisa de ate 2x o ritmo,0
Cumaru do Norte - PA,1502764,PA,Norte,0.7919888170277257,Critico,50.13,45.2,1,80.0,5.8,Precisa de mais de 2x o ritmo,1
Frei Martinho - PB,2506202,PB,Nordeste,0.7919888170277257,Critico,38.7,71.43,0,80.0,1.4283333333333321,Atinge no ritmo atual,1
Rurópolis - PA,1506195,PA,Norte,0.7919888170277257,Critico,57.97,54.76,1,80.0,4.206666666666667,Precisa de ate 2x o ritmo,1
Recursolândia - TO,1718501,TO,Norte,0.7917958294428884,Critico,4.56,50.29,1,80.0,4.951666666666667,Precisa de ate 2x o ritmo,1
Redenção - PA,1506138,PA,Norte,0.7916312710010067,Critico,55.06,58.25,1,80.0,3.625,Precisa de ate 2x o ritmo,0
Santana dos Garrotes - PB,2513604,PB,Nordeste,0.7915824915824916,Critico,32.69,52.77,1,80.0,4.538333333333333,Precisa de ate 2x o ritmo,1
São Domingos do Maranhão - MA,2110708,MA,Nordeste,0.7911416334367154,Critico,41.82,50.11,1,80.0,4.9816666666666665,Precisa de ate 2x o ritmo,1
João Dias - RN,2405900,RN,Nordeste,0.791077306967626,Critico,46.15,38.89,1,80.0,6.851666666666667,Precisa de mais de 2x o ritmo,1
Morro Cabeça no Tempo - PI,2206654,PI,Nordeste,0.7910398567832146,Critico,23.7,19.39,1,80.0,10.101666666666667,Precisa de mais de 2x o ritmo,1
Tenente Laurentino Cruz - RN,2414159,RN,Nordeste,0.7908799381821694,Critico,44.64,37.18,1,80.0,7.136666666666667,Precisa de mais de 2x o ritmo,1
Ponte Alta do Tocantins - TO,1717909,TO,Norte,0.7905075892354403,Critico,47.6,30.99,1,80.0,8.168333333333335,Precisa de mais de 2x o ritmo,1
Cacimbas - PB,2503555,PB,Nordeste,0.7902351600211592,Critico,32.54,47.9,1,80.0,5.3500000000000005,Precisa de mais de 2x o ritmo,1
Santa Tereza do Tocantins - TO,1719004,TO,Norte,0.7901151571739808,Critico,48.09,24.65,1,80.0,9.225,Precisa de mais de 2x o ritmo,2
Barra Velha - SC,4202107,SC,Sul,0.7898104194655919,Critico,48.2,48.69,1,,,Sem meta definida,0
Catolé do Rocha - PB,2504306,PB,Nordeste,0.7897308246288884,Critico,55.21,45.82,1,80.0,5.696666666666666,Precisa de mais de 2x o ritmo,1
São José da Tapera - AL,2708402,AL,Nordeste,0.7895287861345113,Critico,49.03,50.43,1,80.0,4.928333333333334,Precisa de ate 2x o ritmo,1
Várzea Grande - MT,5108402,MT,Centro-Oeste,0.7892601265159194,Critico,47.17,60.26,0,80.0,3.2900000000000005,Precisa de ate 2x o ritmo,0
Ibirajuba - PE,2606705,PE,Nordeste,0.7889059829059829,Critico,39.34,62.42,0,80.0,2.9299999999999997,Precisa de ate 2x o ritmo,1
Boqueirão do Leão - RS,4302451,RS,Sul,0.7889059829059829,Critico,61.14,70.0,0,,,Sem meta definida,2
Santa Rosa - RS,4317202,RS,Sul,0.7887782587782588,Critico,70.13,51.2,1,80.0,4.8,Precisa de ate 2x o ritmo,0
Coroatá - MA,2103604,MA,Nordeste,0.788760681055763,Critico,41.49,55.72,1,80.0,4.046666666666667,Precisa de ate 2x o ritmo,1
São Lourenço da Mata - PE,2613701,PE,Nordeste,0.7879417993568123,Critico,44.07,53.32,1,80.0,4.446666666666666,Precisa de ate 2x o ritmo,0
Sarandi - RS,4320107,RS,Sul,0.7878258778258779,Critico,72.22,49.9,1,80.0,5.016666666666667,Precisa de ate 2x o ritmo,0
Tupanciretã - RS,4322202,RS,Sul,0.7878258778258779,Critico,68.26,42.9,1,80.0,6.183333333333334,Precisa de mais de 2x o ritmo,0
Canhoba - SE,2801108,SE,Nordeste,0.7873711662523449,Critico,45.45,64.29,0,80.0,2.6183333333333323,Precisa de ate 2x o ritmo,1
Teresina - PI,2211001,PI,Nordeste,0.7869944339827634,Critico,48.21,57.56,1,80.0,3.7399999999999998,Precisa de ate 2x o ritmo,0
Campo Belo do Sul - SC,4203402,SC,Sul,0.7863542063864052,Critico,27.65,45.29,1,80.0,5.785,Precisa de mais de 2x o ritmo,2
Biguaçu - SC,4202305,SC,Sul,0.7863016475357674,Critico,46.72,45.29,1,,,Sem meta definida,0
Imperatriz - MA,2105302,MA,Nordeste,0.7863016475357674,Critico,45.19,54.73,1,80.0,4.211666666666667,Precisa de ate 2x o ritmo,0
Bom Princípio - RS,4302352,RS,Sul,0.7855368665275787,Critico,74.32,50.7,1,80.0,4.883333333333333,Precisa de ate 2x o ritmo,0
Nova Olinda - PB,2510204,PB,Nordeste,0.7848262548262548,Critico,45.95,38.04,1,80.0,6.993333333333333,Precisa de mais de 2x o ritmo,1
Chapada de Areia - TO,1704600,TO,Norte,0.7844989142629796,Critico,50.0,6.25,1,80.0,12.291666666666666,Precisa de mais de 2x o ritmo,1
Montanhas - RN,2407708,RN,Nordeste,0.7843063166830994,Critico,58.69,44.2,1,80.0,5.966666666666666,Precisa de mais de 2x o ritmo,1
Vera Cruz - RN,2414803,RN,Nordeste,0.7832494172494172,Critico,58.73,43.56,1,80.0,6.073333333333333,Precisa de mais de 2x o ritmo,1
Arapoema - TO,1702307,TO,Norte,0.7831324680441585,Critico,37.31,68.32,0,80.0,1.9466666666666679,Atinge no ritmo atual,2
Dois Irmãos do Tocantins - TO,1707207,TO,Norte,0.7831317031317031,Critico,48.67,52.81,1,80.0,4.531666666666666,Precisa de ate 2x o ritmo,1
Piripá - BA,2924702,BA,Nordeste,0.7831317031317031,Critico,64.26,56.47,1,80.0,3.921666666666667,Precisa de ate 2x o ritmo,1
São Vicente do Sul - RS,4319802,RS,Sul,0.7829272751421378,Critico,73.71,46.3,1,80.0,5.616666666666667,Precisa de mais de 2x o ritmo,2
Vila Bela da Santíssima Trindade - MT,5105507,MT,Centro-Oeste,0.782219738535528,Critico,49.57,47.61,1,80.0,5.398333333333333,Precisa de mais de 2x o ritmo,2
Ibirapuitã - RS,4309951,RS,Sul,0.7810170810092101,Critico,62.74,59.7,1,80.0,3.383333333333333,Precisa de ate 2x o ritmo,2
Miranorte - TO,1713304,TO,Norte,0.7807507507507507,Critico,52.55,63.01,0,80.0,2.831666666666667,Precisa de ate 2x o ritmo,2
Palmeirante - TO,1715705,TO,Norte,0.7807334109064548,Critico,9.01,31.27,1,80.0,8.121666666666668,Precisa de mais de 2x o ritmo,1
Santa Maria da Boa Vista - PE,2612604,PE,Nordeste,0.7807334109064548,Critico,45.6,64.37,0,80.0,2.604999999999999,Precisa de ate 2x o ritmo,1
Alagoa Nova - PB,2500403,PB,Nordeste,0.779876617287725,Critico,38.94,89.39,0,80.0,-1.5650000000000002,Meta ja atingida,1
Araguaçu - TO,1702000,TO,Norte,0.7796835152069898,Critico,44.49,40.54,1,80.0,6.576666666666667,Precisa de mais de 2x o ritmo,2
Conceição de Macabu - RJ,3301405,RJ,Sudeste,0.7795219082497592,Critico,49.73,56.17,1,80.0,3.9716666666666662,Precisa de ate 2x o ritmo,0
Araguacema - TO,1701903,TO,Norte,0.7795219082497592,Critico,38.62,49.27,1,80.0,5.121666666666666,Precisa de mais de 2x o ritmo,2
Jari - RS,4311130,RS,Sul,0.7785047244552403,Critico,61.2,36.4,1,80.0,7.266666666666667,Precisa de mais de 2x o ritmo,2
Estação - RS,4307559,RS,Sul,0.7772072072072073,Critico,73.44,45.4,1,80.0,5.766666666666667,Precisa de mais de 2x o ritmo,2
Talismã - TO,1720978,TO,Norte,0.7768180708180707,Critico,43.88,75.11,0,,,Sem meta definida,2
Santo Antônio do Planalto - RS,4317756,RS,Sul,0.7766569634927344,Critico,77.14,77.2,0,80.0,0.4666666666666662,Atinge no ritmo atual,2
Curral de Cima - PB,2505279,PB,Nordeste,0.7765755857088816,Critico,57.14,55.56,1,80.0,4.073333333333333,Precisa de ate 2x o ritmo,1
Corumbá - MS,5003207,MS,Centro-Oeste,0.7742459480707871,Critico,41.52,38.3,1,80.0,6.95,Precisa de mais de 2x o ritmo,0
Jacaré dos Homens - AL,2703403,AL,Nordeste,0.7739011127698088,Critico,38.18,54.66,1,80.0,4.223333333333334,Precisa de ate 2x o ritmo,1
Areia Branca - RN,2401107,RN,Nordeste,0.7733957095588595,Critico,49.53,41.2,1,80.0,6.466666666666666,Precisa de mais de 2x o ritmo,0
Carapebus - RJ,3300936,RJ,Sudeste,0.7732624804913961,Critico,51.01,59.54,1,80.0,3.41,Precisa de ate 2x o ritmo,0
Água Branca - AL,2700102,AL,Nordeste,0.7731153986476661,Critico,47.14,48.8,1,80.0,5.2,Precisa de mais de 2x o ritmo,1
Suzano - SP,3552502,SP,Sudeste,0.7730247802342982,Critico,44.51,51.13,1,80.0,4.8116666666666665,Precisa de ate 2x o ritmo,0
Santa Inês - BA,2927903,BA,Nordeste,0.7728621428943417,Critico,47.34,47.31,1,80.0,5.448333333333333,Precisa de mais de 2x o ritmo,1
Navegantes - SC,4211306,SC,Sul,0.7722705071685708,Critico,54.22,53.23,1,,,Sem meta definida,0
Tapera - RS,4321006,RS,Sul,0.7722705071685708,Critico,75.82,77.9,0,80.0,0.34999999999999903,Atinge no ritmo atual,0
Japi - RN,2405405,RN,Nordeste,0.7680240602707307,Critico,16.49,25.76,1,80.0,9.04,Precisa de mais de 2x o ritmo,1
Belo Jardim - PE,2601706,PE,Nordeste,0.7667156630314524,Critico,49.69,43.93,1,80.0,6.011666666666667,Precisa de mais de 2x o ritmo,1
Candelária - RS,4304200,RS,Sul,0.7659991113895466,Critico,75.15,53.0,1,80.0,4.5,Precisa de ate 2x o ritmo,2
Espumoso - RS,4307500,RS,Sul,0.7646424724553182,Critico,69.18,50.3,1,80.0,4.95,Precisa de ate 2x o ritmo,0
Tibau - RN,2411056,RN,Nordeste,0.7644525914809736,Critico,40.65,33.61,1,,,Sem meta definida,1
Sebastião Barros - PI,2210623,PI,Nordeste,0.7640840840840841,Critico,26.0,50.0,1,80.0,5.0,Precisa de ate 2x o ritmo,1
Jerumenha - PI,2205300,PI,Nordeste,0.7635820142278987,Critico,26.32,75.31,0,80.0,0.7816666666666663,Atinge no ritmo atual,1
São Bento do Norte - RN,2411601,RN,Nordeste,0.7631521841105904,Critico,57.76,32.17,1,80.0,7.971666666666667,Precisa de mais de 2x o ritmo,1
São Jorge - RS,4318440,RS,Sul,0.7622221206858598,Critico,76.67,66.7,0,80.0,2.2166666666666663,Atinge no ritmo atual,2
Amarante do Maranhão - MA,2100600,MA,Nordeste,0.7622221206858598,Critico,45.63,41.33,1,80.0,6.445,Precisa de mais de 2x o ritmo,1
Cerro Corá - RN,2402709,RN,Nordeste,0.7617031317031318,Critico,60.42,40.95,1,80.0,6.508333333333333,Precisa de mais de 2x o ritmo,1
Lafaiete Coutinho - BA,2918704,BA,Nordeste,0.7614715089546333,Critico,67.65,56.52,1,80.0,3.9133333333333327,Precisa de ate 2x o ritmo,1
Aparecida do Taboado - MS,5001003,MS,Centro-Oeste,0.76128482618289,Critico,51.45,57.5,1,80.0,3.75,Precisa de ate 2x o ritmo,0
Barracão - RS,4301800,RS,Sul,0.7610227203860098,Critico,73.34,56.4,1,80.0,3.9333333333333336,Precisa de ate 2x o ritmo,2
Dueré - TO,1707306,TO,Norte,0.7610151010472999,Critico,34.95,68.54,0,80.0,1.909999999999999,Atinge no ritmo atual,2
Paraú - RN,2408706,RN,Nordeste,0.7610151010472999,Critico,13.33,14.29,1,80.0,10.951666666666668,Precisa de mais de 2x o ritmo,1
São João da Barra - RJ,3305000,RJ,Sudeste,0.7598197585476096,Critico,52.12,58.22,1,80.0,3.6300000000000003,Precisa de ate 2x o ritmo,0
Jaguari - RS,4311106,RS,Sul,0.7587213179691482,Critico,68.38,61.3,0,80.0,3.116666666666667,Precisa de ate 2x o ritmo,2
Guatambú - SC,4206652,SC,Sul,0.7585714285714286,Critico,47.81,42.94,1,80.0,6.176666666666667,Precisa de mais de 2x o ritmo,2
Guamaré - RN,2404507,RN,Nordeste,0.7576501894710879,Critico,52.35,43.15,1,80.0,6.141666666666667,Precisa de mais de 2x o ritmo,2
Buriti dos Lopes - PI,2202000,PI,Nordeste,0.7573078273078273,Critico,41.5,61.68,0,80.0,3.0533333333333332,Precisa de ate 2x o ritmo,1
São José dos Ausentes - RS,4318622,RS,Sul,0.7569452973501531,Critico,61.59,37.1,1,,,Sem meta definida,2
Timbaúba dos Batistas - RN,2414308,RN,Nordeste,0.756909986565159,Critico,20.83,40.0,1,80.0,6.666666666666667,Precisa de mais de 2x o ritmo,2
Teotônio Vilela - AL,2709152,AL,Nordeste,0.7564999158159911,Critico,52.48,57.59,1,80.0,3.7349999999999994,Precisa de ate 2x o ritmo,1
São João do Arraial - PI,2209971,PI,Nordeste,0.7564739892606192,Critico,33.59,87.8,0,80.0,-1.2999999999999996,Meta ja atingida,1
São João do Rio do Peixe - PB,2500700,PB,Nordeste,0.7564658013774919,Critico,42.09,72.85,0,80.0,1.1916666666666675,Atinge no ritmo atual,1
Brejo da Madre de Deus - PE,2602605,PE,Nordeste,0.7564650364650365,Critico,52.96,48.73,1,80.0,5.211666666666667,Precisa de mais de 2x o ritmo,1
Juti - MS,5005152,MS,Centro-Oeste,0.756298833012829,Critico,22.63,47.67,1,80.0,5.388333333333333,Precisa de mais de 2x o ritmo,2
Cuité de Mamanguape - PB,2505238,PB,Nordeste,0.7559125825807117,Critico,10.33,22.16,1,80.0,9.64,Precisa de mais de 2x o ritmo,1
Santo Augusto - RS,4317806,RS,Sul,0.7557109129004551,Critico,74.4,65.1,0,80.0,2.4833333333333343,Atinge no ritmo atual,0
Araquari - SC,4201307,SC,Sul,0.7556640307029394,Critico,51.84,49.55,1,,,Sem meta definida,0
Gavião - BA,2911253,BA,Nordeste,0.7556640307029394,Critico,60.47,47.37,1,80.0,5.4383333333333335,Precisa de mais de 2x o ritmo,1
Tenente Portela - RS,4321402,RS,Sul,0.7556640307029394,Critico,70.53,62.2,0,80.0,2.9666666666666663,Precisa de ate 2x o ritmo,2
Pão de Açúcar - AL,2706406,AL,Nordeste,0.7553968253968254,Critico,47.65,55.26,1,80.0,4.123333333333334,Precisa de ate 2x o ritmo,1
Caruaru - PE,2604106,PE,Nordeste,0.7553968253968254,Critico,54.95,58.37,1,80.0,3.6050000000000004,Precisa de ate 2x o ritmo,0
Canela - RS,4304408,RS,Sul,0.7552134973646439,Critico,76.13,46.8,1,80.0,5.533333333333334,Precisa de mais de 2x o ritmo,0
Formigueiro - RS,4308409,RS,Sul,0.7547013110171005,Critico,72.91,56.9,1,80.0,3.85,Precisa de ate 2x o ritmo,2
Pequizeiro - TO,1716653,TO,Norte,0.7541828029106539,Critico,35.23,61.79,0,80.0,3.035,Precisa de ate 2x o ritmo,2
Ponte Alta do Bom Jesus - TO,1717800,TO,Norte,0.7541828029106539,Critico,9.52,44.56,1,80.0,5.906666666666666,Precisa de mais de 2x o ritmo,1
Curral Novo do Piauí - PI,2203271,PI,Nordeste,0.7541828029106539,Critico,16.11,48.34,1,80.0,5.276666666666666,Precisa de mais de 2x o ritmo,1
São Valério do Sul - RS,4319737,RS,Sul,0.7540840840840841,Critico,71.43,46.2,1,80.0,5.633333333333333,Precisa de mais de 2x o ritmo,2
Arraial do Cabo - RJ,3300258,RJ,Sudeste,0.7538180879041751,Critico,50.49,58.05,1,80.0,3.6583333333333337,Precisa de ate 2x o ritmo,0
Laranjal do Jari - AP,1600279,AP,Norte,0.7536666995953056,Critico,39.29,39.8,1,80.0,6.7,Precisa de mais de 2x o ritmo,0
Brejinho de Nazaré - TO,1703701,TO,Norte,0.7536666995953056,Critico,38.1,49.45,1,80.0,5.091666666666666,Precisa de mais de 2x o ritmo,2
Nazaré - TO,1714302,TO,Norte,0.7535580541720701,Critico,45.94,34.23,1,80.0,7.628333333333334,Precisa de mais de 2x o ritmo,1
Dois Riachos - AL,2702504,AL,Nordeste,0.7533970887885112,Critico,46.47,64.23,0,80.0,2.6283333333333325,Precisa de ate 2x o ritmo,1
Selvíria - MS,5007802,MS,Centro-Oeste,0.7527903091060987,Critico,26.67,59.83,1,80.0,3.361666666666667,Precisa de ate 2x o ritmo,2
Carrasco Bonito - TO,1703891,TO,Norte,0.752650794065807,Critico,34.09,23.86,1,80.0,9.356666666666667,Precisa de mais de 2x o ritmo,1
Caieiras - SP,3509007,SP,Sudeste,0.7517349028050881,Critico,44.74,52.16,1,80.0,4.640000000000001,Precisa de ate 2x o ritmo,0
Palhoça - SC,4211900,SC,Sul,0.7517349028050881,Critico,51.42,47.35,1,,,Sem meta definida,0
Maratá - RS,4311791,RS,Sul,0.7517031317031317,Critico,67.82,59.8,1,80.0,3.366666666666667,Precisa de ate 2x o ritmo,2
Jaquirana - RS,4311122,RS,Sul,0.7513540500672404,Critico,69.4,36.4,1,80.0,7.266666666666667,Precisa de mais de 2x o ritmo,2
Porto Alegre do Tocantins - TO,1718006,TO,Norte,0.7509868900538272,Critico,7.57,37.89,1,80.0,7.0183333333333335,Precisa de mais de 2x o ritmo,1
Coxilha - RS,4305975,RS,Sul,0.7509868900538272,Critico,63.41,52.3,1,80.0,4.616666666666667,Precisa de ate 2x o ritmo,2
Senador Elói de Souza - RN,2413102,RN,Nordeste,0.7502370384230413,Critico,50.36,25.42,1,,,Sem meta definida,1
Picuí - PB,2511400,PB,Nordeste,0.7500762121478685,Critico,52.51,42.85,1,80.0,6.191666666666666,Precisa de mais de 2x o ritmo,1
Cruzeiro do Sul - RS,4306205,RS,Sul,0.749697660364327,Critico,68.21,35.2,1,80.0,7.466666666666666,Precisa de mais de 2x o ritmo,2
Balsas - MA,2101400,MA,Nordeste,0.7493319505660704,Critico,39.83,39.54,1,80.0,6.743333333333333,Precisa de mais de 2x o ritmo,0
São Lourenço do Sul - RS,4318804,RS,Sul,0.7491587903929102,Critico,74.52,57.2,1,80.0,3.7999999999999994,Precisa de ate 2x o ritmo,2
Areia de Baraúnas - PB,2501153,PB,Nordeste,0.7490483214603797,Critico,25.0,36.36,1,80.0,7.273333333333333,Precisa de mais de 2x o ritmo,1
Primavera - PA,1506104,PA,Norte,0.7489491738259566,Critico,48.96,49.94,1,80.0,5.010000000000001,Precisa de ate 2x o ritmo,1
Bodocó - PE,2602001,PE,Nordeste,0.7477777777777778,Critico,45.23,47.32,1,80.0,5.446666666666666,Precisa de mais de 2x o ritmo,1
São Francisco do Sul - SC,4216206,SC,Sul,0.7474781181240027,Critico,46.01,52.17,1,,,Sem meta definida,0
Alto Alegre - RS,4300554,RS,Sul,0.7471576771576771,Critico,61.54,63.6,0,,,Sem meta definida,2
Jóia - RS,4311155,RS,Sul,0.7464462052053131,Critico,60.0,54.2,1,,,Sem meta definida,2
Tavares - RS,4321352,RS,Sul,0.7455247051798777,Critico,58.58,28.9,1,80.0,8.516666666666667,Precisa de mais de 2x o ritmo,2
Guadalupe - PI,2204501,PI,Nordeste,0.7436950814742855,Critico,48.9,68.54,0,80.0,1.909999999999999,Atinge no ritmo atual,2
Apuí - AM,1300144,AM,Norte,0.7432132820819781,Critico,62.57,64.17,0,80.0,2.638333333333333,Precisa de ate 2x o ritmo,1
Juruti - PA,1503903,PA,Norte,0.7425900765900766,Critico,48.21,50.25,1,80.0,4.958333333333333,Precisa de ate 2x o ritmo,1
Cristal - RS,4306056,RS,Sul,0.7425085440874916,Critico,61.01,61.2,0,80.0,3.133333333333333,Precisa de ate 2x o ritmo,2
Sítio Novo do Tocantins - TO,1720804,TO,Norte,0.7423736263736264,Critico,39.53,50.64,1,80.0,4.8933333333333335,Precisa de ate 2x o ritmo,1
Silva Jardim - RJ,3305604,RJ,Sudeste,0.7420422669190496,Critico,55.39,57.35,1,80.0,3.775,Precisa de ate 2x o ritmo,2
Bernardo Sayão - TO,1703206,TO,Norte,0.7417133038900613,Critico,52.8,59.26,1,80.0,3.456666666666667,Precisa de ate 2x o ritmo,2
Santa Maria das Barreiras - PA,1506583,PA,Norte,0.741261126855756,Critico,53.64,42.45,1,80.0,6.258333333333333,Precisa de mais de 2x o ritmo,1
Bandeirantes - MS,5001508,MS,Centro-Oeste,0.7409077133088704,Critico,25.95,52.42,1,80.0,4.596666666666667,Precisa de ate 2x o ritmo,2
Bezerros - PE,2601904,PE,Nordeste,0.7402825340403909,Critico,51.47,56.84,1,80.0,3.8599999999999994,Precisa de ate 2x o ritmo,1
Quatis - RJ,3304128,RJ,Sudeste,0.7399139748120386,Critico,48.93,60.05,0,80.0,3.3250000000000006,Precisa de ate 2x o ritmo,0
Pescaria Brava - SC,4212650,SC,Sul,0.7398217329163621,Critico,40.37,45.95,1,80.0,5.675,Precisa de mais de 2x o ritmo,2
Gramado Xavier - RS,4309159,RS,Sul,0.7379765923876874,Critico,71.43,37.5,1,,,Sem meta definida,2
Forquetinha - RS,4308433,RS,Sul,0.7367906123228798,Critico,60.8,55.2,1,80.0,4.133333333333333,Precisa de ate 2x o ritmo,2
Angico - TO,1701051,TO,Norte,0.7359457208437845,Critico,40.16,59.12,1,80.0,3.4800000000000004,Precisa de ate 2x o ritmo,2
Itaara - RS,4310538,RS,Sul,0.7359457208437845,Critico,58.94,38.5,1,80.0,6.916666666666667,Precisa de mais de 2x o ritmo,2
Ponte Alta - SC,4213302,SC,Sul,0.7353985230455817,Critico,33.56,55.08,1,80.0,4.153333333333333,Precisa de ate 2x o ritmo,2
Cabo de Santo Agostinho - PE,2602902,PE,Nordeste,0.7341351681486825,Critico,55.12,50.72,1,80.0,4.88,Precisa de ate 2x o ritmo,0
Érico Cardoso - BA,2900504,BA,Nordeste,0.7340997780450202,Critico,68.05,37.21,1,80.0,7.131666666666667,Precisa de mais de 2x o ritmo,1
Amaral Ferrador - RS,4300638,RS,Sul,0.7340171930841303,Critico,64.44,56.6,1,80.0,3.9,Precisa de ate 2x o ritmo,2
Pinhal Grande - RS,4314472,RS,Sul,0.733841754487639,Critico,63.64,44.0,1,80.0,6.0,Precisa de mais de 2x o ritmo,2
Corrente - PI,2202901,PI,Nordeste,0.7338292452442582,Critico,47.76,37.78,1,80.0,7.036666666666666,Precisa de mais de 2x o ritmo,1
Vitória das Missões - RS,4323754,RS,Sul,0.7337330061450644,Critico,63.16,69.2,0,,,Sem meta definida,2
Capivari de Baixo - SC,4203956,SC,Sul,0.7337268302785545,Critico,56.15,59.64,1,,,Sem meta definida,0
Aparecida - PB,2500775,PB,Nordeste,0.7326392493432692,Critico,42.5,62.41,0,80.0,2.931666666666667,Precisa de ate 2x o ritmo,1
Bela Vista - MS,5002100,MS,Centro-Oeste,0.7321890934232133,Critico,43.77,48.18,1,80.0,5.303333333333334,Precisa de mais de 2x o ritmo,0
Pinhal da Serra - RS,4314464,RS,Sul,0.7315781878939773,Critico,74.14,35.3,1,80.0,7.45,Precisa de mais de 2x o ritmo,2
Ibarama - RS,4309753,RS,Sul,0.7310448888454004,Critico,71.02,48.9,1,80.0,5.183333333333334,Precisa de mais de 2x o ritmo,2
Floriano - PI,2203909,PI,Nordeste,0.7305021645021645,Critico,49.16,53.36,1,80.0,4.44,Precisa de ate 2x o ritmo,0
Corguinho - MS,5003108,MS,Centro-Oeste,0.7304201680672269,Critico,45.65,58.66,1,80.0,3.556666666666667,Precisa de ate 2x o ritmo,2
Riozinho - RS,4315750,RS,Sul,0.7302741452199657,Critico,79.18,62.1,0,80.0,2.983333333333333,Precisa de ate 2x o ritmo,2
Dois Irmãos - RS,4306403,RS,Sul,0.7297896882534275,Critico,79.87,57.8,1,80.0,3.7000000000000006,Precisa de ate 2x o ritmo,0
Bossoroca - RS,4302501,RS,Sul,0.7290214815239393,Critico,61.11,46.9,1,80.0,5.516666666666667,Precisa de mais de 2x o ritmo,2
Cuitegi - PB,2505204,PB,Nordeste,0.7280579834494059,Critico,29.25,24.78,1,80.0,9.203333333333333,Precisa de mais de 2x o ritmo,1
Dom Eliseu - PA,1502939,PA,Norte,0.7265656565656565,Critico,59.32,69.24,0,80.0,1.7933333333333341,Atinge no ritmo atual,1
Barra do Quaraí - RS,4301875,RS,Sul,0.7251881509600527,Critico,53.85,26.6,1,80.0,8.9,Precisa de mais de 2x o ritmo,2
Malhada de Pedras - BA,2920304,BA,Nordeste,0.7246705033628337,Critico,70.36,70.27,0,80.0,1.6216666666666673,Atinge no ritmo atual,1
Buriti - MA,2102200,MA,Nordeste,0.7246705033628337,Critico,44.96,28.95,1,80.0,8.508333333333333,Precisa de mais de 2x o ritmo,1
Parintins - AM,1303403,AM,Norte,0.7243221793221795,Critico,61.37,61.89,0,80.0,3.018333333333333,Precisa de ate 2x o ritmo,0
Cubatão - SP,3513504,SP,Sudeste,0.7234949722228232,Critico,48.69,45.16,1,80.0,5.8066666666666675,Precisa de mais de 2x o ritmo,0
Três Barras - SC,4218301,SC,Sul,0.7234535834535835,Critico,51.14,49.49,1,80.0,5.085,Precisa de ate 2x o ritmo,0
Garibaldi - RS,4308607,RS,Sul,0.7232946054246867,Critico,77.86,58.0,1,80.0,3.6666666666666665,Precisa de ate 2x o ritmo,0
Palmas - PR,4117602,PR,Sul,0.7232486064876371,Critico,55.66,54.27,1,80.0,4.288333333333333,Precisa de ate 2x o ritmo,0
Pirapó - RS,4314555,RS,Sul,0.7230766078636262,Critico,91.67,72.7,0,,,Sem meta definida,2
Pontão - RS,4314779,RS,Sul,0.7224536573517211,Critico,77.53,46.9,1,,,Sem meta definida,2
Ametista do Sul - RS,4300646,RS,Sul,0.7224536573517211,Critico,53.78,72.9,0,80.0,1.1833333333333325,Atinge no ritmo atual,2
Santana da Boa Vista - RS,4317004,RS,Sul,0.7212114213268763,Critico,53.67,33.9,1,80.0,7.683333333333334,Precisa de mais de 2x o ritmo,2
Sananduva - RS,4316600,RS,Sul,0.7209097815764482,Critico,74.0,53.3,1,80.0,4.45,Precisa de ate 2x o ritmo,2
Canutama - AM,1300904,AM,Norte,0.7206625695655723,Critico,56.29,75.82,0,,,Sem meta definida,1
Florianópolis - SC,4205407,SC,Sul,0.7205719583511625,Critico,49.27,49.64,1,,,Sem meta definida,0
Herveiras - RS,4309571,RS,Sul,0.7202138897791072,Critico,65.44,35.3,1,,,Sem meta definida,2
São Miguel das Missões - RS,4319158,RS,Sul,0.7190932616093079,Critico,76.34,50.7,1,80.0,4.883333333333333,Precisa de ate 2x o ritmo,2
Regeneração - PI,2208809,PI,Nordeste,0.7179198847657045,Critico,40.89,31.32,1,80.0,8.113333333333333,Precisa de mais de 2x o ritmo,1
Antônio Prado - RS,4300802,RS,Sul,0.7161044197324151,Critico,70.93,55.9,1,80.0,4.016666666666667,Precisa de ate 2x o ritmo,2
Rio Grande da Serra - SP,3544103,SP,Sudeste,0.7155594270228416,Critico,45.84,61.8,0,80.0,3.0333333333333337,Precisa de ate 2x o ritmo,0
Amaturá - AM,1300060,AM,Norte,0.7130879155017087,Critico,62.67,64.58,0,80.0,2.5700000000000003,Precisa de ate 2x o ritmo,1
Arvorezinha - RS,4301404,RS,Sul,0.7129113733933236,Critico,80.57,76.1,0,80.0,0.6500000000000009,Atinge no ritmo atual,2
Rondolândia - MT,5107578,MT,Centro-Oeste,0.7129113733933236,Critico,52.41,51.28,1,80.0,4.786666666666666,Precisa de ate 2x o ritmo,2
Ouricuri - PE,2609907,PE,Nordeste,0.7129113733933236,Critico,36.16,30.78,1,80.0,8.203333333333333,Precisa de mais de 2x o ritmo,1
Vale Real - RS,4322541,RS,Sul,0.7127502630507745,Critico,75.99,40.0,1,80.0,6.666666666666667,Precisa de mais de 2x o ritmo,2
São José do Bonfim - PB,2514602,PB,Nordeste,0.7124688619035642,Critico,11.97,29.62,1,80.0,8.396666666666667,Precisa de mais de 2x o ritmo,1
Três de Maio - RS,4321808,RS,Sul,0.7123492063492063,Critico,74.21,52.1,1,80.0,4.6499999999999995,Precisa de ate 2x o ritmo,0
Mariana Pimentel - RS,4311981,RS,Sul,0.7114515069837745,Critico,61.86,21.9,1,,,Sem meta definida,2
Santa Bárbara do Sul - RS,4316709,RS,Sul,0.7111624380693065,Critico,68.2,42.8,1,80.0,6.2,Precisa de mais de 2x o ritmo,2
Dilermando de Aguiar - RS,4306379,RS,Sul,0.7109579604491985,Critico,67.29,53.6,1,80.0,4.3999999999999995,Precisa de ate 2x o ritmo,2
Carmo - RJ,3301207,RJ,Sudeste,0.7108409576829605,Critico,43.6,67.98,0,80.0,2.0033333333333325,Atinge no ritmo atual,0
Planalto - RS,4314704,RS,Sul,0.7105218330378792,Critico,73.32,56.3,1,80.0,3.9500000000000006,Precisa de ate 2x o ritmo,2
Buritis - RO,1100452,RO,Norte,0.7103213317847464,Critico,49.82,72.32,0,80.0,1.2800000000000011,Atinge no ritmo atual,2
Carlos Gomes - RS,4304853,RS,Sul,0.7101004738348606,Critico,54.55,50.0,1,80.0,5.0,Precisa de ate 2x o ritmo,2
Chapada dos Guimarães - MT,5103007,MT,Centro-Oeste,0.709488069562344,Critico,47.7,69.0,0,80.0,1.8333333333333333,Atinge no ritmo atual,2
Lajedo do Tabocal - BA,2919058,BA,Nordeste,0.709193514584937,Critico,55.06,43.1,1,80.0,6.1499999999999995,Precisa de mais de 2x o ritmo,1
Tocantínia - TO,1721109,TO,Norte,0.7090455962030033,Critico,42.96,51.16,1,80.0,4.8066666666666675,Precisa de ate 2x o ritmo,1
Campestre - AL,2701357,AL,Nordeste,0.708760672705915,Critico,41.23,62.12,0,80.0,2.9800000000000004,Precisa de ate 2x o ritmo,1
Roca Sales - RS,4315800,RS,Sul,0.7083770440772195,Critico,75.61,45.0,1,80.0,5.833333333333333,Precisa de mais de 2x o ritmo,2
Bom Jesus - PB,2502201,PB,Nordeste,0.7077612925483108,Critico,25.56,68.42,0,80.0,1.9299999999999997,Atinge no ritmo atual,1
Muliterno - RS,4312625,RS,Sul,0.7077612925483108,Critico,80.0,69.2,0,,,Sem meta definida,2
Chapadão do Sul - MS,5002951,MS,Centro-Oeste,0.7073783055072597,Critico,43.31,63.42,0,80.0,2.763333333333333,Precisa de ate 2x o ritmo,0
Silvanópolis - TO,1720655,TO,Norte,0.7072596582233974,Critico,34.74,37.39,1,80.0,7.101666666666667,Precisa de mais de 2x o ritmo,2
Sossêgo - PB,2516151,PB,Nordeste,0.7067816091954023,Critico,18.45,66.62,0,80.0,2.229999999999999,Atinge no ritmo atual,1
Muitos Capões - RS,4312617,RS,Sul,0.7061403336812762,Critico,71.11,54.8,1,80.0,4.2,Precisa de ate 2x o ritmo,2
Tacima - PB,2516409,PB,Nordeste,0.7052481966632096,Critico,55.93,77.72,0,80.0,0.38000000000000017,Atinge no ritmo atual,1
Gramado - RS,4309100,RS,Sul,0.7038443130270259,Critico,78.92,57.5,1,80.0,3.75,Precisa de ate 2x o ritmo,0
Itapetininga - SP,3522307,SP,Sudeste,0.7031935669279537,Critico,44.24,54.05,1,80.0,4.325,Precisa de ate 2x o ritmo,0
Cambará do Sul - RS,4303608,RS,Sul,0.7021078802556705,Critico,77.85,54.2,1,80.0,4.3,Precisa de ate 2x o ritmo,2
Camalaú - PB,2503902,PB,Nordeste,0.7017267763062223,Critico,36.34,68.64,0,80.0,1.8933333333333333,Atinge no ritmo atual,1
São João da Fronteira - PI,2209872,PI,Nordeste,0.7017142857142857,Critico,26.94,43.37,1,80.0,6.105,Precisa de mais de 2x o ritmo,1
Vieirópolis - PB,2517209,PB,Nordeste,0.7017142857142857,Critico,28.19,64.36,0,80.0,2.606666666666667,Precisa de ate 2x o ritmo,1
Bauru - SP,3506003,SP,Sudeste,0.7013524441233775,Critico,49.38,59.95,1,80.0,3.3416666666666663,Precisa de ate 2x o ritmo,0
Glorinha - RS,4309050,RS,Sul,0.7008543856414039,Critico,65.09,34.3,1,80.0,7.616666666666667,Precisa de mais de 2x o ritmo,2
Canhotinho - PE,2603702,PE,Nordeste,0.7004713986003528,Critico,48.26,65.49,0,80.0,2.4183333333333343,Atinge no ritmo atual,1
Peixe-Boi - PA,1505601,PA,Norte,0.7000727857094671,Critico,53.76,84.31,0,80.0,-0.7183333333333337,Meta ja atingida,1
Paranatinga - MT,5106307,MT,Centro-Oeste,0.698883263740147,Alto,44.67,60.98,0,80.0,3.1700000000000004,Precisa de ate 2x o ritmo,2
Arroio do Meio - RS,4301008,RS,Sul,0.6975179687109512,Alto,82.6,63.6,0,80.0,2.733333333333333,Precisa de ate 2x o ritmo,0
Laguna - SC,4209409,SC,Sul,0.6973360323886639,Alto,54.35,52.91,1,80.0,4.515000000000001,Precisa de ate 2x o ritmo,0
Cacequi - RS,4302907,RS,Sul,0.6969421101774043,Alto,55.89,49.6,1,80.0,5.066666666666666,Precisa de ate 2x o ritmo,2
Augustinópolis - TO,1702554,TO,Norte,0.6967172074668662,Alto,50.01,59.95,1,80.0,3.3416666666666663,Precisa de ate 2x o ritmo,2
Iguatemi - MS,5004304,MS,Centro-Oeste,0.6957014510928734,Alto,38.28,60.02,0,80.0,3.3299999999999996,Precisa de ate 2x o ritmo,2
Cerro Branco - RS,4305132,RS,Sul,0.6956877459882574,Alto,72.08,66.7,0,80.0,2.2166666666666663,Atinge no ritmo atual,2
Lizarda - TO,1712405,TO,Norte,0.6954419039770929,Alto,42.61,19.44,1,80.0,10.093333333333334,Precisa de mais de 2x o ritmo,1
Goiana - PE,2606200,PE,Nordeste,0.6925435540069687,Alto,53.14,45.89,1,80.0,5.685,Precisa de mais de 2x o ritmo,0
Cruzaltense - RS,4306130,RS,Sul,0.691741445879377,Alto,77.78,64.3,0,80.0,2.616666666666667,Precisa de ate 2x o ritmo,2
Monte Alegre dos Campos - RS,4312377,RS,Sul,0.691741445879377,Alto,63.26,36.2,1,80.0,7.3,Precisa de mais de 2x o ritmo,2
Silveira Martins - RS,4320651,RS,Sul,0.6917331971246196,Alto,66.67,35.7,1,80.0,7.383333333333333,Precisa de mais de 2x o ritmo,2
Sussuapara - PI,2210938,PI,Nordeste,0.6917331971246196,Alto,27.08,55.84,1,80.0,4.026666666666666,Precisa de ate 2x o ritmo,1
Caiçara - PB,2503605,PB,Nordeste,0.6917331971246196,Alto,53.84,72.22,0,80.0,1.2966666666666669,Atinge no ritmo atual,1
Belém - AL,2700805,AL,Nordeste,0.6917331971246196,Alto,55.08,64.57,0,80.0,2.5716666666666677,Precisa de ate 2x o ritmo,1
Governador Dix-Sept Rosado - RN,2404309,RN,Nordeste,0.6917331971246196,Alto,53.1,50.54,1,80.0,4.91,Precisa de ate 2x o ritmo,1
Barcelona - RN,2401503,RN,Nordeste,0.6917331971246196,Alto,55.27,74.35,0,80.0,0.9416666666666677,Atinge no ritmo atual,1
Santa Filomena do Maranhão - MA,2109759,MA,Nordeste,0.6917331971246196,Alto,36.45,40.91,1,80.0,6.515000000000001,Precisa de mais de 2x o ritmo,1
Lagoa de São Francisco - PI,2205573,PI,Nordeste,0.6916064411097832,Alto,41.38,76.74,0,80.0,0.5433333333333342,Atinge no ritmo atual,1
Geminiano - PI,2204352,PI,Nordeste,0.6913067093004104,Alto,19.5,53.59,1,80.0,4.401666666666666,Precisa de ate 2x o ritmo,1
Ruy Barbosa - RN,2411106,RN,Nordeste,0.6911413112224472,Alto,58.23,35.0,1,80.0,7.5,Precisa de mais de 2x o ritmo,1
Peixe - TO,1716604,TO,Norte,0.6910436512086642,Alto,46.47,42.93,1,80.0,6.178333333333334,Precisa de mais de 2x o ritmo,2
Pedro Régis - PB,2512721,PB,Nordeste,0.6906445293368597,Alto,47.41,23.99,1,80.0,9.335,Precisa de mais de 2x o ritmo,1
Santo Antônio de Leverger - MT,5107800,MT,Centro-Oeste,0.6904794915496769,Alto,42.54,48.07,1,,,Sem meta definida,2
Cordeiros - BA,2909000,BA,Nordeste,0.6894948419086351,Alto,69.32,52.46,1,80.0,4.59,Precisa de ate 2x o ritmo,1
Otacílio Costa - SC,4211751,SC,Sul,0.6894377530657484,Alto,53.18,66.44,0,80.0,2.2600000000000002,Atinge no ritmo atual,0
Chapada - RS,4305306,RS,Sul,0.6894377530657484,Alto,75.31,47.5,1,80.0,5.416666666666667,Precisa de mais de 2x o ritmo,2
São Bento do Trairí - RN,2411700,RN,Nordeste,0.6894377530657484,Alto,33.35,33.62,1,80.0,7.73,Precisa de mais de 2x o ritmo,1
Campo Novo - RS,4304002,RS,Sul,0.688950480413895,Alto,66.01,46.1,1,80.0,5.6499999999999995,Precisa de mais de 2x o ritmo,2
Salto de Pirapora - SP,3545308,SP,Sudeste,0.6878010551265388,Alto,44.71,46.83,1,80.0,5.528333333333333,Precisa de mais de 2x o ritmo,0
Piraquara - PR,4119509,PR,Sul,0.6877977872890253,Alto,58.33,50.54,1,80.0,4.91,Precisa de ate 2x o ritmo,0
Tucumã - PA,1508084,PA,Norte,0.6874736495388669,Alto,58.8,48.54,1,80.0,5.243333333333333,Precisa de mais de 2x o ritmo,0
Primeiro de Maio - PR,4120507,PR,Sul,0.6869736401683096,Alto,51.44,62.66,0,80.0,2.8900000000000006,Precisa de ate 2x o ritmo,2
Pugmil - TO,1718451,TO,Norte,0.6869628956809122,Alto,20.72,40.91,1,80.0,6.515000000000001,Precisa de mais de 2x o ritmo,2
São Vicente - RN,2413003,RN,Nordeste,0.6869216282712253,Alto,57.67,49.95,1,80.0,5.008333333333333,Precisa de ate 2x o ritmo,1
Douradina - MS,5003504,MS,Centro-Oeste,0.6865939097814623,Alto,28.79,68.7,0,80.0,1.8833333333333329,Atinge no ritmo atual,2
Canapi - AL,2701605,AL,Nordeste,0.6865939097814623,Alto,45.5,62.21,0,80.0,2.965,Precisa de ate 2x o ritmo,1
Veranópolis - RS,4322806,RS,Sul,0.6865939097814623,Alto,77.14,57.0,1,80.0,3.8333333333333335,Precisa de ate 2x o ritmo,0
Ernestina - RS,4307054,RS,Sul,0.6865710620701546,Alto,61.92,64.7,0,80.0,2.5499999999999994,Precisa de ate 2x o ritmo,2
Lastro - PB,2508406,PB,Nordeste,0.6855694879832811,Alto,20.77,82.76,0,80.0,-0.46000000000000085,Meta ja atingida,1
Santo Antônio das Missões - RS,4317707,RS,Sul,0.6854351395730707,Alto,77.06,54.4,1,80.0,4.266666666666667,Precisa de ate 2x o ritmo,2
Erebango - RS,4306973,RS,Sul,0.6853393698764562,Alto,71.88,45.2,1,80.0,5.8,Precisa de mais de 2x o ritmo,2
Vila Lângaro - RS,4323358,RS,Sul,0.6848592704538996,Alto,71.21,52.9,1,80.0,4.516666666666667,Precisa de ate 2x o ritmo,2
Lagoa de Velhos - RN,2406403,RN,Nordeste,0.6843014765830239,Alto,41.67,29.67,1,80.0,8.388333333333334,Precisa de mais de 2x o ritmo,1
Nazarezinho - PB,2510006,PB,Nordeste,0.6842664588459048,Alto,36.48,63.86,0,80.0,2.69,Precisa de ate 2x o ritmo,1
Tangará da Serra - MT,5107958,MT,Centro-Oeste,0.6841489642232388,Alto,48.7,58.95,1,80.0,3.508333333333333,Precisa de ate 2x o ritmo,0
Sanharó - PE,2612406,PE,Nordeste,0.6837302464586916,Alto,41.8,65.85,0,80.0,2.3583333333333343,Atinge no ritmo atual,1
Maquiné - RS,4311775,RS,Sul,0.68371234112075,Alto,45.71,36.9,1,,,Sem meta definida,2
Abel Figueiredo - PA,1500131,PA,Norte,0.6828600515879025,Alto,59.81,54.88,1,80.0,4.1866666666666665,Precisa de ate 2x o ritmo,1
Vila Rica - MT,5108600,MT,Centro-Oeste,0.6825308461588415,Alto,47.89,55.24,1,80.0,4.126666666666666,Precisa de ate 2x o ritmo,2
Tabocão - TO,1708254,TO,Norte,0.6822826311947795,Alto,48.93,51.71,1,80.0,4.715,Precisa de ate 2x o ritmo,2
Nova Prata - RS,4313300,RS,Sul,0.681734132697872,Alto,78.81,59.8,1,80.0,3.366666666666667,Precisa de ate 2x o ritmo,0
Curvelândia - MT,5103437,MT,Centro-Oeste,0.6813510676841135,Alto,33.24,92.97,0,80.0,-2.1616666666666666,Meta ja atingida,2
Pinhal - RS,4314456,RS,Sul,0.6796641551632477,Alto,56.45,33.2,1,80.0,7.8,Precisa de mais de 2x o ritmo,2
Independência - RS,4310405,RS,Sul,0.679486098977337,Alto,66.59,57.7,1,80.0,3.7166666666666663,Precisa de ate 2x o ritmo,2
Lagoa Bonita do Sul - RS,4311239,RS,Sul,0.6794097705882827,Alto,70.83,54.2,1,80.0,4.3,Precisa de ate 2x o ritmo,2
Lagoa - PB,2508109,PB,Nordeste,0.6792824485036582,Alto,25.0,59.38,1,80.0,3.436666666666666,Precisa de ate 2x o ritmo,1
Venâncio Aires - RS,4322608,RS,Sul,0.6792824485036582,Alto,76.1,61.1,0,80.0,3.15,Precisa de ate 2x o ritmo,0
São Miguel da Baixa Grande - PI,2210383,PI,Nordeste,0.678705028110535,Alto,24.14,80.0,0,80.0,0.0,Meta ja atingida,1
Várzea Branca - PI,2211357,PI,Nordeste,0.678241133632556,Alto,25.97,31.25,1,80.0,8.125,Precisa de mais de 2x o ritmo,1
Peri Mirim - MA,2108405,MA,Nordeste,0.6781784746418893,Alto,35.34,61.02,0,80.0,3.1633333333333327,Precisa de ate 2x o ritmo,1
Imbituba - SC,4207304,SC,Sul,0.6777991620160295,Alto,54.52,56.24,1,,,Sem meta definida,0
Poço Dantas - PB,2512036,PB,Nordeste,0.6777342858778618,Alto,23.24,81.67,0,80.0,-0.2783333333333336,Meta ja atingida,1
Juruá - AM,1302207,AM,Norte,0.6769988976077113,Alto,48.13,47.46,1,80.0,5.423333333333333,Precisa de mais de 2x o ritmo,1
Lagoa da Canoa - AL,2704104,AL,Nordeste,0.6769988976077113,Alto,45.57,44.19,1,80.0,5.968333333333334,Precisa de mais de 2x o ritmo,1
Bocaiúva do Sul - PR,4103107,PR,Sul,0.6769988976077113,Alto,49.13,57.37,1,80.0,3.771666666666667,Precisa de ate 2x o ritmo,2
Caiçara do Rio do Vento - RN,2401909,RN,Nordeste,0.6769988976077113,Alto,59.21,36.91,1,80.0,7.1816666666666675,Precisa de mais de 2x o ritmo,1
Craíbas - AL,2702355,AL,Nordeste,0.6769988976077113,Alto,45.7,67.43,0,80.0,2.094999999999999,Atinge no ritmo atual,1
Planaltino - BA,2924900,BA,Nordeste,0.6769988976077113,Alto,53.78,42.86,1,80.0,6.19,Precisa de mais de 2x o ritmo,1
São José do Seridó - RN,2412401,RN,Nordeste,0.6762373315488969,Alto,36.3,56.41,1,80.0,3.931666666666667,Precisa de ate 2x o ritmo,2
Maçambará - RS,4311718,RS,Sul,0.6760375280517738,Alto,68.53,49.9,1,80.0,5.016666666666667,Precisa de ate 2x o ritmo,2
Ipueira - RN,2404804,RN,Nordeste,0.6760125713779824,Alto,50.0,22.22,1,,,Sem meta definida,2
Moreno - PE,2609402,PE,Nordeste,0.6757300480115952,Alto,53.38,43.93,1,80.0,6.011666666666667,Precisa de mais de 2x o ritmo,0
São Nicolau - RS,4319208,RS,Sul,0.6752017594186268,Alto,65.79,36.6,1,80.0,7.233333333333333,Precisa de mais de 2x o ritmo,2
Balneário Arroio do Silva - SC,4201950,SC,Sul,0.6751307448757068,Alto,43.72,51.13,1,,,Sem meta definida,0
Chapada da Natividade - TO,1705102,TO,Norte,0.6751307448757068,Alto,49.01,52.38,1,80.0,4.603333333333333,Precisa de ate 2x o ritmo,1
São José de Espinharas - PB,2514404,PB,Nordeste,0.6751307448757068,Alto,56.3,44.79,1,80.0,5.868333333333333,Precisa de mais de 2x o ritmo,1
Magalhães Barata - PA,1504109,PA,Norte,0.6750210523080706,Alto,54.01,60.05,0,80.0,3.3250000000000006,Precisa de ate 2x o ritmo,1
Algodão de Jandaíra - PB,2500577,PB,Nordeste,0.6744588744588744,Alto,44.32,50.16,1,80.0,4.973333333333334,Precisa de ate 2x o ritmo,1
Damião - PB,2505352,PB,Nordeste,0.6722988839804697,Alto,37.73,50.86,1,80.0,4.8566666666666665,Precisa de ate 2x o ritmo,1
Paulo Bento - RS,4314134,RS,Sul,0.6717349028050882,Alto,62.5,50.0,1,80.0,5.0,Precisa de ate 2x o ritmo,2
Triunfo - RS,4322004,RS,Sul,0.6717349028050882,Alto,67.64,66.0,0,80.0,2.3333333333333335,Atinge no ritmo atual,0
São Félix do Piauí - PI,2209609,PI,Nordeste,0.6715334680851922,Alto,35.56,64.29,0,80.0,2.6183333333333323,Precisa de ate 2x o ritmo,1
São Cristóvão - SE,2806701,SE,Nordeste,0.6710797092097904,Alto,53.75,67.6,0,80.0,2.0666666666666678,Atinge no ritmo atual,0
Sobradinho - RS,4320701,RS,Sul,0.6704794915496769,Alto,79.55,63.8,0,80.0,2.7000000000000006,Precisa de ate 2x o ritmo,0
Flores da Cunha - RS,4308201,RS,Sul,0.6704794915496769,Alto,80.35,59.4,1,80.0,3.4333333333333336,Precisa de ate 2x o ritmo,0
Barrolândia - TO,1703107,TO,Norte,0.6700655173041812,Alto,59.45,49.74,1,80.0,5.043333333333333,Precisa de ate 2x o ritmo,2
Rio Brilhante - MS,5007208,MS,Centro-Oeste,0.6700157622973095,Alto,40.18,52.67,1,80.0,4.555,Precisa de ate 2x o ritmo,0
Nova Rosalândia - TO,1715002,TO,Norte,0.669325163202371,Alto,32.17,55.38,1,80.0,4.103333333333333,Precisa de ate 2x o ritmo,2
Itacajá - TO,1710508,TO,Norte,0.6692355496892702,Alto,60.46,41.1,1,80.0,6.483333333333333,Precisa de mais de 2x o ritmo,1
São Sebastião do Uatumã - AM,1303957,AM,Norte,0.6681257520709943,Alto,51.53,44.12,1,80.0,5.98,Precisa de mais de 2x o ritmo,1
Diamantino - MT,5103502,MT,Centro-Oeste,0.6665491486016091,Alto,48.15,60.5,0,80.0,3.25,Precisa de ate 2x o ritmo,0
Santarém Novo - PA,1506906,PA,Norte,0.6664925487791215,Alto,52.16,78.25,0,80.0,0.2916666666666667,Atinge no ritmo atual,1
Jacarezinho - PR,4111803,PR,Sul,0.6662542794895736,Alto,55.12,47.68,1,80.0,5.386666666666667,Precisa de mais de 2x o ritmo,0
Angra dos Reis - RJ,3300100,RJ,Sudeste,0.6662227068685913,Alto,57.0,60.8,0,80.0,3.2000000000000006,Precisa de ate 2x o ritmo,0
Joca Marques - PI,2205458,PI,Nordeste,0.6657903850115946,Alto,38.3,43.83,1,80.0,6.028333333333333,Precisa de mais de 2x o ritmo,1
Ponte Preta - RS,4314787,RS,Sul,0.6657903850115946,Alto,60.0,57.9,1,80.0,3.6833333333333336,Precisa de ate 2x o ritmo,2
Itaquitinga - PE,2607802,PE,Nordeste,0.6645481489867499,Alto,48.29,57.35,1,80.0,3.775,Precisa de ate 2x o ritmo,1
Vista Serrana - PB,2505501,PB,Nordeste,0.6645481489867499,Alto,44.1,58.31,1,80.0,3.6149999999999998,Precisa de ate 2x o ritmo,1
Chapadinha - MA,2103208,MA,Nordeste,0.6645481489867499,Alto,47.1,41.58,1,80.0,6.403333333333333,Precisa de mais de 2x o ritmo,1
Palmeirópolis - TO,1715754,TO,Norte,0.6642230183609495,Alto,47.77,77.41,0,80.0,0.43166666666666725,Atinge no ritmo atual,2
Sete de Setembro - RS,4320578,RS,Sul,0.6639707285936268,Alto,78.57,66.7,0,80.0,2.2166666666666663,Atinge no ritmo atual,2
Barra do Guarita - RS,4301859,RS,Sul,0.6633790993201047,Alto,59.41,58.3,1,,,Sem meta definida,2
Giruá - RS,4309001,RS,Sul,0.6633790993201047,Alto,77.82,52.3,1,80.0,4.616666666666667,Precisa de ate 2x o ritmo,0
Taipas do Tocantins - TO,1720937,TO,Norte,0.663255313555825,Alto,55.85,55.56,1,80.0,4.073333333333333,Precisa de ate 2x o ritmo,1
Curralinhos - PI,2203255,PI,Nordeste,0.6613183848477966,Alto,32.63,27.56,1,80.0,8.74,Precisa de mais de 2x o ritmo,1
Pocinhos - PB,2512002,PB,Nordeste,0.6611091207642932,Alto,42.15,54.09,1,80.0,4.3183333333333325,Precisa de ate 2x o ritmo,1
Casserengue - PB,2504157,PB,Nordeste,0.6610270386270201,Alto,47.97,58.51,1,80.0,3.581666666666667,Precisa de ate 2x o ritmo,1
Sentinela do Sul - RS,4320354,RS,Sul,0.6609051372926052,Alto,73.81,23.5,1,80.0,9.416666666666666,Precisa de mais de 2x o ritmo,2
Capoeiras - PE,2603801,PE,Nordeste,0.6609051372926052,Alto,50.95,69.34,0,80.0,1.7766666666666662,Atinge no ritmo atual,1
Couto Magalhães - TO,1706001,TO,Norte,0.6609051372926052,Alto,48.18,49.04,1,80.0,5.16,Precisa de mais de 2x o ritmo,1
Santana do Piauí - PI,2209351,PI,Nordeste,0.6600178038950117,Alto,33.11,68.1,0,80.0,1.9833333333333343,Atinge no ritmo atual,1
Cristalândia - TO,1706100,TO,Norte,0.6598817962934248,Alto,46.85,61.42,0,80.0,3.0966666666666662,Precisa de ate 2x o ritmo,2
Passo de Camaragibe - AL,2706505,AL,Nordeste,0.6598217587699727,Alto,42.03,32.59,1,80.0,7.901666666666666,Precisa de mais de 2x o ritmo,1
Erval Seco - RS,4307302,RS,Sul,0.6598152610441768,Alto,67.41,50.4,1,80.0,4.933333333333334,Precisa de ate 2x o ritmo,2
Palmitinho - RS,4313805,RS,Sul,0.6597057369927553,Alto,73.89,72.2,0,80.0,1.2999999999999996,Atinge no ritmo atual,2
Mampituba - RS,4311734,RS,Sul,0.6590444973258256,Alto,66.23,55.2,1,80.0,4.133333333333333,Precisa de ate 2x o ritmo,2
Lagoa do Piauí - PI,2205581,PI,Nordeste,0.6587124644267655,Alto,7.17,44.87,1,80.0,5.855,Precisa de mais de 2x o ritmo,1
São Martinho da Serra - RS,4319125,RS,Sul,0.6582739777652158,Alto,66.45,35.7,1,80.0,7.383333333333333,Precisa de mais de 2x o ritmo,2
Lebon Régis - SC,4209706,SC,Sul,0.6582047209331661,Alto,42.9,59.3,1,80.0,3.4500000000000006,Precisa de ate 2x o ritmo,2
Tacaimbó - PE,2614709,PE,Nordeste,0.6582047209331661,Alto,45.92,43.99,1,80.0,6.001666666666666,Precisa de mais de 2x o ritmo,1
Brasilândia do Tocantins - TO,1703602,TO,Norte,0.6574204012976091,Alto,29.73,68.9,0,80.0,1.849999999999999,Atinge no ritmo atual,2
Grossos - RN,2404408,RN,Nordeste,0.6574204012976091,Alto,57.4,67.44,0,80.0,2.0933333333333337,Atinge no ritmo atual,2
Italva - RJ,3302056,RJ,Sudeste,0.657005320633316,Alto,54.49,61.79,0,80.0,3.035,Precisa de ate 2x o ritmo,2
Marcos Parente - PI,2206001,PI,Nordeste,0.6568710930807042,Alto,22.19,80.95,0,80.0,-0.1583333333333338,Meta ja atingida,1
Vicente Dutra - RS,4323101,RS,Sul,0.6568320050195575,Alto,72.28,70.1,0,80.0,1.650000000000001,Atinge no ritmo atual,2
São João do Sabugi - RN,2412104,RN,Nordeste,0.6562576202028625,Alto,49.58,66.5,0,80.0,2.25,Atinge no ritmo atual,2
Ouro Branco - RN,2408508,RN,Nordeste,0.6557841683653043,Alto,40.66,73.61,0,80.0,1.0650000000000002,Atinge no ritmo atual,2
São Pedro dos Crentes - MA,2111573,MA,Nordeste,0.6552900754830728,Alto,40.27,59.47,1,80.0,3.421666666666667,Precisa de ate 2x o ritmo,1
Severiano de Almeida - RS,4320602,RS,Sul,0.6547652058353912,Alto,69.52,35.5,1,,,Sem meta definida,2
Fagundes - PB,2506103,PB,Nordeste,0.6547652058353912,Alto,60.71,41.67,1,80.0,6.388333333333333,Precisa de mais de 2x o ritmo,1
Inhacorá - RS,4310413,RS,Sul,0.6547652058353912,Alto,62.65,35.3,1,80.0,7.45,Precisa de mais de 2x o ritmo,2
Rio Bonito - RJ,3304300,RJ,Sudeste,0.6547652058353912,Alto,55.86,57.46,1,80.0,3.7566666666666664,Precisa de ate 2x o ritmo,0
Vila Nova do Sul - RS,4323457,RS,Sul,0.6547652058353912,Alto,53.56,44.0,1,80.0,6.0,Precisa de mais de 2x o ritmo,2
Crissiumal - RS,4306007,RS,Sul,0.6547652058353912,Alto,73.17,57.4,1,80.0,3.766666666666667,Precisa de ate 2x o ritmo,2
Cerro Largo - RS,4305207,RS,Sul,0.6546135437962566,Alto,76.23,49.2,1,80.0,5.133333333333333,Precisa de mais de 2x o ritmo,0
Barra de Santa Rosa - PB,2501609,PB,Nordeste,0.6534076995768109,Alto,56.39,45.83,1,80.0,5.695,Precisa de mais de 2x o ritmo,1
São Marcos - RS,4319000,RS,Sul,0.6532687531048186,Alto,82.76,44.4,1,80.0,5.933333333333334,Precisa de mais de 2x o ritmo,0
Junco do Seridó - PB,2507804,PB,Nordeste,0.6527988300858484,Alto,56.22,76.21,0,80.0,0.6316666666666677,Atinge no ritmo atual,1
Bocaina do Sul - SC,4202438,SC,Sul,0.6515883283526558,Alto,39.12,28.06,1,80.0,8.656666666666666,Precisa de mais de 2x o ritmo,2
Loreto - MA,2106102,MA,Nordeste,0.6515199799726654,Alto,38.8,66.12,0,80.0,2.3133333333333326,Atinge no ritmo atual,1
Fortuna - MA,2104206,MA,Nordeste,0.6515199799726654,Alto,40.4,72.06,0,80.0,1.323333333333333,Atinge no ritmo atual,1
Buriticupu - MA,2102325,MA,Nordeste,0.651321221066183,Alto,39.23,43.21,1,80.0,6.131666666666667,Precisa de mais de 2x o ritmo,1
Santo Antônio do Içá - AM,1303700,AM,Norte,0.6509139177519331,Alto,62.8,40.84,1,80.0,6.526666666666666,Precisa de mais de 2x o ritmo,1
Chuvisca - RS,4305447,RS,Sul,0.6506102725274078,Alto,75.9,69.0,0,80.0,1.8333333333333333,Atinge no ritmo atual,2
Massaranduba - PB,2509206,PB,Nordeste,0.6500766617582474,Alto,44.27,40.69,1,80.0,6.551666666666667,Precisa de mais de 2x o ritmo,1
Ijuí - RS,4310207,RS,Sul,0.6458059964726631,Alto,72.06,56.1,1,80.0,3.983333333333333,Precisa de ate 2x o ritmo,0
Vitor Meireles - SC,4219358,SC,Sul,0.6457797577942846,Alto,44.55,76.12,0,80.0,0.646666666666666,Atinge no ritmo atual,2
Jacuípe - AL,2703502,AL,Nordeste,0.6455977411990869,Alto,54.29,77.02,0,80.0,0.4966666666666673,Atinge no ritmo atual,1
Itati - RS,4310652,RS,Sul,0.6455977411990869,Alto,49.89,66.7,0,80.0,2.2166666666666663,Atinge no ritmo atual,2
Guajará-Mirim - RO,1100106,RO,Norte,0.6448013536785615,Alto,44.25,45.65,1,80.0,5.7250000000000005,Precisa de mais de 2x o ritmo,0
Bom Jardim - RJ,3300506,RJ,Sudeste,0.644725817161944,Alto,50.43,66.67,0,80.0,2.2216666666666662,Atinge no ritmo atual,2
Rafael Godeiro - RN,2410603,RN,Nordeste,0.6437294003600609,Alto,29.93,67.22,0,80.0,2.1300000000000003,Atinge no ritmo atual,1
Cachoeira Grande - MA,2102374,MA,Nordeste,0.6437294003600609,Alto,41.14,56.05,1,80.0,3.991666666666667,Precisa de ate 2x o ritmo,1
Machadinho D'Oeste - RO,1100130,RO,Norte,0.6436852331764711,Alto,51.4,64.75,0,80.0,2.5416666666666665,Atinge no ritmo atual,1
Lábrea - AM,1302405,AM,Norte,0.6427497924947543,Alto,66.84,68.07,0,80.0,1.9883333333333344,Atinge no ritmo atual,1
Picos - PI,2208007,PI,Nordeste,0.6427497924947543,Alto,52.95,54.93,1,80.0,4.178333333333334,Precisa de ate 2x o ritmo,0
Vitorino Freire - MA,2113009,MA,Nordeste,0.6417105417105416,Alto,51.04,73.1,0,80.0,1.150000000000001,Atinge no ritmo atual,1
Morrinhos do Sul - RS,4312443,RS,Sul,0.6411786765289184,Alto,78.98,64.4,0,80.0,2.599999999999999,Precisa de ate 2x o ritmo,2
Guaporé - RS,4309407,RS,Sul,0.6401653383528909,Alto,79.76,49.6,1,80.0,5.066666666666666,Precisa de ate 2x o ritmo,0
Salto do Jacuí - RS,4316451,RS,Sul,0.6399364405040736,Alto,83.79,58.1,1,80.0,3.65,Precisa de ate 2x o ritmo,2
Cuité - PB,2505105,PB,Nordeste,0.6399364405040736,Alto,50.66,62.2,0,80.0,2.9666666666666663,Precisa de ate 2x o ritmo,1
Acorizal - MT,5100102,MT,Centro-Oeste,0.6399364405040736,Alto,38.04,40.41,1,80.0,6.598333333333334,Precisa de mais de 2x o ritmo,2
Paverama - RS,4314159,RS,Sul,0.6399364405040736,Alto,69.48,47.5,1,80.0,5.416666666666667,Precisa de mais de 2x o ritmo,2
Capanema - PA,1502202,PA,Norte,0.6399364405040736,Alto,61.24,59.24,1,80.0,3.4599999999999995,Precisa de ate 2x o ritmo,0
Soure - PA,1507904,PA,Norte,0.6399364405040736,Alto,62.77,52.41,1,80.0,4.598333333333334,Precisa de ate 2x o ritmo,1
Ivoti - RS,4310801,RS,Sul,0.6397259017911192,Alto,77.4,56.9,1,80.0,3.85,Precisa de ate 2x o ritmo,0
Alecrim - RS,4300307,RS,Sul,0.637911259630558,Alto,70.71,42.4,1,80.0,6.266666666666667,Precisa de mais de 2x o ritmo,2
Ibiara - PB,2506608,PB,Nordeste,0.637911259630558,Alto,13.07,58.62,1,80.0,3.563333333333334,Precisa de ate 2x o ritmo,1
Boa Ventura - PB,2502102,PB,Nordeste,0.637911259630558,Alto,28.58,47.71,1,80.0,5.381666666666667,Precisa de mais de 2x o ritmo,1
Tacuru - MS,5007950,MS,Centro-Oeste,0.6371823060595139,Alto,51.61,56.62,1,80.0,3.896666666666667,Precisa de ate 2x o ritmo,1
Lagoão - RS,4311254,RS,Sul,0.6370355067804686,Alto,70.11,66.9,0,80.0,2.1833333333333322,Atinge no ritmo atual,2
Fernando Falcão - MA,2104081,MA,Nordeste,0.636331727787825,Alto,29.89,77.76,0,80.0,0.37333333333333246,Atinge no ritmo atual,1
Lajeado - TO,1712009,TO,Norte,0.6352216748768473,Alto,40.45,38.15,1,80.0,6.9750000000000005,Precisa de mais de 2x o ritmo,2
Santa Margarida do Sul - RS,4316972,RS,Sul,0.6347652058353912,Alto,42.41,25.7,1,80.0,9.049999999999999,Precisa de mais de 2x o ritmo,2
Barra Bonita - SC,4202099,SC,Sul,0.6347123800787371,Alto,50.0,66.67,0,80.0,2.2216666666666662,Atinge no ritmo atual,2
Caturité - PB,2504355,PB,Nordeste,0.6344611135990446,Alto,53.0,76.68,0,80.0,0.5533333333333322,Atinge no ritmo atual,1
São Pedro da Aldeia - RJ,3305208,RJ,Sudeste,0.633705028110535,Alto,56.22,55.74,1,80.0,4.043333333333333,Precisa de ate 2x o ritmo,0
Divinópolis do Tocantins - TO,1707108,TO,Norte,0.6326136938923543,Alto,39.09,60.78,0,80.0,3.203333333333333,Precisa de ate 2x o ritmo,2
Sorocaba - SP,3552205,SP,Sudeste,0.6320752650217151,Alto,49.09,54.67,1,80.0,4.221666666666667,Precisa de ate 2x o ritmo,0
Novo Barreiro - RS,4313490,RS,Sul,0.6292694183211425,Alto,62.22,36.8,1,80.0,7.2,Precisa de mais de 2x o ritmo,2
Paragominas - PA,1505502,PA,Norte,0.6292694183211425,Alto,62.45,56.72,1,80.0,3.8800000000000003,Precisa de ate 2x o ritmo,0
Parelhas - RN,2408904,RN,Nordeste,0.6290453230472516,Alto,57.67,63.68,0,80.0,2.72,Precisa de ate 2x o ritmo,2
General Câmara - RS,4308805,RS,Sul,0.6287405279232409,Alto,77.96,22.1,1,,,Sem meta definida,2
Júlio Borges - PI,2205524,PI,Nordeste,0.628236131685055,Alto,43.29,100.0,0,80.0,-3.3333333333333335,Meta ja atingida,1
Joca Claudino - PB,2513653,PB,Nordeste,0.6279709474621854,Alto,39.7,90.09,0,80.0,-1.6816666666666673,Meta ja atingida,1
Fortaleza dos Nogueiras - MA,2104107,MA,Nordeste,0.6279098044530306,Alto,45.09,78.25,0,80.0,0.2916666666666667,Atinge no ritmo atual,1
Lagoa dos Três Cantos - RS,4311270,RS,Sul,0.6278688524590164,Alto,61.9,36.0,1,80.0,7.333333333333333,Precisa de mais de 2x o ritmo,2
Vale do Sol - RS,4322533,RS,Sul,0.627508280638362,Alto,74.36,55.9,1,80.0,4.016666666666667,Precisa de ate 2x o ritmo,2
Parnamirim - PE,2610400,PE,Nordeste,0.6271823942586655,Alto,48.66,58.91,1,80.0,3.5150000000000006,Precisa de ate 2x o ritmo,1
Horizontina - RS,4309605,RS,Sul,0.6271171924761895,Alto,71.23,57.2,1,80.0,3.7999999999999994,Precisa de ate 2x o ritmo,0
Alto do Rodrigues - RN,2400703,RN,Nordeste,0.6270221852532092,Alto,48.41,52.52,1,80.0,4.579999999999999,Precisa de ate 2x o ritmo,2
Porto Esperidião - MT,5106828,MT,Centro-Oeste,0.6268929622432041,Alto,43.95,49.8,1,80.0,5.033333333333334,Precisa de ate 2x o ritmo,2
Barreirinhas - MA,2101707,MA,Nordeste,0.6266134412036051,Alto,50.35,78.52,0,80.0,0.24666666666666734,Atinge no ritmo atual,1
Herval d'Oeste - SC,4206702,SC,Sul,0.6259612419906537,Alto,53.72,62.72,0,80.0,2.8800000000000003,Precisa de ate 2x o ritmo,0
Tacaratu - PE,2614808,PE,Nordeste,0.6253276277563842,Alto,56.04,73.8,0,80.0,1.0333333333333339,Atinge no ritmo atual,1
Orocó - PE,2609808,PE,Nordeste,0.6239132283518292,Alto,45.91,50.86,1,80.0,4.8566666666666665,Precisa de ate 2x o ritmo,1
Canavieira - PI,2202251,PI,Nordeste,0.623583138173302,Alto,50.7,86.82,0,80.0,-1.1366666666666656,Meta ja atingida,1
Santa Maria do Herval - RS,4316956,RS,Sul,0.6229852517106759,Alto,78.3,59.3,1,80.0,3.4500000000000006,Precisa de ate 2x o ritmo,2
Santo Antônio da Patrulha - RS,4317608,RS,Sul,0.6227497924947544,Alto,74.3,58.8,1,80.0,3.5333333333333337,Precisa de ate 2x o ritmo,0
Lajedo - PE,2608800,PE,Nordeste,0.6225367079958681,Alto,47.71,57.42,1,80.0,3.763333333333333,Precisa de ate 2x o ritmo,1
Jequiá da Praia - AL,2703759,AL,Nordeste,0.6223829307377293,Alto,50.22,95.65,0,80.0,-2.6083333333333343,Meta ja atingida,1
Saldanha Marinho - RS,4316436,RS,Sul,0.6222652058353912,Alto,62.74,69.6,0,80.0,1.7333333333333343,Atinge no ritmo atual,2
Tucunduva - RS,4322103,RS,Sul,0.6222652058353912,Alto,73.48,46.9,1,,,Sem meta definida,2
Alhandra - PB,2500601,PB,Nordeste,0.6216000948604463,Alto,57.33,30.75,1,80.0,8.208333333333334,Precisa de mais de 2x o ritmo,1
Mato Castelhano - RS,4312138,RS,Sul,0.6201690993518122,Alto,76.48,38.7,1,80.0,6.883333333333333,Precisa de mais de 2x o ritmo,2
Wall Ferraz - PI,2211704,PI,Nordeste,0.6198217587699727,Alto,37.6,54.29,1,80.0,4.285,Precisa de ate 2x o ritmo,1
Pinheiro - MA,2108603,MA,Nordeste,0.6192224556340842,Alto,53.04,46.82,1,80.0,5.53,Precisa de mais de 2x o ritmo,1
Luzilândia - PI,2205805,PI,Nordeste,0.6192224556340842,Alto,51.73,54.9,1,80.0,4.183333333333334,Precisa de ate 2x o ritmo,1
São Luiz Gonzaga - RS,4318903,RS,Sul,0.6169505278915334,Alto,79.22,49.3,1,80.0,5.116666666666667,Precisa de mais de 2x o ritmo,0
Franco da Rocha - SP,3516408,SP,Sudeste,0.6158358364371821,Alto,50.47,48.3,1,80.0,5.283333333333334,Precisa de mais de 2x o ritmo,0
Água Branca - PB,2500106,PB,Nordeste,0.6158358364371821,Alto,47.63,52.67,1,80.0,4.555,Precisa de ate 2x o ritmo,1
Encanto - RN,2403301,RN,Nordeste,0.6158358364371821,Alto,47.53,67.02,0,80.0,2.163333333333334,Atinge no ritmo atual,1
Prainha - PA,1506005,PA,Norte,0.6157088122605364,Alto,57.34,43.28,1,80.0,6.12,Precisa de mais de 2x o ritmo,1
São João dos Patos - MA,2111102,MA,Nordeste,0.615637821616221,Alto,53.56,55.16,1,80.0,4.140000000000001,Precisa de ate 2x o ritmo,1
Sandolândia - TO,1718840,TO,Norte,0.61547444430749,Alto,45.7,53.5,1,80.0,4.416666666666667,Precisa de ate 2x o ritmo,2
Santo Cristo - RS,4317905,RS,Sul,0.6140358193860613,Alto,76.67,59.8,1,80.0,3.366666666666667,Precisa de ate 2x o ritmo,2
Faxinalzinho - RS,4308052,RS,Sul,0.6108991554893194,Alto,78.18,51.9,1,80.0,4.683333333333334,Precisa de ate 2x o ritmo,2
Guarani das Missões - RS,4309506,RS,Sul,0.6106510270626556,Alto,74.21,74.1,0,80.0,0.9833333333333343,Atinge no ritmo atual,2
São Francisco do Oeste - RN,2411908,RN,Nordeste,0.6106510270626556,Alto,56.85,68.97,0,80.0,1.8383333333333336,Atinge no ritmo atual,1
Jenipapo dos Vieiras - MA,2105476,MA,Nordeste,0.6106510270626556,Alto,47.09,69.39,0,80.0,1.7683333333333333,Atinge no ritmo atual,1
Sítio Novo - MA,2111805,MA,Nordeste,0.6106510270626556,Alto,42.39,54.44,1,80.0,4.260000000000001,Precisa de ate 2x o ritmo,1
Cerro Azul - PR,4105201,PR,Sul,0.6106510270626556,Alto,54.77,49.89,1,80.0,5.0183333333333335,Precisa de ate 2x o ritmo,2
Bequimão - MA,2101905,MA,Nordeste,0.6097047333210567,Alto,33.01,59.75,1,80.0,3.375,Precisa de ate 2x o ritmo,1
Vitória do Mearim - MA,2112902,MA,Nordeste,0.6095409785438941,Alto,48.98,60.19,0,80.0,3.301666666666667,Precisa de ate 2x o ritmo,1
Três Passos - RS,4321907,RS,Sul,0.6091054414377804,Alto,82.1,56.9,1,80.0,3.85,Precisa de ate 2x o ritmo,0
São Francisco do Maranhão - MA,2110906,MA,Nordeste,0.6079709474621854,Alto,51.3,83.35,0,80.0,-0.5583333333333323,Meta ja atingida,1
Bernardino Batista - PB,2502052,PB,Nordeste,0.6073556475730388,Alto,61.38,93.94,0,80.0,-2.323333333333333,Meta ja atingida,1
Venha-Ver - RN,2414753,RN,Nordeste,0.6063533988533989,Alto,41.18,53.85,1,80.0,4.358333333333333,Precisa de ate 2x o ritmo,1
Doutor Severiano - RN,2403202,RN,Nordeste,0.6063533988533989,Alto,53.88,53.06,1,80.0,4.489999999999999,Precisa de ate 2x o ritmo,1
Boa Vista do Sul - RS,4302253,RS,Sul,0.6051934138625252,Alto,73.33,75.0,0,80.0,0.8333333333333334,Atinge no ritmo atual,2
Prata do Piauí - PI,2208601,PI,Nordeste,0.6050792726285434,Alto,14.28,47.93,1,80.0,5.345,Precisa de mais de 2x o ritmo,1
São Vicente Férrer - PE,2613800,PE,Nordeste,0.604943293095467,Alto,48.62,42.6,1,80.0,6.233333333333333,Precisa de mais de 2x o ritmo,1
Tanque d'Arca - AL,2709004,AL,Nordeste,0.6049367413483699,Alto,42.05,53.45,1,80.0,4.425,Precisa de ate 2x o ritmo,1
Jurema - PE,2608404,PE,Nordeste,0.6049367413483699,Alto,53.46,60.64,0,80.0,3.2266666666666666,Precisa de ate 2x o ritmo,1
Maricá - RJ,3302700,RJ,Sudeste,0.6044436860743467,Alto,56.64,59.97,1,80.0,3.3383333333333334,Precisa de ate 2x o ritmo,0
Santa Cecília do Sul - RS,4316733,RS,Sul,0.6037438927956169,Alto,75.0,40.9,1,80.0,6.516666666666667,Precisa de mais de 2x o ritmo,2
São João do Cariri - PB,2514008,PB,Nordeste,0.6037438927956169,Alto,29.59,60.71,0,80.0,3.215,Precisa de ate 2x o ritmo,1
Frederico Westphalen - RS,4308508,RS,Sul,0.6037438927956169,Alto,76.95,64.1,0,80.0,2.650000000000001,Precisa de ate 2x o ritmo,0
Oliveira de Fátima - TO,1715507,TO,Norte,0.6031213777115416,Alto,50.0,31.58,1,80.0,8.07,Precisa de mais de 2x o ritmo,2
Tamandaré - PE,2614857,PE,Nordeste,0.6023481352710958,Alto,44.9,57.18,1,80.0,3.8033333333333332,Precisa de ate 2x o ritmo,1
Garuva - SC,4205803,SC,Sul,0.601997184271579,Alto,54.71,66.73,0,80.0,2.211666666666666,Atinge no ritmo atual,0
Cajari - MA,2102507,MA,Nordeste,0.6010076503719768,Alto,53.27,34.1,1,80.0,7.6499999999999995,Precisa de mais de 2x o ritmo,1
Lajeado do Bugre - RS,4311429,RS,Sul,0.6002740143078983,Alto,46.67,66.4,0,80.0,2.2666666666666657,Atinge no ritmo atual,2
Correntes - PE,2604700,PE,Nordeste,0.5999900645802285,Alto,51.81,71.97,0,80.0,1.3383333333333336,Atinge no ritmo atual,1
Fazenda Vilanova - RS,4308078,RS,Sul,0.5999900645802285,Alto,80.0,65.0,0,80.0,2.5,Atinge no ritmo atual,2
Marques de Souza - RS,4312054,RS,Sul,0.5999900645802285,Alto,75.87,47.8,1,80.0,5.366666666666667,Precisa de mais de 2x o ritmo,2
Cerrito - RS,4305124,RS,Sul,0.5999900645802285,Alto,75.07,39.8,1,80.0,6.7,Precisa de mais de 2x o ritmo,2
Belterra - PA,1501451,PA,Norte,0.5999900645802285,Alto,60.62,57.61,1,80.0,3.731666666666667,Precisa de ate 2x o ritmo,1
Santa Maria - RN,2409332,RN,Nordeste,0.5994464919464919,Alto,47.93,43.4,1,,,Sem meta definida,1
São José do Ouro - RS,4318606,RS,Sul,0.5994464919464919,Alto,67.83,38.3,1,80.0,6.95,Precisa de mais de 2x o ritmo,2
Tenório - PB,2516755,PB,Nordeste,0.599301519869153,Alto,62.16,48.73,1,80.0,5.211666666666667,Precisa de mais de 2x o ritmo,1
Teutônia - RS,4321451,RS,Sul,0.599301519869153,Alto,83.12,63.0,0,80.0,2.8333333333333335,Precisa de ate 2x o ritmo,0
Uruará - PA,1508159,PA,Norte,0.5991691697705155,Alto,65.52,60.84,0,80.0,3.193333333333333,Precisa de ate 2x o ritmo,1
Emas - PB,2505907,PB,Nordeste,0.5991691697705155,Alto,65.44,38.1,1,80.0,6.983333333333333,Precisa de mais de 2x o ritmo,1
Riachão do Poço - PB,2512762,PB,Nordeste,0.5991691697705155,Alto,68.24,75.0,0,80.0,0.8333333333333334,Atinge no ritmo atual,1
Brejo Grande do Araguaia - PA,1501758,PA,Norte,0.5976832867350109,Alto,61.58,75.7,0,80.0,0.7166666666666662,Atinge no ritmo atual,1
Alto Feliz - RS,4300570,RS,Sul,0.596863333196379,Alto,72.7,58.3,1,80.0,3.616666666666667,Precisa de ate 2x o ritmo,2
Ibiraiaras - RS,4309902,RS,Sul,0.595423048652085,Alto,78.46,49.1,1,80.0,5.1499999999999995,Precisa de mais de 2x o ritmo,2
Dona Francisca - RS,4306700,RS,Sul,0.5950078257131911,Alto,73.46,26.7,1,80.0,8.883333333333333,Precisa de mais de 2x o ritmo,2
Canaã dos Carajás - PA,1502152,PA,Norte,0.594999991559626,Alto,62.1,65.12,0,80.0,2.479999999999999,Atinge no ritmo atual,0
Porto Nacional - TO,1718204,TO,Norte,0.5935288095582214,Alto,56.8,44.11,1,80.0,5.9816666666666665,Precisa de mais de 2x o ritmo,0
Machadinho - RS,4311700,RS,Sul,0.5933858858858858,Alto,71.97,64.3,0,80.0,2.616666666666667,Precisa de ate 2x o ritmo,2
Quatro Irmãos - RS,4315313,RS,Sul,0.5930701074756144,Alto,52.94,40.0,1,80.0,6.666666666666667,Precisa de mais de 2x o ritmo,2
Ilha de Itamaracá - PE,2607604,PE,Nordeste,0.5930638361939174,Alto,53.17,50.6,1,80.0,4.8999999999999995,Precisa de ate 2x o ritmo,1
Juazeirinho - PB,2507705,PB,Nordeste,0.5926210259758244,Alto,50.95,45.45,1,80.0,5.758333333333333,Precisa de mais de 2x o ritmo,1
Francisco Dantas - RN,2403905,RN,Nordeste,0.5926210259758244,Alto,45.0,78.95,0,80.0,0.17499999999999952,Atinge no ritmo atual,1
Marcelino Ramos - RS,4311908,RS,Sul,0.5926210259758244,Alto,73.23,77.7,0,80.0,0.38333333333333286,Atinge no ritmo atual,2
Panambi - RS,4313904,RS,Sul,0.5926210259758244,Alto,77.7,55.1,1,80.0,4.1499999999999995,Precisa de ate 2x o ritmo,0
Penalva - MA,2108306,MA,Nordeste,0.5920171902047427,Alto,55.46,63.88,0,80.0,2.686666666666666,Precisa de ate 2x o ritmo,1
Palmas - TO,1721000,TO,Norte,0.5909977347572788,Alto,58.66,56.97,1,80.0,3.8383333333333334,Precisa de ate 2x o ritmo,0
Pedro Afonso - TO,1716505,TO,Norte,0.5908991554893194,Alto,53.06,56.7,1,80.0,3.883333333333333,Precisa de ate 2x o ritmo,0
Quebrangulo - AL,2707602,AL,Nordeste,0.5908991554893194,Alto,57.48,61.05,0,80.0,3.1583333333333337,Precisa de ate 2x o ritmo,1
Gravatal - SC,4206207,SC,Sul,0.5908991554893194,Alto,54.05,66.2,0,80.0,2.2999999999999994,Atinge no ritmo atual,2
Vitória do Xingu - PA,1508357,PA,Norte,0.5908991554893194,Alto,60.62,70.18,0,80.0,1.6366666666666656,Atinge no ritmo atual,2
Pinheirinho do Vale - RS,4314498,RS,Sul,0.5906510270626557,Alto,66.19,74.2,0,80.0,0.9666666666666662,Atinge no ritmo atual,2
Bannach - PA,1501253,PA,Norte,0.5906510270626557,Alto,61.11,47.37,1,80.0,5.4383333333333335,Precisa de mais de 2x o ritmo,1
Juína - MT,5105150,MT,Centro-Oeste,0.5906510270626557,Alto,44.98,56.58,1,80.0,3.9033333333333338,Precisa de ate 2x o ritmo,0
Maracanã - PA,1504307,PA,Norte,0.5906510270626557,Alto,68.07,47.51,1,80.0,5.415,Precisa de mais de 2x o ritmo,1
Jaú do Tocantins - TO,1711506,TO,Norte,0.5906510270626557,Alto,61.09,62.32,0,80.0,2.9466666666666668,Precisa de ate 2x o ritmo,2
Ulianópolis - PA,1508126,PA,Norte,0.5906510270626557,Alto,61.76,61.52,0,80.0,3.0799999999999996,Precisa de ate 2x o ritmo,1
Cacaulândia - RO,1100601,RO,Norte,0.5898613187239167,Alto,54.63,78.84,0,80.0,0.19333333333333277,Atinge no ritmo atual,2
Ermo - SC,4205191,SC,Sul,0.589019674064456,Alto,8.81,69.96,0,80.0,1.6733333333333344,Atinge no ritmo atual,2
Pareci Novo - RS,4314035,RS,Sul,0.5888139212397905,Alto,73.01,54.0,1,80.0,4.333333333333333,Precisa de ate 2x o ritmo,2
Alpestre - RS,4300505,RS,Sul,0.588543059849184,Alto,74.94,66.5,0,80.0,2.25,Atinge no ritmo atual,2
Cruzeta - RN,2403004,RN,Nordeste,0.58777701940768,Alto,65.12,58.31,1,80.0,3.6149999999999998,Precisa de ate 2x o ritmo,2
Aliança - PE,2600708,PE,Nordeste,0.5872407919948903,Alto,55.15,39.22,1,80.0,6.796666666666667,Precisa de mais de 2x o ritmo,1
Anadia - AL,2700201,AL,Nordeste,0.5871640735013293,Alto,53.44,45.26,1,80.0,5.79,Precisa de mais de 2x o ritmo,1
Sonora - MS,5007935,MS,Centro-Oeste,0.5870022098977923,Alto,47.5,78.58,0,80.0,0.23666666666666694,Atinge no ritmo atual,2
Jaçanã - RN,2405009,RN,Nordeste,0.5868590008606004,Alto,48.62,42.68,1,80.0,6.22,Precisa de mais de 2x o ritmo,1
Valença do Piauí - PI,2211308,PI,Nordeste,0.5863537009438649,Alto,51.94,42.13,1,80.0,6.3116666666666665,Precisa de mais de 2x o ritmo,1
André da Rocha - RS,4300661,RS,Sul,0.5857519779071503,Alto,68.75,33.3,1,80.0,7.783333333333334,Precisa de mais de 2x o ritmo,2
Mar Vermelho - AL,2704906,AL,Nordeste,0.5854690464100518,Alto,58.97,57.65,1,80.0,3.725,Precisa de ate 2x o ritmo,1
Mulungu - PB,2509800,PB,Nordeste,0.5848743903489201,Alto,56.27,66.64,0,80.0,2.2266666666666666,Atinge no ritmo atual,1
Santa Terezinha - MT,5107776,MT,Centro-Oeste,0.584824973876698,Alto,41.22,40.74,1,80.0,6.543333333333333,Precisa de mais de 2x o ritmo,1
Itajaí - SC,4208203,SC,Sul,0.584824973876698,Alto,56.31,54.98,1,,,Sem meta definida,0
Gonçalves Dias - MA,2104404,MA,Nordeste,0.5844973120251924,Alto,45.23,66.96,0,80.0,2.1733333333333342,Atinge no ritmo atual,1
Bodoquena - MS,5002159,MS,Centro-Oeste,0.5842612126664597,Alto,44.62,46.43,1,80.0,5.595,Precisa de mais de 2x o ritmo,2
Nova Olinda do Maranhão - MA,2107357,MA,Nordeste,0.5827439390903626,Alto,57.16,62.23,0,80.0,2.9616666666666673,Precisa de ate 2x o ritmo,1
Abelardo Luz - SC,4200101,SC,Sul,0.5814566912036133,Alto,62.66,56.3,1,80.0,3.9500000000000006,Precisa de ate 2x o ritmo,2
Araguainha - MT,5101209,MT,Centro-Oeste,0.5811801859342842,Alto,22.22,100.0,0,80.0,-3.3333333333333335,Meta ja atingida,2
São Gabriel do Oeste - MS,5007695,MS,Centro-Oeste,0.5811801859342842,Alto,52.66,62.23,0,80.0,2.9616666666666673,Precisa de ate 2x o ritmo,0
Senador Canedo - GO,5220454,GO,Centro-Oeste,0.5799406528075803,Alto,48.52,60.34,0,80.0,3.276666666666666,Precisa de ate 2x o ritmo,0
Olho d'Água das Cunhãs - MA,2107407,MA,Nordeste,0.5799361314990669,Alto,53.93,58.91,1,80.0,3.5150000000000006,Precisa de ate 2x o ritmo,1
Agricolândia - PI,2200103,PI,Nordeste,0.5794428882664177,Alto,32.61,60.23,0,80.0,3.2950000000000004,Precisa de ate 2x o ritmo,1
Massapê do Piauí - PI,2206050,PI,Nordeste,0.5786142837721806,Alto,45.94,60.66,0,80.0,3.223333333333334,Precisa de ate 2x o ritmo,1
Pindorama do Tocantins - TO,1717008,TO,Norte,0.5783991554893194,Alto,47.41,33.88,1,80.0,7.6866666666666665,Precisa de mais de 2x o ritmo,1
Catuípe - RS,4305009,RS,Sul,0.5782053643139184,Alto,81.74,71.6,0,80.0,1.400000000000001,Atinge no ritmo atual,2
Maribondo - AL,2704807,AL,Nordeste,0.5781498829039812,Alto,46.59,41.5,1,80.0,6.416666666666667,Precisa de mais de 2x o ritmo,1
Entre Rios do Sul - RS,4306957,RS,Sul,0.5778314781904752,Alto,82.47,72.0,0,80.0,1.3333333333333333,Atinge no ritmo atual,2
Colméia - TO,1716703,TO,Norte,0.5759543593091578,Alto,48.45,60.62,0,80.0,3.2300000000000004,Precisa de ate 2x o ritmo,2
Eugênio de Castro - RS,4307831,RS,Sul,0.5759543593091578,Alto,88.24,50.0,1,80.0,5.0,Precisa de ate 2x o ritmo,2
São José de Caiana - PB,2514305,PB,Nordeste,0.5759543593091578,Alto,48.19,52.39,1,80.0,4.601666666666667,Precisa de ate 2x o ritmo,1
Nazaré do Piauí - PI,2206704,PI,Nordeste,0.5759543593091578,Alto,46.93,39.0,1,80.0,6.833333333333333,Precisa de mais de 2x o ritmo,1
Campos Borges - RS,4304101,RS,Sul,0.5759543593091578,Alto,45.66,31.5,1,80.0,8.083333333333334,Precisa de mais de 2x o ritmo,2
Iguaraçu - PR,4110003,PR,Sul,0.5759543593091578,Alto,50.91,58.96,1,80.0,3.5066666666666664,Precisa de ate 2x o ritmo,0
Nossa Senhora de Nazaré - PI,2206753,PI,Nordeste,0.5759543593091578,Alto,21.74,95.24,0,80.0,-2.539999999999999,Meta ja atingida,1
Cantanhede - MA,2102705,MA,Nordeste,0.5759543593091578,Alto,53.04,70.83,0,80.0,1.5283333333333335,Atinge no ritmo atual,1
Casimiro de Abreu - RJ,3301306,RJ,Sudeste,0.575764540390269,Alto,54.93,58.33,1,80.0,3.611666666666667,Precisa de ate 2x o ritmo,0
Pedra Branca do Amapari - AP,1600154,AP,Norte,0.5753688524590164,Alto,66.25,44.22,1,80.0,5.963333333333334,Precisa de mais de 2x o ritmo,1
Alagoinha - PB,2500502,PB,Nordeste,0.5753688524590164,Alto,57.29,53.1,1,80.0,4.483333333333333,Precisa de ate 2x o ritmo,1
Portalegre - RN,2410207,RN,Nordeste,0.5745012424568838,Alto,49.43,65.36,0,80.0,2.44,Atinge no ritmo atual,1
Belém - PB,2501906,PB,Nordeste,0.5744289991506994,Alto,56.8,34.72,1,80.0,7.546666666666667,Precisa de mais de 2x o ritmo,1
Tesouro - MT,5108105,MT,Centro-Oeste,0.5739209664209663,Alto,28.99,52.38,1,80.0,4.603333333333333,Precisa de ate 2x o ritmo,2
Presidente Juscelino - MA,2109205,MA,Nordeste,0.5739209664209663,Alto,36.89,57.94,1,80.0,3.676666666666667,Precisa de ate 2x o ritmo,1
Derrubadas - RS,4306320,RS,Sul,0.5739209664209663,Alto,49.71,80.0,0,80.0,0.0,Meta ja atingida,2
Itaperuçu - PR,4111258,PR,Sul,0.5738171163703079,Alto,56.44,52.37,1,80.0,4.605,Precisa de ate 2x o ritmo,2
Serra da Raiz - PB,2515609,PB,Nordeste,0.573705093022463,Alto,17.39,48.92,1,80.0,5.18,Precisa de mais de 2x o ritmo,1
Nova Santa Rita - PI,2207959,PI,Nordeste,0.5730935491326508,Alto,48.03,49.11,1,80.0,5.148333333333333,Precisa de mais de 2x o ritmo,1
Redentora - RS,4315404,RS,Sul,0.5713182575111684,Alto,79.65,63.9,0,80.0,2.6833333333333336,Precisa de ate 2x o ritmo,1
Marcação - PB,2509057,PB,Nordeste,0.5710591293047433,Alto,60.07,22.15,1,80.0,9.641666666666667,Precisa de mais de 2x o ritmo,1
Pilões - RN,2410009,RN,Nordeste,0.5708758072222307,Alto,51.45,63.16,0,80.0,2.806666666666667,Precisa de ate 2x o ritmo,1
Alvorada - TO,1700707,TO,Norte,0.5700690748231731,Alto,47.86,72.02,0,80.0,1.3300000000000007,Atinge no ritmo atual,2
Cutias - AP,1600212,AP,Norte,0.5700690748231731,Alto,47.0,53.36,1,80.0,4.44,Precisa de ate 2x o ritmo,1
Mirim Doce - SC,4210852,SC,Sul,0.5697305028605841,Alto,39.19,74.06,0,80.0,0.9899999999999997,Atinge no ritmo atual,2
Salvador do Sul - RS,4316501,RS,Sul,0.5692754240295224,Alto,88.12,70.4,0,80.0,1.599999999999999,Atinge no ritmo atual,2
Bela Vista do Maranhão - MA,2101772,MA,Nordeste,0.5688023797433852,Alto,51.82,77.73,0,80.0,0.3783333333333327,Atinge no ritmo atual,1
Cajueiro da Praia - PI,2202083,PI,Nordeste,0.5688023797433852,Alto,47.44,62.75,0,80.0,2.875,Precisa de ate 2x o ritmo,1
Frei Miguelinho - PE,2605806,PE,Nordeste,0.5688023797433852,Alto,68.03,70.68,0,80.0,1.5533333333333321,Atinge no ritmo atual,1
Livramento - PB,2508505,PB,Nordeste,0.5688023797433852,Alto,43.81,55.32,1,80.0,4.113333333333333,Precisa de ate 2x o ritmo,1
Rosário Oeste - MT,5107701,MT,Centro-Oeste,0.5688023797433852,Alto,53.65,56.37,1,80.0,3.938333333333334,Precisa de ate 2x o ritmo,2
Aroeiras do Itaim - PI,2200954,PI,Nordeste,0.5688023797433852,Alto,53.33,80.95,0,80.0,-0.1583333333333338,Meta ja atingida,1
Bom Jardim da Serra - SC,4202503,SC,Sul,0.5688023797433852,Alto,35.91,34.51,1,80.0,7.581666666666667,Precisa de mais de 2x o ritmo,2
Caiçara - RS,4303400,RS,Sul,0.5686801859342843,Alto,78.22,50.0,1,,,Sem meta definida,2
Paranhos - MS,5006358,MS,Centro-Oeste,0.5682828998878156,Alto,44.89,66.43,0,80.0,2.2616666666666654,Atinge no ritmo atual,1
Jateí - MS,5005103,MS,Centro-Oeste,0.5682380005142152,Alto,46.15,57.92,1,80.0,3.6799999999999997,Precisa de ate 2x o ritmo,2
Altinho - PE,2600807,PE,Nordeste,0.5682247164997792,Alto,58.41,68.08,0,80.0,1.986666666666667,Atinge no ritmo atual,1
Lagoa de Dentro - PB,2508208,PB,Nordeste,0.5678603603603604,Alto,67.61,42.8,1,80.0,6.2,Precisa de mais de 2x o ritmo,1
Coremas - PB,2504801,PB,Nordeste,0.5678603603603604,Alto,67.07,48.71,1,80.0,5.215,Precisa de mais de 2x o ritmo,1
Benevides - PA,1501501,PA,Norte,0.5678603603603604,Alto,61.08,65.28,0,80.0,2.453333333333333,Atinge no ritmo atual,0
Piraí - RJ,3304003,RJ,Sudeste,0.5678603603603604,Alto,58.8,60.43,0,80.0,3.2616666666666667,Precisa de ate 2x o ritmo,0
Cotiporã - RS,4305959,RS,Sul,0.5676260048420908,Alto,73.99,44.2,1,80.0,5.966666666666666,Precisa de mais de 2x o ritmo,2
Muçum - RS,4312609,RS,Sul,0.5675972160023883,Alto,50.88,47.3,1,80.0,5.45,Precisa de mais de 2x o ritmo,2
Imigrante - RS,4310363,RS,Sul,0.5672871994801819,Alto,78.24,50.0,1,80.0,5.0,Precisa de ate 2x o ritmo,2
Quevedos - RS,4315321,RS,Sul,0.5670387717928701,Alto,80.0,25.0,1,,,Sem meta definida,2
Brasilândia - MS,5002308,MS,Centro-Oeste,0.5669841979252033,Alto,51.72,60.76,0,80.0,3.206666666666667,Precisa de ate 2x o ritmo,2
Aveiro - PA,1501006,PA,Norte,0.5663646391153926,Alto,57.23,64.37,0,80.0,2.604999999999999,Precisa de ate 2x o ritmo,1
Araçoiaba - PE,2601052,PE,Nordeste,0.5663405557624539,Alto,45.71,53.49,1,80.0,4.418333333333333,Precisa de ate 2x o ritmo,1
Passa Sete - RS,4314068,RS,Sul,0.5662451209992193,Alto,85.26,75.0,0,80.0,0.8333333333333334,Atinge no ritmo atual,2
Senador Rui Palmeira - AL,2708956,AL,Nordeste,0.5659753136507504,Alto,51.9,57.08,1,80.0,3.8200000000000003,Precisa de ate 2x o ritmo,1
Sagrada Família - RS,4316428,RS,Sul,0.5656498829039812,Alto,78.81,43.8,1,80.0,6.033333333333334,Precisa de mais de 2x o ritmo,2
Arroio do Padre - RS,4301073,RS,Sul,0.5656498829039812,Alto,94.58,18.2,1,80.0,10.299999999999999,Precisa de mais de 2x o ritmo,2
Pedras de Maria da Cruz - MG,3149150,MG,Sudeste,0.5653448435904577,Alto,28.66,46.09,1,80.0,5.651666666666666,Precisa de mais de 2x o ritmo,1
Bom Retiro do Sul - RS,4302402,RS,Sul,0.5648743903489201,Alto,79.94,65.1,0,80.0,2.4833333333333343,Atinge no ritmo atual,2
Guajará - AM,1301654,AM,Norte,0.5648743903489201,Alto,61.86,54.66,1,80.0,4.223333333333334,Precisa de ate 2x o ritmo,1
Guaribas - PI,2204550,PI,Nordeste,0.5641072542980724,Alto,58.08,75.0,0,80.0,0.8333333333333334,Atinge no ritmo atual,1
Santa Cruz do Arari - PA,1506401,PA,Norte,0.5639854990386904,Alto,49.87,52.31,1,80.0,4.614999999999999,Precisa de ate 2x o ritmo,1
Quinze de Novembro - RS,4315354,RS,Sul,0.5639854990386904,Alto,74.37,89.7,0,80.0,-1.6166666666666671,Meta ja atingida,2
Maracajá - SC,4210407,SC,Sul,0.5639854990386904,Alto,60.85,61.81,0,80.0,3.0316666666666663,Precisa de ate 2x o ritmo,2
Tupã - SP,3555000,SP,Sudeste,0.563545763904761,Alto,50.19,55.04,1,80.0,4.16,Precisa de ate 2x o ritmo,0
Farroupilha - RS,4307906,RS,Sul,0.5635029507881959,Alto,82.8,55.9,1,80.0,4.016666666666667,Precisa de ate 2x o ritmo,0
Cônego Marinho - MG,3117836,MG,Sudeste,0.5634216941270596,Alto,40.37,66.13,0,,,Sem meta definida,1
Sertão - RS,4320503,RS,Sul,0.5624301859342842,Alto,70.1,47.2,1,80.0,5.466666666666666,Precisa de mais de 2x o ritmo,2
Olivedos - PB,2510501,PB,Nordeste,0.5624301859342842,Alto,54.26,41.57,1,80.0,6.405,Precisa de mais de 2x o ritmo,1
Santo Antônio do Palma - RS,4317558,RS,Sul,0.5624301859342842,Alto,72.22,34.6,1,80.0,7.566666666666666,Precisa de mais de 2x o ritmo,2
Igarassu - PE,2606804,PE,Nordeste,0.5615454923140839,Alto,62.61,66.97,0,80.0,2.171666666666667,Atinge no ritmo atual,0
São João do Piauí - PI,2210003,PI,Nordeste,0.560920445674544,Alto,44.35,65.25,0,80.0,2.4583333333333335,Atinge no ritmo atual,1
Comendador Levy Gasparian - RJ,3300951,RJ,Sudeste,0.5593998829039812,Alto,51.64,66.11,0,80.0,2.315,Atinge no ritmo atual,0
Cajazeiras - PB,2503704,PB,Nordeste,0.5586343500492668,Alto,53.45,54.07,1,80.0,4.321666666666666,Precisa de ate 2x o ritmo,0
Urucará - AM,1304302,AM,Norte,0.5582761867288721,Alto,62.37,74.89,0,80.0,0.8516666666666666,Atinge no ritmo atual,1
Alagoinha do Piauí - PI,2200251,PI,Nordeste,0.55799223764741,Alto,44.44,74.63,0,80.0,0.8950000000000008,Atinge no ritmo atual,1
Mato Grosso - PB,2509370,PB,Nordeste,0.5579248929780846,Alto,40.0,18.18,1,80.0,10.303333333333333,Precisa de mais de 2x o ritmo,1
Progresso - RS,4315156,RS,Sul,0.5577691271910253,Alto,78.89,64.8,0,80.0,2.5333333333333337,Atinge no ritmo atual,2
Aguaí - SP,3500303,SP,Sudeste,0.5574381734675852,Alto,47.35,61.22,0,80.0,3.1300000000000003,Precisa de ate 2x o ritmo,0
Rio Claro - SP,3543907,SP,Sudeste,0.5564854990386905,Alto,50.51,54.59,1,80.0,4.234999999999999,Precisa de ate 2x o ritmo,0
Aurora do Tocantins - TO,1702703,TO,Norte,0.5563698686460834,Alto,52.92,41.94,1,80.0,6.343333333333334,Precisa de mais de 2x o ritmo,1
Prata - PB,2512200,PB,Nordeste,0.5563698686460834,Alto,47.46,63.28,0,80.0,2.7866666666666666,Precisa de ate 2x o ritmo,1
Viadutos - RS,4322905,RS,Sul,0.5551340098881082,Alto,86.68,83.1,0,80.0,-0.5166666666666657,Meta ja atingida,2
Santa Teresinha - PB,2513802,PB,Nordeste,0.5550317045479035,Alto,40.43,42.77,1,80.0,6.204999999999999,Precisa de mais de 2x o ritmo,1
Capinzal do Norte - MA,2102754,MA,Nordeste,0.5550020475020474,Alto,35.67,91.14,0,80.0,-1.8566666666666667,Meta ja atingida,1
Três Cachoeiras - RS,4321667,RS,Sul,0.5550020475020474,Alto,86.1,53.6,1,80.0,4.3999999999999995,Precisa de ate 2x o ritmo,2
Araputanga - MT,5101258,MT,Centro-Oeste,0.5543935127483113,Alto,48.48,60.47,0,80.0,3.2550000000000003,Precisa de ate 2x o ritmo,0
Tabaí - RS,4320859,RS,Sul,0.5540947295404426,Alto,55.83,22.5,1,80.0,9.583333333333334,Precisa de mais de 2x o ritmo,2
Tracunhaém - PE,2615508,PE,Nordeste,0.5530056081430988,Alto,59.32,73.31,0,80.0,1.1149999999999995,Atinge no ritmo atual,1
Buíque - PE,2602803,PE,Nordeste,0.5528743879275794,Alto,52.54,55.5,1,80.0,4.083333333333333,Precisa de ate 2x o ritmo,1
Caracol - MS,5002803,MS,Centro-Oeste,0.5520548414767397,Alto,49.46,55.67,1,80.0,4.055,Precisa de ate 2x o ritmo,2
Engenho Velho - RS,4306924,RS,Sul,0.5506394152295792,Alto,76.92,41.2,1,80.0,6.466666666666666,Precisa de mais de 2x o ritmo,2
São João do Carú - MA,2111029,MA,Nordeste,0.5505254240295223,Alto,65.17,70.68,0,80.0,1.5533333333333321,Atinge no ritmo atual,1
Boa Hora - PI,2201770,PI,Nordeste,0.5505254240295223,Alto,58.74,47.16,1,80.0,5.473333333333334,Precisa de mais de 2x o ritmo,1
Caracol - PI,2202505,PI,Nordeste,0.5505254240295223,Alto,60.97,49.31,1,80.0,5.114999999999999,Precisa de mais de 2x o ritmo,1
Balneário Gaivota - SC,4202073,SC,Sul,0.550011354765453,Alto,51.89,50.69,1,80.0,4.885000000000001,Precisa de ate 2x o ritmo,2
São José do Herval - RS,4318465,RS,Sul,0.550011354765453,Alto,86.67,33.3,1,,,Sem meta definida,2
Poxoréu - MT,5107008,MT,Centro-Oeste,0.5497305028605842,Alto,45.19,46.27,1,80.0,5.621666666666666,Precisa de mais de 2x o ritmo,2
Joaquim Nabuco - PE,2608206,PE,Nordeste,0.5495626024441232,Alto,49.58,47.34,1,80.0,5.4433333333333325,Precisa de mais de 2x o ritmo,1
São José das Missões - RS,4318457,RS,Sul,0.5493639809688966,Alto,78.44,60.4,0,80.0,3.266666666666667,Precisa de ate 2x o ritmo,2
Itacuruba - PE,2607406,PE,Nordeste,0.5492754240295223,Alto,64.79,48.57,1,80.0,5.238333333333333,Precisa de mais de 2x o ritmo,1
Major Gercino - SC,4210209,SC,Sul,0.5492754240295223,Alto,51.4,76.42,0,80.0,0.5966666666666663,Atinge no ritmo atual,2
São Félix de Balsas - MA,2110807,MA,Nordeste,0.5489414414414414,Alto,43.78,44.69,1,80.0,5.885000000000001,Precisa de mais de 2x o ritmo,1
Travesseiro - RS,4321626,RS,Sul,0.5487015000255162,Alto,87.67,67.8,0,80.0,2.0333333333333337,Atinge no ritmo atual,2
Araioses - MA,2100907,MA,Nordeste,0.5485297871553907,Alto,56.23,42.52,1,80.0,6.246666666666666,Precisa de mais de 2x o ritmo,1
Trindade do Sul - RS,4321956,RS,Sul,0.5475020475020476,Alto,83.21,57.3,1,80.0,3.7833333333333337,Precisa de ate 2x o ritmo,2
Serra Grande - PB,2515708,PB,Nordeste,0.5474951209992194,Alto,40.0,70.82,0,80.0,1.5300000000000011,Atinge no ritmo atual,1
Belém do Brejo do Cruz - PB,2502003,PB,Nordeste,0.5474951209992194,Alto,57.5,40.07,1,80.0,6.655,Precisa de mais de 2x o ritmo,1
Madeiro - PI,2205854,PI,Nordeste,0.5474951209992194,Alto,62.05,55.88,1,80.0,4.02,Precisa de ate 2x o ritmo,1
Rio do Sul - SC,4214805,SC,Sul,0.5470475361250052,Alto,58.79,50.47,1,,,Sem meta definida,0
Campo Maior - PI,2202208,PI,Nordeste,0.5470475361250052,Alto,52.24,54.48,1,80.0,4.253333333333334,Precisa de ate 2x o ritmo,1
Indaial - SC,4207502,SC,Sul,0.5470475361250052,Alto,57.47,66.7,0,80.0,2.2166666666666663,Atinge no ritmo atual,0
Dormentes - PE,2605152,PE,Nordeste,0.5467662181811349,Alto,64.93,83.37,0,80.0,-0.5616666666666674,Meta ja atingida,1
Fartura do Piauí - PI,2203750,PI,Nordeste,0.5442253352335744,Alto,36.65,52.0,1,80.0,4.666666666666667,Precisa de ate 2x o ritmo,1
São Pedro do Piauí - PI,2210508,PI,Nordeste,0.5439538661468486,Alto,49.25,67.14,0,80.0,2.143333333333333,Atinge no ritmo atual,1
Constantina - RS,4305801,RS,Sul,0.5438435293894586,Alto,82.54,48.5,1,80.0,5.25,Precisa de mais de 2x o ritmo,2
Ajuricaba - RS,4300208,RS,Sul,0.5438435293894586,Alto,69.32,74.3,0,80.0,0.9500000000000005,Atinge no ritmo atual,2
Araçagi - PB,2500809,PB,Nordeste,0.5436262920315391,Alto,64.03,47.88,1,80.0,5.353333333333333,Precisa de mais de 2x o ritmo,1
Francisco Morato - SP,3516309,SP,Sudeste,0.5425155868799132,Alto,51.74,50.92,1,80.0,4.846666666666667,Precisa de ate 2x o ritmo,0
Trairão - PA,1508050,PA,Norte,0.5418054357204486,Alto,70.84,62.19,0,80.0,2.9683333333333337,Precisa de ate 2x o ritmo,1
Diadema - SP,3513801,SP,Sudeste,0.5412733508550686,Alto,50.92,59.37,1,80.0,3.438333333333334,Precisa de ate 2x o ritmo,0
Campinas do Sul - RS,4303806,RS,Sul,0.5412733508550686,Alto,90.14,64.6,0,80.0,2.5666666666666678,Precisa de ate 2x o ritmo,2
Governador Celso Ramos - SC,4206009,SC,Sul,0.540920445674544,Alto,55.24,67.19,0,,,Sem meta definida,0
Paulistana - PI,2207801,PI,Nordeste,0.540920445674544,Alto,45.07,50.47,1,80.0,4.921666666666667,Precisa de ate 2x o ritmo,1
Rondonópolis - MT,5107602,MT,Centro-Oeste,0.5407961032546492,Alto,52.75,60.49,0,80.0,3.2516666666666665,Precisa de ate 2x o ritmo,0
Colinas - MA,2103505,MA,Nordeste,0.5405989997084135,Alto,59.5,49.9,1,80.0,5.016666666666667,Precisa de ate 2x o ritmo,1
Cáceres - MT,5102504,MT,Centro-Oeste,0.5400968802668331,Alto,47.53,51.27,1,80.0,4.788333333333333,Precisa de ate 2x o ritmo,0
Indiavaí - MT,5104500,MT,Centro-Oeste,0.5400968802668331,Alto,44.71,67.61,0,80.0,2.065,Atinge no ritmo atual,2
Santo André - PB,2513851,PB,Nordeste,0.5398955565592325,Alto,45.13,35.81,1,80.0,7.364999999999999,Precisa de mais de 2x o ritmo,1
Lontras - SC,4209904,SC,Sul,0.5398955565592325,Alto,58.64,58.41,1,80.0,3.598333333333334,Precisa de ate 2x o ritmo,2
São João da Serra - PI,2209906,PI,Nordeste,0.5398955565592325,Alto,49.25,93.97,0,80.0,-2.328333333333333,Meta ja atingida,1
Roque Gonzales - RS,4316303,RS,Sul,0.5398955565592325,Alto,75.71,71.2,0,80.0,1.4666666666666661,Atinge no ritmo atual,2
Monte do Carmo - TO,1713601,TO,Norte,0.5398955565592325,Alto,69.96,19.71,1,80.0,10.048333333333334,Precisa de mais de 2x o ritmo,1
Novo Santo Antônio - PI,2206951,PI,Nordeste,0.5398955565592325,Alto,48.49,82.08,0,80.0,-0.3466666666666664,Meta ja atingida,1
Itapecuru Mirim - MA,2105401,MA,Nordeste,0.5398955565592325,Alto,53.35,60.47,0,80.0,3.2550000000000003,Precisa de ate 2x o ritmo,1
Betânia do Piauí - PI,2201739,PI,Nordeste,0.5398955565592325,Alto,42.53,82.76,0,80.0,-0.46000000000000085,Meta ja atingida,1
Sete Quedas - MS,5007703,MS,Centro-Oeste,0.5398955565592325,Alto,54.25,53.09,1,80.0,4.484999999999999,Precisa de ate 2x o ritmo,2
Bodó - RN,2401651,RN,Nordeste,0.5398955565592325,Alto,65.0,60.0,0,80.0,3.3333333333333335,Precisa de ate 2x o ritmo,1
Rio Branco do Sul - PR,4122206,PR,Sul,0.5398955565592325,Alto,62.29,61.35,0,80.0,3.108333333333333,Precisa de ate 2x o ritmo,2
Bom Jesus das Selvas - MA,2102036,MA,Nordeste,0.5398955565592325,Alto,63.61,63.18,0,80.0,2.8033333333333332,Precisa de ate 2x o ritmo,1
Monção - MA,2106904,MA,Nordeste,0.5398955565592325,Alto,51.98,36.19,1,80.0,7.301666666666667,Precisa de mais de 2x o ritmo,1
Capão Bonito do Sul - RS,4304622,RS,Sul,0.5398955565592325,Alto,53.85,60.0,0,80.0,3.3333333333333335,Precisa de ate 2x o ritmo,2
Colorado - RS,4305603,RS,Sul,0.5387661079211485,Alto,75.0,85.2,0,80.0,-0.8666666666666671,Meta ja atingida,2
Caetés - PE,2603207,PE,Nordeste,0.538459973513165,Alto,45.78,57.25,1,80.0,3.7916666666666665,Precisa de ate 2x o ritmo,1
Jaboatão dos Guararapes - PE,2607901,PE,Nordeste,0.538459973513165,Alto,57.25,54.98,1,80.0,4.170000000000001,Precisa de ate 2x o ritmo,0
Inhapi - AL,2703304,AL,Nordeste,0.538459973513165,Alto,61.54,80.16,0,80.0,-0.0266666666666661,Meta ja atingida,1
São José dos Ramos - PB,2514453,PB,Nordeste,0.538459973513165,Alto,58.86,27.36,1,80.0,8.773333333333333,Precisa de mais de 2x o ritmo,1
Riachão - PB,2512747,PB,Nordeste,0.538459973513165,Alto,52.41,70.37,0,80.0,1.6049999999999993,Atinge no ritmo atual,1
Nova Olímpia - MT,5106232,MT,Centro-Oeste,0.538459973513165,Alto,50.74,57.29,1,80.0,3.785,Precisa de ate 2x o ritmo,0
Xexéu - PE,2616506,PE,Nordeste,0.538459973513165,Alto,62.65,81.33,0,80.0,-0.22166666666666637,Meta ja atingida,1
Lavandeira - TO,1712157,TO,Norte,0.5381394152295791,Alto,69.23,58.81,1,80.0,3.5316666666666663,Precisa de ate 2x o ritmo,2
Iguatu - CE,2305506,CE,Nordeste,0.5380773747410507,Alto,56.55,63.35,0,80.0,2.775,Precisa de ate 2x o ritmo,0
Coronel Barros - RS,4305871,RS,Sul,0.5380773747410507,Alto,84.76,67.8,0,80.0,2.0333333333333337,Atinge no ritmo atual,2
Luciara - MT,5105309,MT,Centro-Oeste,0.5380773747410507,Alto,37.65,46.43,1,80.0,5.595,Precisa de mais de 2x o ritmo,2
Tunas - RS,4322152,RS,Sul,0.5377691271910253,Alto,79.92,41.1,1,80.0,6.483333333333333,Precisa de mais de 2x o ritmo,2
Petrolândia - PE,2611002,PE,Nordeste,0.5377691271910253,Alto,51.87,66.17,0,80.0,2.3049999999999997,Atinge no ritmo atual,1
Colíder - MT,5103205,MT,Centro-Oeste,0.5377691271910253,Alto,49.25,64.22,0,80.0,2.6300000000000003,Precisa de ate 2x o ritmo,0
Nioaque - MS,5005806,MS,Centro-Oeste,0.5377691271910253,Alto,53.94,60.98,0,80.0,3.1700000000000004,Precisa de ate 2x o ritmo,2
Santa Terezinha do Tocantins - TO,1720002,TO,Norte,0.5377691271910253,Alto,56.06,57.14,1,80.0,3.81,Precisa de ate 2x o ritmo,1
Dona Inês - PB,2505709,PB,Nordeste,0.5377439390903626,Alto,48.88,96.29,0,80.0,-2.715000000000001,Meta ja atingida,1
Brejo do Cruz - PB,2502805,PB,Nordeste,0.5376396970192492,Alto,53.57,51.6,1,80.0,4.733333333333333,Precisa de ate 2x o ritmo,1
Conceição do Lago-Açu - MA,2103554,MA,Nordeste,0.5356854111577329,Alto,43.89,54.26,1,80.0,4.29,Precisa de ate 2x o ritmo,1
Itaguajé - PR,4110904,PR,Sul,0.5345083511720271,Alto,59.34,76.11,0,80.0,0.6483333333333334,Atinge no ritmo atual,2
Cotia - SP,3513009,SP,Sudeste,0.5345083511720271,Alto,50.73,49.49,1,80.0,5.085,Precisa de ate 2x o ritmo,0
Nova Esperança do Sul - RS,4313037,RS,Sul,0.5340680394508863,Alto,87.27,71.3,0,80.0,1.4500000000000004,Atinge no ritmo atual,2
Sério - RS,4320453,RS,Sul,0.5337227399202653,Alto,85.41,11.1,1,80.0,11.483333333333334,Precisa de mais de 2x o ritmo,2
Araranguá - SC,4201406,SC,Sul,0.5337227399202653,Alto,55.57,61.19,0,,,Sem meta definida,0
Mormaço - RS,4312427,RS,Sul,0.5323993674525591,Alto,78.82,52.9,1,,,Sem meta definida,2
Bananeiras - PB,2501500,PB,Nordeste,0.5323993674525591,Alto,51.04,54.93,1,80.0,4.178333333333334,Precisa de ate 2x o ritmo,1
Santa Inês - PB,2513356,PB,Nordeste,0.5323993674525591,Alto,52.66,39.01,1,80.0,6.831666666666667,Precisa de mais de 2x o ritmo,1
Maturéia - PB,2509396,PB,Nordeste,0.5323993674525591,Alto,50.64,60.76,0,80.0,3.206666666666667,Precisa de ate 2x o ritmo,1
Jaqueira - PE,2607950,PE,Nordeste,0.5323993674525591,Alto,57.65,81.67,0,80.0,-0.2783333333333336,Meta ja atingida,1
São Roberto - MA,2111672,MA,Nordeste,0.5323993674525591,Alto,48.24,35.69,1,80.0,7.385000000000001,Precisa de mais de 2x o ritmo,1
Olivença - AL,2706000,AL,Nordeste,0.5323993674525591,Alto,50.0,80.79,0,80.0,-0.1316666666666677,Meta ja atingida,1
Barão do Triunfo - RS,4301750,RS,Sul,0.5323993674525591,Alto,88.23,4.4,1,80.0,12.6,Precisa de mais de 2x o ritmo,2
Turilândia - MA,2112456,MA,Nordeste,0.5323993674525591,Alto,56.43,49.69,1,80.0,5.051666666666667,Precisa de ate 2x o ritmo,1
Carutapera - MA,2102903,MA,Nordeste,0.5323993674525591,Alto,55.58,61.21,0,80.0,3.1316666666666664,Precisa de ate 2x o ritmo,1
Santana do Seridó - RN,2411429,RN,Nordeste,0.5323993674525591,Alto,52.34,40.91,1,80.0,6.515000000000001,Precisa de mais de 2x o ritmo,2
Verdelândia - MG,3171030,MG,Sudeste,0.5321922637971795,Alto,33.8,45.28,1,,,Sem meta definida,1
Sertãozinho - PB,2515930,PB,Nordeste,0.5304234884785399,Alto,52.0,75.35,0,80.0,0.7750000000000009,Atinge no ritmo atual,1
Porto Xavier - RS,4315107,RS,Sul,0.5303122545666594,Alto,75.21,56.9,1,80.0,3.85,Precisa de ate 2x o ritmo,2
Porto Grande - AP,1600535,AP,Norte,0.530241309565066,Alto,64.87,68.7,0,80.0,1.8833333333333329,Atinge no ritmo atual,1
Ronda Alta - RS,4316105,RS,Sul,0.5295578151037442,Alto,78.8,52.8,1,80.0,4.533333333333334,Precisa de ate 2x o ritmo,2
Serafina Corrêa - RS,4320404,RS,Sul,0.5295578151037442,Alto,85.7,53.2,1,80.0,4.466666666666666,Precisa de ate 2x o ritmo,0
Porto Real do Colégio - AL,2707503,AL,Nordeste,0.5295578151037442,Alto,62.34,82.07,0,80.0,-0.34499999999999886,Meta ja atingida,1
Roteiro - AL,2707800,AL,Nordeste,0.5295578151037442,Alto,64.36,45.95,1,80.0,5.675,Precisa de mais de 2x o ritmo,1
Lagoa do Carro - PE,2608453,PE,Nordeste,0.5290156837697821,Alto,48.37,59.78,1,80.0,3.3699999999999997,Precisa de ate 2x o ritmo,1
Novo Horizonte do Sul - MS,5006259,MS,Centro-Oeste,0.5290156837697821,Alto,47.37,78.44,0,80.0,0.2600000000000004,Atinge no ritmo atual,2
Camaragibe - PE,2603454,PE,Nordeste,0.5287308678402817,Alto,58.66,57.57,1,80.0,3.7383333333333333,Precisa de ate 2x o ritmo,0
São José do Sabugi - PB,2514701,PB,Nordeste,0.5287308678402817,Alto,51.51,48.54,1,80.0,5.243333333333333,Precisa de mais de 2x o ritmo,2
Ilhota - SC,4207106,SC,Sul,0.5284204456745439,Alto,52.0,46.23,1,,,Sem meta definida,2
Nova Araçá - RS,4312807,RS,Sul,0.5278180394508862,Alto,82.28,60.6,0,80.0,3.233333333333333,Precisa de ate 2x o ritmo,2
Maracaçumé - MA,2106326,MA,Nordeste,0.5276270411839817,Alto,57.95,41.67,1,80.0,6.388333333333333,Precisa de mais de 2x o ritmo,1
Itacurubi - RS,4310553,RS,Sul,0.527555521447544,Alto,88.06,42.9,1,,,Sem meta definida,2
Tupandi - RS,4322251,RS,Sul,0.5273793729261541,Alto,81.98,55.1,1,80.0,4.1499999999999995,Precisa de ate 2x o ritmo,2
Carlinda - MT,5102793,MT,Centro-Oeste,0.5272516145057129,Alto,45.9,98.95,0,80.0,-3.1583333333333337,Meta ja atingida,2
Água Santa - RS,4300059,RS,Sul,0.5272516145057129,Alto,64.61,55.1,1,80.0,4.1499999999999995,Precisa de ate 2x o ritmo,2
São Valentim do Sul - RS,4319711,RS,Sul,0.5257270198609454,Alto,94.12,73.3,0,80.0,1.1166666666666671,Atinge no ritmo atual,2
Pesqueira - PE,2610905,PE,Nordeste,0.5254866895641587,Alto,59.65,64.38,0,80.0,2.603333333333334,Precisa de ate 2x o ritmo,1
Taquaritinga do Norte - PE,2615003,PE,Nordeste,0.5254866895641587,Alto,59.65,59.64,1,80.0,3.393333333333333,Precisa de ate 2x o ritmo,2
Condado - PB,2504504,PB,Nordeste,0.5254866895641587,Alto,56.24,46.13,1,80.0,5.645,Precisa de mais de 2x o ritmo,1
Cristal do Sul - RS,4306072,RS,Sul,0.5254866895641587,Alto,100.0,92.9,0,,,Sem meta definida,2
Luís Correia - PI,2205706,PI,Nordeste,0.5254713114754098,Alto,62.07,51.6,1,80.0,4.733333333333333,Precisa de ate 2x o ritmo,1
Selbach - RS,4320305,RS,Sul,0.525144318597004,Alto,83.57,67.0,0,80.0,2.1666666666666665,Atinge no ritmo atual,2
Centenário - RS,4305116,RS,Sul,0.5242566702804544,Alto,91.67,72.0,0,80.0,1.3333333333333333,Atinge no ritmo atual,2
Guia Lopes da Laguna - MS,5004106,MS,Centro-Oeste,0.5242213114754098,Alto,46.91,64.58,0,80.0,2.5700000000000003,Precisa de ate 2x o ritmo,2
São Luis do Piauí - PI,2210375,PI,Nordeste,0.5239538661468486,Alto,58.51,61.11,0,80.0,3.1483333333333334,Precisa de ate 2x o ritmo,1
Esperança - PB,2506004,PB,Nordeste,0.5239538661468486,Alto,61.5,64.21,0,80.0,2.6316666666666677,Precisa de ate 2x o ritmo,1
Nova Bassano - RS,4312906,RS,Sul,0.5236685077459768,Alto,80.71,61.1,0,80.0,3.15,Precisa de ate 2x o ritmo,2
Vale de São Domingos - MT,5108352,MT,Centro-Oeste,0.5236685077459768,Alto,48.81,23.86,1,80.0,9.356666666666667,Precisa de mais de 2x o ritmo,2
Canguçu - RS,4304507,RS,Sul,0.5236685077459768,Alto,83.04,56.4,1,80.0,3.9333333333333336,Precisa de ate 2x o ritmo,2
Erval Grande - RS,4307203,RS,Sul,0.5236685077459768,Alto,84.57,47.0,1,80.0,5.5,Precisa de mais de 2x o ritmo,2
Esmeralda - RS,4307401,RS,Sul,0.5236685077459768,Alto,84.43,48.4,1,80.0,5.266666666666667,Precisa de mais de 2x o ritmo,2
Caarapó - MS,5002407,MS,Centro-Oeste,0.5236685077459768,Alto,53.56,64.68,0,80.0,2.5533333333333323,Precisa de ate 2x o ritmo,2
Presidente Lucena - RS,4315149,RS,Sul,0.5236685077459768,Alto,87.03,56.3,1,80.0,3.9500000000000006,Precisa de ate 2x o ritmo,2
Barão de Cotegipe - RS,4301701,RS,Sul,0.5236685077459768,Alto,87.96,75.9,0,80.0,0.6833333333333323,Atinge no ritmo atual,2
Sangão - SC,4215455,SC,Sul,0.5221704456745441,Alto,56.06,48.46,1,80.0,5.256666666666667,Precisa de mais de 2x o ritmo,2
Santa Cruz dos Milagres - PI,2209153,PI,Nordeste,0.5221704456745441,Alto,52.44,68.18,0,80.0,1.9699999999999989,Atinge no ritmo atual,1
Nova Petrópolis - RS,4313201,RS,Sul,0.519541054594246,Alto,88.18,56.2,1,80.0,3.9666666666666663,Precisa de ate 2x o ritmo,0
Cândido Mendes - MA,2102606,MA,Nordeste,0.519541054594246,Alto,61.61,49.53,1,80.0,5.078333333333333,Precisa de ate 2x o ritmo,1
Jaciara - MT,5104807,MT,Centro-Oeste,0.5182813023587715,Alto,53.41,55.26,1,80.0,4.123333333333334,Precisa de ate 2x o ritmo,0
Antônio João - MS,5000906,MS,Centro-Oeste,0.5166466782114335,Alto,54.07,56.2,1,80.0,3.9666666666666663,Precisa de ate 2x o ritmo,2
Monteiro - PB,2509701,PB,Nordeste,0.5166466782114335,Alto,55.03,61.09,0,80.0,3.151666666666666,Precisa de ate 2x o ritmo,1
Elesbão Veloso - PI,2203503,PI,Nordeste,0.5165156837697822,Alto,50.09,51.08,1,80.0,4.82,Precisa de ate 2x o ritmo,1
Venturosa - PE,2616001,PE,Nordeste,0.5165156837697822,Alto,53.25,59.29,1,80.0,3.4516666666666667,Precisa de ate 2x o ritmo,1
Jucati - PE,2608255,PE,Nordeste,0.5161377741928257,Alto,44.05,68.81,0,80.0,1.8649999999999995,Atinge no ritmo atual,1
Novo Cabrais - RS,4313391,RS,Sul,0.5161377741928257,Alto,86.08,77.0,0,80.0,0.5,Atinge no ritmo atual,2
Serra Branca - PB,2515500,PB,Nordeste,0.5161377741928257,Alto,57.57,54.35,1,80.0,4.2749999999999995,Precisa de ate 2x o ritmo,1
Governador Newton Bello - MA,2104651,MA,Nordeste,0.5161377741928257,Alto,69.13,78.08,0,80.0,0.3200000000000003,Atinge no ritmo atual,1
Quipapá - PE,2611507,PE,Nordeste,0.5157425540595675,Alto,48.12,58.1,1,80.0,3.65,Precisa de ate 2x o ritmo,1
Itapuca - RS,4310579,RS,Sul,0.5157425540595675,Alto,80.62,76.5,0,80.0,0.5833333333333334,Atinge no ritmo atual,2
Abreulândia - TO,1700251,TO,Norte,0.5157425540595675,Alto,62.07,75.0,0,80.0,0.8333333333333334,Atinge no ritmo atual,2
Alto Garças - MT,5100409,MT,Centro-Oeste,0.5157425540595675,Alto,40.74,52.91,1,80.0,4.515000000000001,Precisa de ate 2x o ritmo,2
São Francisco - PB,2513984,PB,Nordeste,0.514453781512605,Alto,56.59,97.5,0,80.0,-2.9166666666666665,Meta ja atingida,1
Mirassol d'Oeste - MT,5105622,MT,Centro-Oeste,0.5138403850353718,Alto,49.04,57.5,1,80.0,3.75,Precisa de ate 2x o ritmo,0
Nossa Senhora dos Remédios - PI,2206803,PI,Nordeste,0.513701773057816,Alto,64.19,45.57,1,80.0,5.738333333333333,Precisa de mais de 2x o ritmo,1
Vertentes - PE,2616209,PE,Nordeste,0.5134804485336402,Alto,55.05,56.85,1,80.0,3.858333333333333,Precisa de ate 2x o ritmo,1
Baixa Grande do Ribeiro - PI,2201150,PI,Nordeste,0.5134804485336402,Alto,48.61,81.06,0,80.0,-0.17666666666666705,Meta ja atingida,1
Santa Helena - MA,2109809,MA,Nordeste,0.5134804485336402,Alto,57.13,72.74,0,80.0,1.2100000000000009,Atinge no ritmo atual,1
José de Freitas - PI,2205508,PI,Nordeste,0.5134804485336402,Alto,49.82,42.98,1,80.0,6.170000000000001,Precisa de mais de 2x o ritmo,1
Santa Rita do Tocantins - TO,1718899,TO,Norte,0.5134804485336402,Alto,63.15,43.12,1,80.0,6.146666666666667,Precisa de mais de 2x o ritmo,2
Jataúba - PE,2608008,PE,Nordeste,0.5134804485336402,Alto,51.9,37.15,1,80.0,7.141666666666667,Precisa de mais de 2x o ritmo,1
Sigefredo Pacheco - PI,2210656,PI,Nordeste,0.5134804485336402,Alto,45.16,75.67,0,80.0,0.7216666666666663,Atinge no ritmo atual,1
Itaú - RN,2404903,RN,Nordeste,0.5134804485336402,Alto,54.71,50.96,1,80.0,4.84,Precisa de ate 2x o ritmo,1
Arcoverde - PE,2601201,PE,Nordeste,0.5134804485336402,Alto,59.53,70.04,0,80.0,1.659999999999999,Atinge no ritmo atual,0
Benedito Novo - SC,4202206,SC,Sul,0.5134804485336402,Alto,59.8,70.47,0,80.0,1.5883333333333336,Atinge no ritmo atual,2
Criciúma - SC,4204608,SC,Sul,0.5132761867288721,Alto,59.18,59.81,1,80.0,3.3649999999999998,Precisa de ate 2x o ritmo,0
Figueirópolis - TO,1707652,TO,Norte,0.5131205681401815,Alto,62.36,51.74,1,80.0,4.71,Precisa de ate 2x o ritmo,2
Nhamundá - AM,1303007,AM,Norte,0.5124211486139585,Alto,68.0,59.5,1,80.0,3.4166666666666665,Precisa de ate 2x o ritmo,1
Capim - PB,2504033,PB,Nordeste,0.5123947626564063,Alto,56.03,60.4,0,80.0,3.266666666666667,Precisa de ate 2x o ritmo,1
Murici - AL,2705507,AL,Nordeste,0.5122335769876752,Alto,53.15,84.41,0,80.0,-0.7349999999999994,Meta ja atingida,1
Campo Magro - PR,4104253,PR,Sul,0.5120961373932313,Alto,59.84,57.97,1,80.0,3.671666666666667,Precisa de ate 2x o ritmo,2
Gaúcha do Norte - MT,5103858,MT,Centro-Oeste,0.5120410545942461,Alto,45.03,59.6,1,80.0,3.4,Precisa de ate 2x o ritmo,1
Lajeado Novo - MA,2105989,MA,Nordeste,0.5118289862709934,Alto,60.63,65.92,0,80.0,2.3466666666666662,Atinge no ritmo atual,1
Pejuçara - RS,4314308,RS,Sul,0.5112181900060327,Alto,74.31,55.8,1,80.0,4.033333333333334,Precisa de ate 2x o ritmo,2
Fruta de Leite - MG,3127073,MG,Sudeste,0.5105765808382243,Alto,43.91,66.89,0,,,Sem meta definida,1
Lagoa do Barro do Piauí - PI,2205565,PI,Nordeste,0.5105765808382243,Alto,55.67,59.52,1,80.0,3.4133333333333327,Precisa de ate 2x o ritmo,1
Barra Funda - RS,4301958,RS,Sul,0.5102656837697822,Alto,82.95,52.2,1,80.0,4.633333333333333,Precisa de ate 2x o ritmo,2
Belágua - MA,2101731,MA,Nordeste,0.5092246110213923,Alto,61.12,72.29,0,80.0,1.284999999999999,Atinge no ritmo atual,1
Mandaguaçu - PR,4114104,PR,Sul,0.5088176903978114,Alto,60.15,62.29,0,80.0,2.9516666666666667,Precisa de ate 2x o ritmo,0
Viana - MA,2112803,MA,Nordeste,0.5085412383757252,Alto,58.28,53.36,1,80.0,4.44,Precisa de ate 2x o ritmo,1
Jericó - PB,2507408,PB,Nordeste,0.5081577169837509,Alto,53.45,23.83,1,80.0,9.361666666666666,Precisa de mais de 2x o ritmo,1
Porto Vera Cruz - RS,4315073,RS,Sul,0.5079264621055446,Alto,63.16,88.2,0,80.0,-1.3666666666666671,Meta ja atingida,2
Estreito - MA,2104057,MA,Nordeste,0.5079264621055446,Alto,54.89,59.79,1,80.0,3.3683333333333336,Precisa de ate 2x o ritmo,2
Benedito Leite - MA,2101806,MA,Nordeste,0.5061943079910892,Alto,56.0,47.28,1,80.0,5.453333333333333,Precisa de mais de 2x o ritmo,1
Cerro Grande - RS,4305157,RS,Sul,0.5061943079910892,Alto,50.0,79.4,0,,,Sem meta definida,2
Novo Oriente do Piauí - PI,2206902,PI,Nordeste,0.5061458624027172,Alto,69.0,89.56,0,80.0,-1.5933333333333337,Meta ja atingida,1
Juru - PB,2508000,PB,Nordeste,0.50598044853364,Alto,66.04,47.76,1,80.0,5.373333333333334,Precisa de mais de 2x o ritmo,1
Getúlio Vargas - RS,4308904,RS,Sul,0.505726685183207,Alto,80.09,59.2,1,80.0,3.4666666666666663,Precisa de ate 2x o ritmo,0
Itabaianinha - SE,2803005,SE,Nordeste,0.5051378752271051,Alto,59.05,58.61,1,80.0,3.565,Precisa de ate 2x o ritmo,1
Serrinha dos Pintos - RN,2413557,RN,Nordeste,0.5041191593576054,Alto,56.07,61.75,0,80.0,3.0416666666666665,Precisa de ate 2x o ritmo,1
São Paulo das Missões - RS,4319307,RS,Sul,0.5041191593576054,Alto,77.73,61.1,0,80.0,3.15,Precisa de ate 2x o ritmo,2
Verdejante - PE,2616100,PE,Nordeste,0.5041191593576054,Alto,53.39,68.84,0,80.0,1.8599999999999994,Atinge no ritmo atual,1
Batayporã - MS,5002001,MS,Centro-Oeste,0.5032725560931431,Alto,45.7,67.77,0,80.0,2.038333333333334,Atinge no ritmo atual,2
Cortês - PE,2604809,PE,Nordeste,0.502947765394574,Alto,61.81,70.4,0,80.0,1.599999999999999,Atinge no ritmo atual,1
Itapecerica da Serra - SP,3522208,SP,Sudeste,0.502947765394574,Alto,53.44,55.34,1,80.0,4.109999999999999,Precisa de ate 2x o ritmo,0
Santa Luzia - MA,2110005,MA,Nordeste,0.5028314171672568,Alto,54.43,58.7,1,80.0,3.5499999999999994,Precisa de ate 2x o ritmo,1
Tasso Fragoso - MA,2112001,MA,Nordeste,0.5028314171672568,Alto,45.1,54.9,1,80.0,4.183333333333334,Precisa de ate 2x o ritmo,1
Floriano Peixoto - RS,4308250,RS,Sul,0.5028314171672568,Alto,85.71,71.4,0,80.0,1.4333333333333325,Atinge no ritmo atual,2
Vista Gaúcha - RS,4323705,RS,Sul,0.502719298245614,Alto,74.26,100.0,0,80.0,-3.3333333333333335,Meta ja atingida,2
Cedro - PE,2604304,PE,Nordeste,0.502369337422529,Alto,46.94,63.12,0,80.0,2.813333333333334,Precisa de ate 2x o ritmo,1
Araripina - PE,2601102,PE,Nordeste,0.5017662181811349,Alto,56.89,52.06,1,80.0,4.656666666666666,Precisa de ate 2x o ritmo,1
Santo Antônio dos Lopes - MA,2110302,MA,Nordeste,0.5017662181811349,Alto,52.71,72.56,0,80.0,1.2399999999999995,Atinge no ritmo atual,1
Braço do Norte - SC,4202800,SC,Sul,0.5017461460595349,Alto,56.97,58.11,1,80.0,3.6483333333333334,Precisa de ate 2x o ritmo,0
Porto Belo - SC,4213500,SC,Sul,0.5013146378947589,Alto,56.5,62.57,0,,,Sem meta definida,0
Encantado - RS,4306809,RS,Sul,0.50096171834013,Alto,83.92,56.4,1,80.0,3.9333333333333336,Precisa de ate 2x o ritmo,0
Lago Verde - MA,2105906,MA,Nordeste,0.500929943483135,Alto,62.12,76.73,0,80.0,0.5449999999999994,Atinge no ritmo atual,1
Pilões - PB,2511608,PB,Nordeste,0.5005908717883971,Alto,41.76,61.18,0,80.0,3.1366666666666667,Precisa de ate 2x o ritmo,1
Campestre da Serra - RS,4303673,RS,Sul,0.5005908717883971,Alto,90.0,80.8,0,80.0,-0.13333333333333286,Meta ja atingida,2
Rio Verde de Mato Grosso - MS,5007406,MS,Centro-Oeste,0.4998582589676728,Alto,47.3,49.11,1,80.0,5.148333333333333,Precisa de mais de 2x o ritmo,2
Triunfo - PB,2516805,PB,Nordeste,0.49966607912260097,Alto,50.08,63.35,0,80.0,2.775,Precisa de ate 2x o ritmo,1
Áurea - RS,4301552,RS,Sul,0.49931125923979947,Alto,85.86,56.5,1,80.0,3.9166666666666665,Precisa de ate 2x o ritmo,2
Caraúbas do Piauí - PI,2202539,PI,Nordeste,0.4992378245349184,Alto,38.51,68.17,0,80.0,1.9716666666666665,Atinge no ritmo atual,1
Entre-Ijuís - RS,4306932,RS,Sul,0.4992378245349184,Alto,42.96,47.6,1,80.0,5.3999999999999995,Precisa de mais de 2x o ritmo,2
Canelinha - SC,4203709,SC,Sul,0.4990758873929009,Alto,59.28,41.17,1,80.0,6.471666666666667,Precisa de mais de 2x o ritmo,2
Turuçu - RS,4322327,RS,Sul,0.4985868315123634,Alto,82.83,61.7,0,80.0,3.0499999999999994,Precisa de ate 2x o ritmo,2
Capão do Cipó - RS,4304655,RS,Sul,0.4985868315123634,Alto,88.68,71.8,0,80.0,1.3666666666666671,Atinge no ritmo atual,2
Serrita - PE,2614006,PE,Nordeste,0.4979858956613323,Alto,53.72,59.7,1,80.0,3.383333333333333,Precisa de ate 2x o ritmo,1
Nova Boa Vista - RS,4312955,RS,Sul,0.4979858956613323,Alto,100.0,66.7,0,80.0,2.2166666666666663,Atinge no ritmo atual,2
Inhuma - PI,2204709,PI,Nordeste,0.4979858956613323,Alto,55.39,67.52,0,80.0,2.0800000000000005,Atinge no ritmo atual,1
Anta Gorda - RS,4300703,RS,Sul,0.4972025203719547,Alto,89.06,70.6,0,,,Sem meta definida,2
Schroeder - SC,4217402,SC,Sul,0.4961677138431505,Alto,60.56,73.98,0,80.0,1.0033333333333327,Atinge no ritmo atual,0
Mãe d'Água - PB,2508703,PB,Nordeste,0.4961677138431505,Alto,70.0,63.64,0,80.0,2.7266666666666666,Precisa de ate 2x o ritmo,1
Capitão - RS,4304697,RS,Sul,0.4961677138431505,Alto,87.05,58.6,1,80.0,3.5666666666666664,Precisa de ate 2x o ritmo,2
Ponta Porã - MS,5006606,MS,Centro-Oeste,0.4961677138431505,Alto,55.04,67.74,0,80.0,2.0433333333333343,Atinge no ritmo atual,0
Passo do Sobrado - RS,4314076,RS,Sul,0.4961677138431505,Alto,88.92,57.9,1,80.0,3.6833333333333336,Precisa de ate 2x o ritmo,2
Mariano Moro - RS,4312005,RS,Sul,0.4961677138431505,Alto,94.12,58.3,1,80.0,3.616666666666667,Precisa de ate 2x o ritmo,2
Ibimirim - PE,2606606,PE,Nordeste,0.49501532521323377,Alto,52.35,63.13,0,80.0,2.811666666666666,Precisa de ate 2x o ritmo,1
Buritirana - MA,2102358,MA,Nordeste,0.49501532521323377,Alto,61.37,54.91,1,80.0,4.1816666666666675,Precisa de ate 2x o ritmo,1
Brejo dos Santos - PB,2502904,PB,Nordeste,0.49501532521323377,Alto,45.49,64.03,0,80.0,2.6616666666666666,Precisa de ate 2x o ritmo,1
Ingá - PB,2506806,PB,Nordeste,0.49501532521323377,Alto,57.31,47.24,1,80.0,5.46,Precisa de mais de 2x o ritmo,1
Natuba - PB,2509909,PB,Nordeste,0.49501532521323377,Alto,58.78,47.23,1,80.0,5.461666666666667,Precisa de mais de 2x o ritmo,1
Pedra - PE,2610806,PE,Nordeste,0.49501532521323377,Alto,47.04,54.87,1,80.0,4.1883333333333335,Precisa de ate 2x o ritmo,1
Granito - PE,2606309,PE,Nordeste,0.49501532521323377,Alto,52.49,68.11,0,80.0,1.9816666666666667,Atinge no ritmo atual,1
Campo Grande - AL,2701506,AL,Nordeste,0.49501532521323377,Alto,51.51,37.4,1,80.0,7.1000000000000005,Precisa de mais de 2x o ritmo,1
Barro Duro - PI,2201408,PI,Nordeste,0.49501532521323377,Alto,38.31,40.17,1,80.0,6.638333333333333,Precisa de mais de 2x o ritmo,1
Olinda - PE,2609600,PE,Nordeste,0.49490320629159107,Alto,59.57,62.29,0,80.0,2.9516666666666667,Precisa de ate 2x o ritmo,0
Presidente Dutra - MA,2109106,MA,Nordeste,0.4948693374225289,Alto,54.77,45.11,1,80.0,5.815,Precisa de mais de 2x o ritmo,1
Campo Alegre do Fidalgo - PI,2202117,PI,Nordeste,0.49462010507997567,Alto,38.53,59.33,1,80.0,3.4450000000000003,Precisa de ate 2x o ritmo,1
Sertão Santana - RS,4320552,RS,Sul,0.49449187424597263,Alto,74.77,46.2,1,80.0,5.633333333333333,Precisa de mais de 2x o ritmo,2
Itaporã do Tocantins - TO,1711100,TO,Norte,0.4943594787312516,Alto,64.16,24.0,1,80.0,9.333333333333334,Precisa de mais de 2x o ritmo,2
São Bento do Una - PE,2613008,PE,Nordeste,0.4942248906868862,Alto,55.89,64.03,0,80.0,2.6616666666666666,Precisa de ate 2x o ritmo,1
Águas Frias - SC,4200556,SC,Sul,0.49317721847431245,Alto,42.78,88.24,0,80.0,-1.3733333333333324,Meta ja atingida,2
Itaubal - AP,1600253,AP,Norte,0.49317721847431234,Alto,55.75,43.57,1,80.0,6.071666666666666,Precisa de mais de 2x o ritmo,1
Santo Antônio de Lisboa - PI,2209401,PI,Nordeste,0.49216607912260085,Alto,61.21,55.71,1,80.0,4.048333333333333,Precisa de ate 2x o ritmo,1
Victor Graeff - RS,4323200,RS,Sul,0.4914892151419818,Alto,88.92,56.3,1,80.0,3.9500000000000006,Precisa de ate 2x o ritmo,2
Mato Queimado - RS,4312179,RS,Sul,0.4912597954388779,Alto,88.24,58.3,1,80.0,3.616666666666667,Precisa de ate 2x o ritmo,2
Caraá - RS,4304713,RS,Sul,0.49107568109673594,Alto,90.82,62.4,0,80.0,2.9333333333333336,Precisa de ate 2x o ritmo,2
São Pedro das Missões - RS,4319364,RS,Sul,0.49107568109673594,Alto,90.0,90.0,0,80.0,-1.6666666666666667,Meta ja atingida,2
Coronel Bicaco - RS,4305900,RS,Sul,0.4909217510436384,Alto,90.51,43.4,1,80.0,6.1000000000000005,Precisa de mais de 2x o ritmo,2
Nova Brasilândia - MT,5106208,MT,Centro-Oeste,0.4907805084559452,Alto,55.65,81.37,0,80.0,-0.22833333333333408,Meta ja atingida,2
Santa Rita do Pardo - MS,5007554,MS,Centro-Oeste,0.4907805084559452,Alto,48.28,51.3,1,80.0,4.783333333333334,Precisa de ate 2x o ritmo,2
São João da Varjota - PI,2209955,PI,Nordeste,0.4907805084559452,Alto,53.64,86.96,0,80.0,-1.159999999999999,Meta ja atingida,1
Lambari D'Oeste - MT,5105234,MT,Centro-Oeste,0.4907805084559452,Alto,41.08,51.5,1,80.0,4.75,Precisa de ate 2x o ritmo,2
Brasnorte - MT,5101902,MT,Centro-Oeste,0.4907416199553323,Alto,51.92,69.06,0,80.0,1.823333333333333,Atinge no ritmo atual,2
Juscimeira - MT,5105200,MT,Centro-Oeste,0.4904872479585123,Alto,50.74,67.06,0,80.0,2.1566666666666663,Atinge no ritmo atual,2
São José do Rio Pardo - SP,3549706,SP,Sudeste,0.490461434883333,Alto,55.33,67.62,0,80.0,2.0633333333333326,Atinge no ritmo atual,0
Tiradentes do Sul - RS,4321477,RS,Sul,0.4897025203719547,Alto,90.1,66.7,0,,,Sem meta definida,2
Urubici - SC,4218905,SC,Sul,0.4888788430579255,Alto,60.18,76.9,0,80.0,0.5166666666666657,Atinge no ritmo atual,2
Piau - MG,3150109,MG,Sudeste,0.4888246815039136,Alto,29.63,75.58,0,80.0,0.7366666666666669,Atinge no ritmo atual,2
Itaíba - PE,2607505,PE,Nordeste,0.4887227399202653,Alto,59.5,58.6,1,80.0,3.5666666666666664,Precisa de ate 2x o ritmo,1
Vista Alegre - RS,4323507,RS,Sul,0.4885388983995,Alto,86.8,71.0,0,80.0,1.5,Atinge no ritmo atual,2
Chapadão do Lageado - SC,4204194,SC,Sul,0.4885388983995,Alto,52.44,65.91,0,80.0,2.348333333333334,Atinge no ritmo atual,2
Montauri - RS,4312351,RS,Sul,0.4882418742459726,Alto,100.0,75.0,0,80.0,0.8333333333333334,Atinge no ritmo atual,2
Coqueiros do Sul - RS,4305850,RS,Sul,0.4882418742459726,Alto,86.57,41.7,1,80.0,6.383333333333333,Precisa de mais de 2x o ritmo,2
Coelho Neto - MA,2103406,MA,Nordeste,0.4882418742459726,Alto,60.53,76.13,0,80.0,0.6450000000000008,Atinge no ritmo atual,1
Figueirão - MS,5003900,MS,Centro-Oeste,0.4882418742459726,Alto,58.57,86.46,0,80.0,-1.0766666666666656,Meta ja atingida,2
Novo Machado - RS,4313425,RS,Sul,0.4882418742459726,Alto,81.82,60.0,0,,,Sem meta definida,2
Vicência - PE,2616308,PE,Nordeste,0.4879901270995409,Alto,57.45,68.15,0,80.0,1.974999999999999,Atinge no ritmo atual,1
Águas Lindas de Goiás - GO,5200258,GO,Centro-Oeste,0.4874757204012523,Alto,48.9,53.9,1,80.0,4.3500000000000005,Precisa de ate 2x o ritmo,0
São Vicente Ferrer - MA,2111706,MA,Nordeste,0.48699187424597257,Alto,61.03,76.82,0,80.0,0.5300000000000011,Atinge no ritmo atual,1
Várzea - PB,2517100,PB,Nordeste,0.48680401312595273,Alto,52.0,62.96,0,80.0,2.84,Precisa de ate 2x o ritmo,2
Poção - PE,2611200,PE,Nordeste,0.48680401312595273,Alto,62.55,64.18,0,80.0,2.6366666666666654,Precisa de ate 2x o ritmo,1
Calçado - PE,2603306,PE,Nordeste,0.48680401312595273,Alto,57.35,40.68,1,80.0,6.553333333333334,Precisa de mais de 2x o ritmo,1
Exu - PE,2605301,PE,Nordeste,0.48680401312595273,Alto,56.65,55.21,1,80.0,4.131666666666667,Precisa de ate 2x o ritmo,1
Nova Palma - RS,4313102,RS,Sul,0.48680401312595273,Alto,84.14,62.7,0,80.0,2.883333333333333,Precisa de ate 2x o ritmo,2
São José do Hortêncio - RS,4318481,RS,Sul,0.48680401312595273,Alto,78.76,43.8,1,80.0,6.033333333333334,Precisa de mais de 2x o ritmo,2
Barras - PI,2201200,PI,Nordeste,0.48680401312595273,Alto,55.68,60.13,0,80.0,3.311666666666666,Precisa de ate 2x o ritmo,1
Paraíso do Sul - RS,4314027,RS,Sul,0.48680401312595273,Alto,84.77,54.7,1,80.0,4.216666666666666,Precisa de ate 2x o ritmo,2
Chã Grande - PE,2604502,PE,Nordeste,0.48680401312595273,Alto,55.33,58.51,1,80.0,3.581666666666667,Precisa de ate 2x o ritmo,1
Bonfim do Piauí - PI,2201929,PI,Nordeste,0.48680401312595273,Alto,50.63,35.96,1,80.0,7.34,Precisa de mais de 2x o ritmo,1
Brejo - MA,2102101,MA,Nordeste,0.48680401312595273,Alto,50.31,58.08,1,80.0,3.6533333333333338,Precisa de ate 2x o ritmo,1
Jacinto Machado - SC,4208708,SC,Sul,0.4858137698912389,Alto,55.07,67.22,0,80.0,2.1300000000000003,Atinge no ritmo atual,2
Santo Antônio do Descoberto - GO,5219753,GO,Centro-Oeste,0.48563718592307037,Alto,42.71,53.64,1,80.0,4.3933333333333335,Precisa de ate 2x o ritmo,0
Porto Mauá - RS,4315057,RS,Sul,0.48563718592307037,Alto,41.07,95.2,0,80.0,-2.5333333333333337,Meta ja atingida,2
Paes Landim - PI,2207306,PI,Nordeste,0.4847724621013242,Alto,51.76,45.31,1,80.0,5.781666666666666,Precisa de mais de 2x o ritmo,1
Assunção - PB,2501351,PB,Nordeste,0.4847724621013242,Alto,48.37,93.96,0,80.0,-2.3266666666666658,Meta ja atingida,1
Murici dos Portelas - PI,2206696,PI,Nordeste,0.4839536387005607,Alto,66.93,65.17,0,80.0,2.4716666666666662,Atinge no ritmo atual,1
Matões do Norte - MA,2106631,MA,Nordeste,0.4825573369134166,Alto,63.8,57.42,1,80.0,3.763333333333333,Precisa de ate 2x o ritmo,1
Mortugaba - BA,2921807,BA,Nordeste,0.4814049768355268,Alto,68.97,60.0,0,80.0,3.3333333333333335,Precisa de ate 2x o ritmo,1
Maraial - PE,2609204,PE,Nordeste,0.48086963266641397,Alto,69.2,58.48,1,80.0,3.5866666666666673,Precisa de ate 2x o ritmo,1
Miguel Leão - PI,2206308,PI,Nordeste,0.48042422693585485,Alto,47.32,84.62,0,80.0,-0.7700000000000008,Meta ja atingida,1
Ciríaco - RS,4305504,RS,Sul,0.48042422693585485,Alto,86.67,84.0,0,80.0,-0.6666666666666666,Meta ja atingida,2
Tamboara - PR,4126702,PR,Sul,0.47987141754685425,Alto,47.6,46.83,1,80.0,5.528333333333333,Precisa de mais de 2x o ritmo,2
Paraí - RS,4314001,RS,Sul,0.47987141754685425,Alto,93.68,64.8,0,80.0,2.5333333333333337,Atinge no ritmo atual,2
Iati - PE,2606507,PE,Nordeste,0.47905623787976725,Alto,66.34,82.26,0,80.0,-0.37666666666666754,Meta ja atingida,1
Erval Velho - SC,4205209,SC,Sul,0.4788046448087432,Alto,56.49,58.15,1,80.0,3.641666666666667,Precisa de ate 2x o ritmo,2
Valença - RJ,3306107,RJ,Sudeste,0.478578078249671,Alto,58.36,55.84,1,80.0,4.026666666666666,Precisa de ate 2x o ritmo,0
Escada - PE,2605202,PE,Nordeste,0.4775546448087432,Alto,54.51,30.48,1,80.0,8.253333333333332,Precisa de mais de 2x o ritmo,1
Pombal - PB,2512101,PB,Nordeste,0.476920619473811,Alto,58.65,65.57,0,80.0,2.405000000000001,Atinge no ritmo atual,1
Caseiros - RS,4304952,RS,Sul,0.4766037596505409,Alto,86.13,40.0,1,80.0,6.666666666666667,Precisa de mais de 2x o ritmo,2
Joaquim Pires - PI,2205409,PI,Nordeste,0.4766037596505409,Alto,55.54,81.27,0,80.0,-0.211666666666666,Meta ja atingida,1
Baraúna - PB,2501534,PB,Nordeste,0.4755456659249443,Alto,59.36,89.76,0,80.0,-1.6266666666666676,Meta ja atingida,1
Nova Bréscia - RS,4313003,RS,Sul,0.4754522670312144,Alto,77.31,94.4,0,80.0,-2.400000000000001,Meta ja atingida,2
Itiquira - MT,5104609,MT,Centro-Oeste,0.4752148707616521,Alto,42.56,58.16,1,80.0,3.6400000000000006,Precisa de ate 2x o ritmo,2
Coronel José Dias - PI,2202851,PI,Nordeste,0.47494664883867144,Alto,61.14,61.36,0,80.0,3.106666666666667,Precisa de ate 2x o ritmo,1
João Alfredo - PE,2608107,PE,Nordeste,0.47494664883867144,Alto,56.99,75.79,0,80.0,0.7016666666666657,Atinge no ritmo atual,1
Conquista D'Oeste - MT,5103361,MT,Centro-Oeste,0.47494664883867144,Alto,40.85,69.46,0,80.0,1.7566666666666677,Atinge no ritmo atual,2
Felipe Guerra - RN,2403707,RN,Nordeste,0.47494664883867144,Alto,54.36,51.71,1,80.0,4.715,Precisa de ate 2x o ritmo,1
Senador Salgado Filho - RS,4320321,RS,Sul,0.4745661073632014,Alto,83.97,50.0,1,80.0,5.0,Precisa de ate 2x o ritmo,2
Socorro - SP,3552106,SP,Sudeste,0.47402418791977025,Alto,51.49,60.61,0,80.0,3.231666666666667,Precisa de ate 2x o ritmo,0
Governador Eugênio Barros - MA,2104602,MA,Nordeste,0.4739049768355269,Alto,52.89,48.13,1,80.0,5.3116666666666665,Precisa de mais de 2x o ritmo,1
Liberato Salzano - RS,4311601,RS,Sul,0.47378075731199926,Alto,82.63,62.2,0,80.0,2.9666666666666663,Precisa de ate 2x o ritmo,2
Cristino Castro - PI,2203107,PI,Nordeste,0.4725937076622008,Alto,50.63,85.0,0,80.0,-0.8333333333333334,Meta ja atingida,1
Inajá - PE,2607000,PE,Nordeste,0.4725937076622008,Alto,54.35,79.7,0,80.0,0.049999999999999524,Atinge no ritmo atual,1
Rio Grande do Piauí - PI,2209005,PI,Nordeste,0.4725937076622008,Alto,48.59,41.79,1,80.0,6.368333333333333,Precisa de mais de 2x o ritmo,1
São João da Urtiga - RS,4318424,RS,Sul,0.47248790599200435,Alto,80.59,73.5,0,80.0,1.0833333333333333,Atinge no ritmo atual,2
Águas Belas - PE,2600500,PE,Nordeste,0.47196759627267537,Alto,57.56,59.77,1,80.0,3.371666666666666,Precisa de ate 2x o ritmo,1
Campo Alegre - AL,2701407,AL,Nordeste,0.47196759627267537,Alto,65.49,67.45,0,80.0,2.0916666666666663,Atinge no ritmo atual,1
Porto Lucena - RS,4315008,RS,Sul,0.47171105733209906,Alto,74.94,85.7,0,80.0,-0.9500000000000005,Meta ja atingida,2
Sertânia - PE,2614105,PE,Nordeste,0.47013734645928607,Alto,59.14,56.65,1,80.0,3.891666666666667,Precisa de ate 2x o ritmo,1
Westfália - RS,4323770,RS,Sul,0.4700179018976011,Alto,82.91,61.5,0,80.0,3.0833333333333335,Precisa de ate 2x o ritmo,2
Ibiaçá - RS,4309803,RS,Sul,0.4693581161556285,Alto,76.09,60.1,0,80.0,3.3166666666666664,Precisa de ate 2x o ritmo,2
Barra do Bugres - MT,5101704,MT,Centro-Oeste,0.4693581161556285,Alto,50.91,72.78,0,80.0,1.2033333333333331,Atinge no ritmo atual,0
Vera Cruz do Oeste - PR,4128559,PR,Sul,0.4693581161556285,Alto,52.37,76.11,0,80.0,0.6483333333333334,Atinge no ritmo atual,2
Primavera do Leste - MT,5107040,MT,Centro-Oeste,0.4693581161556285,Alto,48.71,57.79,1,80.0,3.7016666666666667,Precisa de ate 2x o ritmo,0
Bonito - MS,5002209,MS,Centro-Oeste,0.4693581161556285,Alto,53.37,58.78,1,80.0,3.5366666666666666,Precisa de ate 2x o ritmo,2
Boa Vista do Gurupi - MA,2101970,MA,Nordeste,0.4693581161556285,Alto,59.99,80.0,0,80.0,0.0,Meta ja atingida,1
Putinga - RS,4315206,RS,Sul,0.4690847148803387,Alto,87.73,82.8,0,80.0,-0.4666666666666662,Meta ja atingida,2
Conceição do Canindé - PI,2202802,PI,Nordeste,0.4689648707616521,Alto,47.28,70.98,0,80.0,1.5033333333333327,Atinge no ritmo atual,1
Rio dos Índios - RS,4315552,RS,Sul,0.4689648707616521,Alto,88.89,78.8,0,80.0,0.20000000000000048,Atinge no ritmo atual,2
São Vicente do Seridó - PB,2515401,PB,Nordeste,0.4689648707616521,Alto,55.88,54.16,1,80.0,4.3066666666666675,Precisa de ate 2x o ritmo,1
Itatiba do Sul - RS,4310702,RS,Sul,0.4689648707616521,Alto,86.76,38.0,1,80.0,7.0,Precisa de mais de 2x o ritmo,2
Harmonia - RS,4309555,RS,Sul,0.4689648707616521,Alto,87.2,67.5,0,80.0,2.0833333333333335,Atinge no ritmo atual,2
Alta Floresta - MT,5100250,MT,Centro-Oeste,0.46883008188513325,Alto,52.38,71.46,0,80.0,1.4233333333333344,Atinge no ritmo atual,0
Vale Verde - RS,4322525,RS,Sul,0.46825085481138273,Alto,85.54,47.1,1,80.0,5.483333333333333,Precisa de mais de 2x o ritmo,2
Manga - MG,3139300,MG,Sudeste,0.4679901270995409,Alto,37.08,41.78,1,80.0,6.37,Precisa de mais de 2x o ritmo,1
Tupirama - TO,1721257,TO,Norte,0.4678614394633639,Alto,36.36,66.67,0,80.0,2.2216666666666662,Atinge no ritmo atual,2
Mata - RS,4312104,RS,Sul,0.4677919025745112,Alto,79.16,50.0,1,80.0,5.0,Precisa de ate 2x o ritmo,2
Arinos - MG,3104502,MG,Sudeste,0.4677563940783337,Alto,37.17,48.56,1,80.0,5.239999999999999,Precisa de mais de 2x o ritmo,2
Riachão do Bacamarte - PB,2512754,PB,Nordeste,0.4677148707616521,Alto,44.56,46.23,1,80.0,5.628333333333334,Precisa de mais de 2x o ritmo,1
Monte Carlo - SC,4211058,SC,Sul,0.4677148707616521,Alto,63.76,52.67,1,80.0,4.555,Precisa de ate 2x o ritmo,2
Bombinhas - SC,4202453,SC,Sul,0.4674583736580257,Alto,60.82,68.24,0,,,Sem meta definida,0
Ladainha - MG,3137007,MG,Sudeste,0.4673971801338276,Alto,23.8,54.47,1,80.0,4.255,Precisa de ate 2x o ritmo,1
Brejo do Piauí - PI,2201988,PI,Nordeste,0.4673628525015168,Alto,50.33,95.35,0,80.0,-2.5583333333333322,Meta ja atingida,1
Santo Antônio - RN,2411502,RN,Nordeste,0.46651135981425024,Alto,67.11,35.59,1,80.0,7.401666666666666,Precisa de mais de 2x o ritmo,1
Arroio do Tigre - RS,4301206,RS,Sul,0.4662482413724742,Alto,81.59,65.2,0,80.0,2.4666666666666663,Atinge no ritmo atual,2
Barra de São Miguel - PB,2501708,PB,Nordeste,0.46412370031125416,Alto,60.51,78.61,0,80.0,0.23166666666666677,Atinge no ritmo atual,1
Paulista - PB,2510907,PB,Nordeste,0.46339860659254156,Alto,61.87,40.28,1,80.0,6.62,Precisa de mais de 2x o ritmo,1
Ourinhos - SP,3534708,SP,Sudeste,0.46339860659254156,Alto,50.8,53.77,1,80.0,4.371666666666666,Precisa de ate 2x o ritmo,0
Paraíso do Tocantins - TO,1716109,TO,Norte,0.4625492302184031,Alto,60.56,63.45,0,80.0,2.758333333333333,Precisa de ate 2x o ritmo,0
São Francisco do Brejão - MA,2110856,MA,Nordeste,0.4615804247743597,Alto,62.65,42.73,1,80.0,6.211666666666667,Precisa de mais de 2x o ritmo,1
Trindade - PE,2615607,PE,Nordeste,0.4610381044966737,Alto,59.68,69.13,0,80.0,1.8116666666666674,Atinge no ritmo atual,1
Francisco Ayres - PI,2204105,PI,Nordeste,0.4607517379521622,Alto,47.28,32.38,1,80.0,7.9366666666666665,Precisa de mais de 2x o ritmo,1
Santa Helena - PB,2513307,PB,Nordeste,0.4606187697978522,Alto,52.83,96.58,0,80.0,-2.763333333333333,Meta ja atingida,1
Moreilândia - PE,2614303,PE,Nordeste,0.4606187697978522,Alto,44.18,56.94,1,80.0,3.8433333333333337,Precisa de ate 2x o ritmo,1
São Francisco do Piauí - PI,2209708,PI,Nordeste,0.4606187697978522,Alto,58.13,64.27,0,80.0,2.6216666666666675,Precisa de ate 2x o ritmo,1
Presidente Sarney - MA,2109270,MA,Nordeste,0.4606187697978522,Alto,62.8,39.6,1,80.0,6.733333333333333,Precisa de mais de 2x o ritmo,1
Esperantinópolis - MA,2104008,MA,Nordeste,0.4606187697978522,Alto,59.36,81.48,0,80.0,-0.24666666666666734,Meta ja atingida,1
Belém do São Francisco - PE,2601607,PE,Nordeste,0.45998011230720853,Alto,51.55,62.62,0,80.0,2.896666666666667,Precisa de ate 2x o ritmo,1
Santa Luzia - PB,2513406,PB,Nordeste,0.4593237441526063,Alto,58.06,54.05,1,80.0,4.325,Precisa de ate 2x o ritmo,0
Videira - SC,4219309,SC,Sul,0.4592199226784919,Alto,62.1,63.83,0,80.0,2.6950000000000003,Precisa de ate 2x o ritmo,0
São Cristóvão do Sul - SC,4216057,SC,Sul,0.4582776413244226,Alto,57.13,50.76,1,,,Sem meta definida,2
Fátima - TO,1707553,TO,Norte,0.45797784945160913,Alto,52.54,57.84,1,80.0,3.693333333333333,Precisa de ate 2x o ritmo,2
Parecis - RO,1101450,RO,Norte,0.4574300703080493,Alto,61.04,70.6,0,80.0,1.5666666666666675,Atinge no ritmo atual,2
Laranjal - PR,4113254,PR,Sul,0.4569692320419967,Alto,58.83,46.64,1,80.0,5.56,Precisa de mais de 2x o ritmo,1
Segredo - RS,4320263,RS,Sul,0.4567140964681949,Alto,79.57,76.2,0,80.0,0.6333333333333329,Atinge no ritmo atual,2
Picada Café - RS,4314423,RS,Sul,0.4566173894144834,Alto,85.93,57.1,1,80.0,3.8166666666666664,Precisa de ate 2x o ritmo,2
Meleiro - SC,4210803,SC,Sul,0.4566173894144834,Alto,54.81,48.04,1,80.0,5.326666666666667,Precisa de mais de 2x o ritmo,2
Vista Alegre do Prata - RS,4323606,RS,Sul,0.45631463789475896,Alto,95.03,85.7,0,80.0,-0.9500000000000005,Meta ja atingida,2
Poço das Antas - RS,4314753,RS,Sul,0.45631463789475896,Alto,85.45,66.3,0,80.0,2.2833333333333337,Atinge no ritmo atual,2
Rio Branco - MT,5107206,MT,Centro-Oeste,0.45631463789475896,Alto,48.15,81.6,0,80.0,-0.2666666666666657,Meta ja atingida,2
Pouso Novo - RS,4315131,RS,Sul,0.45631463789475896,Alto,92.31,94.1,0,80.0,-2.349999999999999,Meta ja atingida,2
Nova Alvorada - RS,4312757,RS,Sul,0.45631463789475896,Alto,93.53,64.8,0,80.0,2.5333333333333337,Atinge no ritmo atual,2
Taquaruçu do Sul - RS,4321329,RS,Sul,0.45631463789475896,Alto,83.35,82.9,0,80.0,-0.4833333333333343,Meta ja atingida,2
Vespasiano Corrêa - RS,4322855,RS,Sul,0.45631463789475896,Alto,81.25,46.7,1,80.0,5.55,Precisa de mais de 2x o ritmo,2
Desterro - PB,2505402,PB,Nordeste,0.45631463789475896,Alto,50.13,45.8,1,80.0,5.7,Precisa de mais de 2x o ritmo,1
Barra D'Alcântara - PI,2201176,PI,Nordeste,0.45631463789475896,Alto,61.11,93.18,0,80.0,-2.1966666666666677,Meta ja atingida,1
Augusto Pestana - RS,4301503,RS,Sul,0.45631463789475896,Alto,88.65,46.0,1,80.0,5.666666666666667,Precisa de mais de 2x o ritmo,2
Nova Ramada - RS,4313334,RS,Sul,0.45631463789475896,Alto,86.97,28.0,1,80.0,8.666666666666666,Precisa de mais de 2x o ritmo,2
José Boiteux - SC,4209151,SC,Sul,0.45631463789475896,Alto,37.11,43.47,1,80.0,6.088333333333334,Precisa de mais de 2x o ritmo,2
Santo Afonso - MT,5107263,MT,Centro-Oeste,0.45631463789475896,Alto,47.62,76.83,0,80.0,0.5283333333333337,Atinge no ritmo atual,2
Camocim de São Félix - PE,2603504,PE,Nordeste,0.45631463789475896,Alto,55.71,68.51,0,80.0,1.9149999999999991,Atinge no ritmo atual,1
Monte Belo do Sul - RS,4312385,RS,Sul,0.45631463789475896,Alto,80.97,76.9,0,80.0,0.5166666666666657,Atinge no ritmo atual,2
São Joaquim da Barra - SP,3549409,SP,Sudeste,0.45631463789475896,Alto,52.89,67.94,0,80.0,2.0100000000000002,Atinge no ritmo atual,0
Faxinal dos Guedes - SC,4205308,SC,Sul,0.45631463789475896,Alto,52.68,66.52,0,80.0,2.2466666666666675,Atinge no ritmo atual,0
Romelândia - SC,4215208,SC,Sul,0.45631463789475896,Alto,52.07,78.04,0,80.0,0.3266666666666656,Atinge no ritmo atual,2
Ibiam - SC,4206751,SC,Sul,0.45631463789475896,Alto,65.6,96.17,0,80.0,-2.6950000000000003,Meta ja atingida,2
Dois Lajeados - RS,4306452,RS,Sul,0.45631463789475896,Alto,91.2,53.0,1,80.0,4.5,Precisa de ate 2x o ritmo,2
Campos de Júlio - MT,5102686,MT,Centro-Oeste,0.45631463789475896,Alto,48.17,65.76,0,80.0,2.3733333333333326,Atinge no ritmo atual,0
David Canabarro - RS,4306304,RS,Sul,0.45631463789475896,Alto,90.24,61.4,0,80.0,3.1,Precisa de ate 2x o ritmo,2
Afrânio - PE,2600203,PE,Nordeste,0.45631463789475896,Alto,54.58,59.87,1,80.0,3.3550000000000004,Precisa de ate 2x o ritmo,1
Gentil - RS,4308854,RS,Sul,0.45631463789475896,Alto,94.44,85.7,0,80.0,-0.9500000000000005,Meta ja atingida,2
Seberi - RS,4320206,RS,Sul,0.45631463789475896,Alto,82.25,65.2,0,80.0,2.4666666666666663,Atinge no ritmo atual,2
Trombudo Central - SC,4218608,SC,Sul,0.4562650802360211,Alto,68.13,63.31,0,80.0,2.7816666666666663,Precisa de ate 2x o ritmo,2
Fagundes Varela - RS,4307864,RS,Sul,0.4557996908528824,Alto,92.86,69.2,0,80.0,1.7999999999999996,Atinge no ritmo atual,2
Bozano - RS,4302584,RS,Sul,0.4549466488386714,Alto,100.0,27.3,1,80.0,8.783333333333333,Precisa de mais de 2x o ritmo,2
São José do Inhacorá - RS,4318499,RS,Sul,0.4549466488386714,Alto,82.48,49.7,1,80.0,5.05,Precisa de ate 2x o ritmo,2
Sede Nova - RS,4320230,RS,Sul,0.4549466488386714,Alto,85.29,36.1,1,80.0,7.316666666666666,Precisa de mais de 2x o ritmo,2
Barão - RS,4301651,RS,Sul,0.4549466488386714,Alto,86.39,53.5,1,80.0,4.416666666666667,Precisa de ate 2x o ritmo,2
Rodeio - SC,4215109,SC,Sul,0.45473313826438017,Alto,58.79,67.61,0,80.0,2.065,Atinge no ritmo atual,0
Ponte Alta do Norte - SC,4213351,SC,Sul,0.45473313826438017,Alto,64.09,70.19,0,80.0,1.6350000000000005,Atinge no ritmo atual,2
Blumenau - SC,4202404,SC,Sul,0.45391413111455525,Alto,62.61,64.14,0,80.0,2.643333333333333,Precisa de ate 2x o ritmo,0
Aldeias Altas - MA,2100303,MA,Nordeste,0.45391413111455525,Alto,67.9,45.37,1,80.0,5.771666666666667,Precisa de mais de 2x o ritmo,1
Ubiretama - RS,4322343,RS,Sul,0.45342845750740485,Alto,100.0,55.6,1,80.0,4.066666666666666,Precisa de ate 2x o ritmo,2
Três Arroios - RS,4321634,RS,Sul,0.4531102003642987,Alto,100.0,40.0,1,80.0,6.666666666666667,Precisa de mais de 2x o ritmo,2
Ortigueira - PR,4117305,PR,Sul,0.45131914711477095,Alto,63.9,57.28,1,80.0,3.7866666666666666,Precisa de ate 2x o ritmo,2
Theobroma - RO,1101609,RO,Norte,0.4508040131259527,Alto,50.7,78.73,0,80.0,0.211666666666666,Atinge no ritmo atual,1
Cantagalo - RJ,3301108,RJ,Sudeste,0.45067133386526875,Alto,55.75,52.0,1,80.0,4.666666666666667,Precisa de ate 2x o ritmo,0
Protásio Alves - RS,4315172,RS,Sul,0.45046409646819485,Alto,79.98,75.0,0,80.0,0.8333333333333334,Atinge no ritmo atual,2
Bacabeira - MA,2101251,MA,Nordeste,0.4500164601784185,Alto,51.49,53.73,1,80.0,4.378333333333334,Precisa de ate 2x o ritmo,1
Alegria - RS,4300455,RS,Sul,0.44972855258401684,Alto,100.0,63.2,0,80.0,2.7999999999999994,Precisa de ate 2x o ritmo,2
Natividade - RJ,3303104,RJ,Sudeste,0.4485844359790434,Alto,60.3,56.91,1,80.0,3.848333333333334,Precisa de ate 2x o ritmo,0
São Bentinho - PB,2513927,PB,Nordeste,0.4485844359790434,Alto,65.98,60.02,0,80.0,3.3299999999999996,Precisa de ate 2x o ritmo,1
Água Doce do Maranhão - MA,2100154,MA,Nordeste,0.4485844359790434,Alto,67.29,63.75,0,80.0,2.7083333333333335,Precisa de ate 2x o ritmo,1
Ipê - RS,4310439,RS,Sul,0.44759551398389874,Alto,82.22,60.1,0,80.0,3.3166666666666664,Precisa de ate 2x o ritmo,2
Palmelo - GO,5215801,GO,Centro-Oeste,0.44759551398389874,Alto,28.57,64.71,0,80.0,2.5483333333333342,Precisa de ate 2x o ritmo,2
Riacho das Almas - PE,2611705,PE,Nordeste,0.4473531573284917,Alto,63.97,68.11,0,80.0,1.9816666666666667,Atinge no ritmo atual,1
Betânia - PE,2601805,PE,Nordeste,0.44727852394519063,Alto,70.45,76.97,0,80.0,0.5050000000000002,Atinge no ritmo atual,1
Balneário Barra do Sul - SC,4202057,SC,Sul,0.4470908936025215,Alto,60.27,51.19,1,80.0,4.801666666666667,Precisa de ate 2x o ritmo,0
Angelim - PE,2601003,PE,Nordeste,0.4469410612378425,Alto,62.05,62.41,0,80.0,2.931666666666667,Precisa de ate 2x o ritmo,1
Humberto de Campos - MA,2105005,MA,Nordeste,0.4469410612378425,Alto,61.59,59.22,1,80.0,3.4633333333333334,Precisa de ate 2x o ritmo,1
Laje do Muriaé - RJ,3302304,RJ,Sudeste,0.4469410612378425,Alto,45.19,48.41,1,80.0,5.265000000000001,Precisa de mais de 2x o ritmo,2
Jauru - MT,5105002,MT,Centro-Oeste,0.4469410612378425,Alto,46.7,74.68,0,80.0,0.8866666666666655,Atinge no ritmo atual,2
Ribamar Fiquene - MA,2109551,MA,Nordeste,0.4469410612378425,Alto,54.24,50.14,1,80.0,4.976666666666667,Precisa de ate 2x o ritmo,1
Estrela Velha - RS,4307815,RS,Sul,0.4469410612378425,Alto,96.83,60.0,0,80.0,3.3333333333333335,Precisa de ate 2x o ritmo,2
Remígio - PB,2512705,PB,Nordeste,0.4469410612378425,Alto,58.76,49.27,1,80.0,5.121666666666666,Precisa de mais de 2x o ritmo,1
São José do Sul - RS,4318614,RS,Sul,0.4465504692190477,Alto,85.0,37.5,1,80.0,7.083333333333333,Precisa de mais de 2x o ritmo,2
Jequitaí - MG,3135605,MG,Sudeste,0.44576456298001543,Alto,39.93,70.71,0,80.0,1.5483333333333344,Atinge no ritmo atual,2
Rio das Antas - SC,4214409,SC,Sul,0.4456910612378426,Alto,51.1,44.51,1,,,Sem meta definida,2
São Pedro da Serra - RS,4319356,RS,Sul,0.4456910612378426,Alto,80.67,58.8,1,80.0,3.5333333333333337,Precisa de ate 2x o ritmo,2
Vila Flores - RS,4323309,RS,Sul,0.4456910612378426,Alto,90.54,68.8,0,80.0,1.8666666666666671,Atinge no ritmo atual,2
São Raimundo do Doca Bezerra - MA,2111631,MA,Nordeste,0.4456910612378426,Alto,56.29,55.35,1,80.0,4.108333333333333,Precisa de ate 2x o ritmo,1
Itinga - MG,3134004,MG,Sudeste,0.44550770598376815,Alto,42.04,58.55,1,80.0,3.5750000000000006,Precisa de ate 2x o ritmo,1
Tio Hugo - RS,4321469,RS,Sul,0.44395210313118555,Alto,87.5,69.1,0,80.0,1.8166666666666675,Atinge no ritmo atual,2
Joaçaba - SC,4209003,SC,Sul,0.4428030200034442,Alto,61.3,72.15,0,80.0,1.3083333333333325,Atinge no ritmo atual,0
Cezarina - GO,5205455,GO,Centro-Oeste,0.44269144948896183,Alto,41.26,69.63,0,80.0,1.7283333333333342,Atinge no ritmo atual,2
Taparuba - MG,3168051,MG,Sudeste,0.4421015593170117,Alto,44.12,80.0,0,80.0,0.0,Meta ja atingida,2
Galiléia - MG,3127305,MG,Sudeste,0.4421015593170117,Alto,47.26,62.07,0,80.0,2.9883333333333333,Precisa de ate 2x o ritmo,2
São José do Xingu - MT,5107354,MT,Centro-Oeste,0.4417237723932067,Alto,51.3,35.26,1,80.0,7.456666666666667,Precisa de mais de 2x o ritmo,2
Presidente Vargas - MA,2109304,MA,Nordeste,0.4417237723932067,Alto,44.27,47.82,1,80.0,5.363333333333333,Precisa de mais de 2x o ritmo,1
Fortaleza dos Valos - RS,4308458,RS,Sul,0.4417237723932067,Alto,87.27,68.2,0,80.0,1.9666666666666661,Atinge no ritmo atual,2
Divino de São Lourenço - ES,3201803,ES,Sudeste,0.4415711507502332,Alto,46.09,82.15,0,80.0,-0.3583333333333343,Meta ja atingida,2
Mata Roma - MA,2106409,MA,Nordeste,0.4415711507502332,Alto,69.68,76.86,0,80.0,0.5233333333333334,Atinge no ritmo atual,1
Aperibé - RJ,3300159,RJ,Sudeste,0.44128501807692067,Alto,59.34,68.41,0,80.0,1.9316666666666673,Atinge no ritmo atual,2
Icatu - MA,2105104,MA,Nordeste,0.4405185191712858,Alto,66.57,68.98,0,80.0,1.836666666666666,Atinge no ritmo atual,1
Palmitos - SC,4212106,SC,Sul,0.4394668362587388,Alto,60.16,64.28,0,80.0,2.6199999999999997,Precisa de ate 2x o ritmo,2
Ilópolis - RS,4310306,RS,Sul,0.4375244773678828,Alto,90.93,48.3,1,80.0,5.283333333333334,Precisa de mais de 2x o ritmo,2
Nova União - RO,1101435,RO,Norte,0.4370334328290566,Alto,60.65,70.92,0,80.0,1.513333333333333,Atinge no ritmo atual,2
Gramado dos Loureiros - RS,4309126,RS,Sul,0.43696923204199667,Alto,87.5,37.5,1,80.0,7.083333333333333,Precisa de mais de 2x o ritmo,2
Altos - PI,2200400,PI,Nordeste,0.4362820229622043,Alto,61.91,61.82,0,80.0,3.03,Precisa de ate 2x o ritmo,1
Camargo - RS,4303558,RS,Sul,0.43601856039666986,Alto,80.0,55.6,1,80.0,4.066666666666666,Precisa de ate 2x o ritmo,2
São Domingos do Sul - RS,4318051,RS,Sul,0.4360165666154777,Alto,79.02,40.0,1,,,Sem meta definida,2
Jampruca - MG,3135076,MG,Sudeste,0.4360165666154777,Alto,51.85,43.59,1,,,Sem meta definida,1
Malta - PB,2508802,PB,Nordeste,0.4359257714117956,Alto,68.43,48.74,1,80.0,5.21,Precisa de mais de 2x o ritmo,1
Cerejeiras - RO,1100056,RO,Norte,0.43589781268971517,Alto,58.53,66.81,0,80.0,2.198333333333333,Atinge no ritmo atual,2
Querência do Norte - PR,4121000,PR,Sul,0.43570413128978114,Alto,45.28,50.32,1,80.0,4.946666666666666,Precisa de ate 2x o ritmo,2
Serrano do Maranhão - MA,2111789,MA,Nordeste,0.4345000976940326,Alto,67.99,53.62,1,80.0,4.396666666666667,Precisa de ate 2x o ritmo,1
Três Palmeiras - RS,4321857,RS,Sul,0.4306313550094645,Moderado,79.88,64.6,0,80.0,2.5666666666666678,Precisa de ate 2x o ritmo,2
Formoso do Araguaia - TO,1708205,TO,Norte,0.4301995764855799,Moderado,63.68,45.42,1,80.0,5.763333333333333,Precisa de mais de 2x o ritmo,2
Conselheiro Mairinck - PR,4106100,PR,Sul,0.42883158742949234,Moderado,51.52,69.16,0,80.0,1.8066666666666673,Atinge no ritmo atual,2
Cuiabá - MT,5103403,MT,Centro-Oeste,0.42790940298216756,Moderado,54.25,46.6,1,80.0,5.566666666666666,Precisa de mais de 2x o ritmo,0
Capitão de Campos - PI,2202406,PI,Nordeste,0.42790940298216756,Moderado,53.68,54.01,1,80.0,4.331666666666667,Precisa de ate 2x o ritmo,1
São Pedro do Sul - RS,4319406,RS,Sul,0.42790940298216756,Moderado,80.9,57.4,1,80.0,3.766666666666667,Precisa de ate 2x o ritmo,2
Jupi - PE,2608305,PE,Nordeste,0.42790940298216756,Moderado,60.68,68.61,0,80.0,1.8983333333333334,Atinge no ritmo atual,1
Sobrado - PB,2515971,PB,Nordeste,0.42790940298216756,Moderado,60.0,40.74,1,80.0,6.543333333333333,Precisa de mais de 2x o ritmo,1
Cachoeirinha - PE,2603108,PE,Nordeste,0.42790940298216756,Moderado,56.69,63.59,0,80.0,2.7349999999999994,Precisa de ate 2x o ritmo,1
Palmeirais - PI,2207504,PI,Nordeste,0.42790940298216756,Moderado,50.9,46.19,1,80.0,5.635000000000001,Precisa de mais de 2x o ritmo,1
Cotriguaçu - MT,5103379,MT,Centro-Oeste,0.4275148561676228,Moderado,58.35,62.71,0,80.0,2.8816666666666664,Precisa de ate 2x o ritmo,2
Nova Floresta - PB,2510105,PB,Nordeste,0.4272482724544931,Moderado,60.94,67.53,0,80.0,2.078333333333333,Atinge no ritmo atual,1
Nova Pádua - RS,4313086,RS,Sul,0.42696291064044856,Moderado,84.62,57.9,1,80.0,3.6833333333333336,Precisa de ate 2x o ritmo,2
São Francisco - MG,3161106,MG,Sudeste,0.4267169439323964,Moderado,45.74,61.46,0,80.0,3.09,Precisa de ate 2x o ritmo,1
Candeias do Jamari - RO,1100809,RO,Norte,0.4265684669939989,Moderado,48.96,51.63,1,80.0,4.728333333333333,Precisa de ate 2x o ritmo,2
Palmeirina - PE,2610103,PE,Nordeste,0.42656062645523385,Moderado,60.56,59.45,1,80.0,3.4249999999999994,Precisa de ate 2x o ritmo,1
Francisco Macedo - PI,2204154,PI,Nordeste,0.4252623127592215,Moderado,59.38,95.24,0,80.0,-2.539999999999999,Meta ja atingida,1
São Sebastião de Lagoa de Roça - PB,2515104,PB,Nordeste,0.425196990403211,Moderado,64.39,57.17,1,80.0,3.8049999999999997,Precisa de ate 2x o ritmo,1
Nova Mamoré - RO,1100338,RO,Norte,0.42513390378667043,Moderado,63.02,45.3,1,80.0,5.783333333333334,Precisa de mais de 2x o ritmo,2
Santo Expedito do Sul - RS,4317954,RS,Sul,0.4248937603438835,Moderado,100.0,78.1,0,80.0,0.3166666666666676,Atinge no ritmo atual,2
Dom Pedro de Alcântara - RS,4306551,RS,Sul,0.4248937603438835,Moderado,95.45,57.1,1,80.0,3.8166666666666664,Precisa de ate 2x o ritmo,2
Serrinha - RN,2413508,RN,Nordeste,0.42298130456142563,Moderado,56.19,48.08,1,80.0,5.32,Precisa de mais de 2x o ritmo,1
Esperança do Sul - RS,4307450,RS,Sul,0.42298130456142563,Moderado,97.22,80.1,0,80.0,-0.01666666666666572,Meta ja atingida,2
Nina Rodrigues - MA,2107209,MA,Nordeste,0.42298130456142563,Moderado,53.08,46.83,1,80.0,5.528333333333333,Precisa de mais de 2x o ritmo,1
Vanini - RS,4322558,RS,Sul,0.42298130456142563,Moderado,83.67,69.2,0,80.0,1.7999999999999996,Atinge no ritmo atual,2
Salvador das Missões - RS,4316477,RS,Sul,0.421689599365036,Moderado,94.12,60.2,0,80.0,3.2999999999999994,Precisa de ate 2x o ritmo,2
Presidente Getúlio - SC,4214003,SC,Sul,0.421613315505338,Moderado,59.54,58.58,1,80.0,3.5700000000000003,Precisa de ate 2x o ritmo,0
Nazaré Paulista - SP,3532405,SP,Sudeste,0.421613315505338,Moderado,50.95,60.11,0,80.0,3.315,Precisa de ate 2x o ritmo,2
Simões - PI,2210706,PI,Nordeste,0.42124661679339814,Moderado,68.51,86.03,0,80.0,-1.0050000000000001,Meta ja atingida,1
Montadas - PB,2509503,PB,Nordeste,0.42124661679339814,Moderado,65.88,82.33,0,80.0,-0.38833333333333303,Meta ja atingida,1
Maximiliano de Almeida - RS,4312203,RS,Sul,0.420883401800086,Moderado,87.4,43.2,1,80.0,6.133333333333333,Precisa de mais de 2x o ritmo,2
Santa Fé de Minas - MG,3157609,MG,Sudeste,0.4208061346214077,Moderado,33.37,72.51,0,80.0,1.2483333333333324,Atinge no ritmo atual,1
Jacutinga - RS,4310900,RS,Sul,0.4207594118062047,Moderado,90.32,61.9,0,80.0,3.016666666666667,Precisa de ate 2x o ritmo,2
Itapetim - PE,2607703,PE,Nordeste,0.41978737736516003,Moderado,65.28,89.12,0,80.0,-1.5200000000000007,Meta ja atingida,1
Linha Nova - RS,4311643,RS,Sul,0.41978737736516003,Moderado,100.0,41.2,1,80.0,6.466666666666666,Precisa de mais de 2x o ritmo,2
Igarapé do Meio - MA,2105153,MA,Nordeste,0.419579319651915,Moderado,58.92,77.64,0,80.0,0.39333333333333326,Atinge no ritmo atual,1
Vila Maria - RS,4323408,RS,Sul,0.419579319651915,Moderado,86.7,57.4,1,80.0,3.766666666666667,Precisa de ate 2x o ritmo,2
Sucupira do Norte - MA,2111904,MA,Nordeste,0.4191874266219169,Moderado,49.97,60.0,0,80.0,3.3333333333333335,Precisa de ate 2x o ritmo,1
Itapema - SC,4208302,SC,Sul,0.41884941274143533,Moderado,66.9,68.62,0,,,Sem meta definida,0
Cocal de Telha - PI,2202711,PI,Nordeste,0.4187726260413022,Moderado,67.54,59.56,1,80.0,3.4066666666666663,Precisa de ate 2x o ritmo,1
Terra Nova - PE,2615201,PE,Nordeste,0.41855128226986216,Moderado,62.03,71.07,0,80.0,1.4883333333333344,Atinge no ritmo atual,1
Juruena - MT,5105176,MT,Centro-Oeste,0.4171233970180044,Moderado,59.71,73.66,0,80.0,1.0566666666666673,Atinge no ritmo atual,2
Januária - MG,3135209,MG,Sudeste,0.4171233970180044,Moderado,41.15,57.52,1,80.0,3.746666666666666,Precisa de ate 2x o ritmo,1
Novo Tiradentes - RS,4313441,RS,Sul,0.4169689475678586,Moderado,80.82,47.4,1,80.0,5.433333333333334,Precisa de mais de 2x o ritmo,2
Gaurama - RS,4308706,RS,Sul,0.4169689475678586,Moderado,78.81,74.7,0,80.0,0.8833333333333329,Atinge no ritmo atual,2
Cândido Godói - RS,4304309,RS,Sul,0.4169689475678586,Moderado,78.96,56.2,1,80.0,3.9666666666666663,Precisa de ate 2x o ritmo,2
Cajapió - MA,2102408,MA,Nordeste,0.4169689475678586,Moderado,66.03,64.0,0,80.0,2.6666666666666665,Precisa de ate 2x o ritmo,1
São João do Ivaí - PR,4125001,PR,Sul,0.4168075762899853,Moderado,61.46,73.17,0,80.0,1.138333333333333,Atinge no ritmo atual,2
Aratiba - RS,4300901,RS,Sul,0.4165366034931252,Moderado,82.29,40.2,1,80.0,6.633333333333333,Precisa de mais de 2x o ritmo,2
Canabrava do Norte - MT,5102694,MT,Centro-Oeste,0.416309532953958,Moderado,34.68,78.89,0,80.0,0.18499999999999991,Atinge no ritmo atual,2
Conde - PB,2504603,PB,Nordeste,0.4159163159889113,Moderado,62.38,69.48,0,80.0,1.7533333333333327,Atinge no ritmo atual,1
Pedro do Rosário - MA,2108256,MA,Nordeste,0.4154524786464136,Moderado,65.82,57.92,1,80.0,3.6799999999999997,Precisa de ate 2x o ritmo,1
Nova Palmeira - PB,2510303,PB,Nordeste,0.4154233383221899,Moderado,59.43,76.75,0,80.0,0.5416666666666666,Atinge no ritmo atual,1
Santa Filomena - PE,2612554,PE,Nordeste,0.41533768273229016,Moderado,58.92,53.14,1,80.0,4.476666666666667,Precisa de ate 2x o ritmo,1
Condor - RS,4305702,RS,Sul,0.41521216513394643,Moderado,83.87,61.9,0,80.0,3.016666666666667,Precisa de ate 2x o ritmo,2
Pimenteiras - PI,2208106,PI,Nordeste,0.4144916003536693,Moderado,60.51,61.41,0,80.0,3.098333333333334,Precisa de ate 2x o ritmo,1
Rio Rufino - SC,4215059,SC,Sul,0.41382356482666427,Moderado,65.74,76.32,0,80.0,0.6133333333333345,Atinge no ritmo atual,2
Tanque do Piauí - PI,2210979,PI,Nordeste,0.4127540975829597,Moderado,58.33,50.0,1,80.0,5.0,Precisa de ate 2x o ritmo,1
Japurá - AM,1302108,AM,Norte,0.41212764449927486,Moderado,77.63,90.51,0,80.0,-1.7516666666666676,Meta ja atingida,1
Entre Rios - SC,4205175,SC,Sul,0.4118093873561687,Moderado,66.97,65.16,0,,,Sem meta definida,2
Cabaceiras - PB,2503100,PB,Nordeste,0.4113160612378426,Moderado,60.85,89.73,0,80.0,-1.6216666666666673,Meta ja atingida,1
Gameleira - PE,2605905,PE,Nordeste,0.4113160612378426,Moderado,58.54,77.37,0,80.0,0.4383333333333326,Atinge no ritmo atual,1
São Pedro do Butiá - RS,4319372,RS,Sul,0.41068894575743886,Moderado,82.14,64.0,0,80.0,2.6666666666666665,Precisa de ate 2x o ritmo,2
Rodeio Bonito - RS,4315909,RS,Sul,0.4106069136118397,Moderado,90.81,54.2,1,80.0,4.3,Precisa de ate 2x o ritmo,2
Congo - PB,2504702,PB,Nordeste,0.41051576368592935,Moderado,49.32,40.66,1,80.0,6.5566666666666675,Precisa de mais de 2x o ritmo,1
São Martinho - RS,4319109,RS,Sul,0.41024956507982313,Moderado,83.57,64.5,0,80.0,2.5833333333333335,Precisa de ate 2x o ritmo,2
Caibaté - RS,4303301,RS,Sul,0.40969932261923814,Moderado,89.44,63.1,0,80.0,2.8166666666666664,Precisa de ate 2x o ritmo,2
Rosário - MA,2109601,MA,Nordeste,0.40964797122809227,Moderado,56.65,57.6,1,80.0,3.733333333333333,Precisa de ate 2x o ritmo,1
Cacimba de Areia - PB,2503407,PB,Nordeste,0.407675079679559,Moderado,63.89,52.5,1,80.0,4.583333333333333,Precisa de ate 2x o ritmo,1
Manari - PE,2609154,PE,Nordeste,0.4069450423951655,Moderado,56.89,52.89,1,80.0,4.5183333333333335,Precisa de ate 2x o ritmo,1
Nortelândia - MT,5106000,MT,Centro-Oeste,0.4069450423951655,Moderado,47.48,65.5,0,80.0,2.4166666666666665,Atinge no ritmo atual,2
Toropi - RS,4321493,RS,Sul,0.4069450423951655,Moderado,100.0,38.7,1,80.0,6.883333333333333,Precisa de mais de 2x o ritmo,2
Alto Parnaíba - MA,2100501,MA,Nordeste,0.4069450423951655,Moderado,46.76,51.99,1,80.0,4.668333333333333,Precisa de ate 2x o ritmo,1
Colinas - RS,4305587,RS,Sul,0.4069450423951655,Moderado,86.88,39.9,1,80.0,6.683333333333334,Precisa de mais de 2x o ritmo,2
Engenheiro Paulo de Frontin - RJ,3301801,RJ,Sudeste,0.4069450423951655,Moderado,63.0,55.56,1,80.0,4.073333333333333,Precisa de ate 2x o ritmo,2
Mato Leitão - RS,4312153,RS,Sul,0.40512585509338106,Moderado,86.51,62.1,0,80.0,2.983333333333333,Precisa de ate 2x o ritmo,2
Ivinhema - MS,5004700,MS,Centro-Oeste,0.4039404150620454,Moderado,61.82,68.78,0,80.0,1.8699999999999999,Atinge no ritmo atual,0
João Costa - PI,2205359,PI,Nordeste,0.40291265298524825,Moderado,51.05,97.14,0,80.0,-2.856666666666667,Meta ja atingida,1
Valparaíso de Goiás - GO,5221858,GO,Centro-Oeste,0.4018788318006131,Moderado,56.69,64.23,0,80.0,2.6283333333333325,Precisa de ate 2x o ritmo,0
Ferreiros - PE,2605509,PE,Nordeste,0.40183865941644203,Moderado,58.16,41.36,1,80.0,6.44,Precisa de mais de 2x o ritmo,1
Quixaba - PB,2512606,PB,Nordeste,0.40183865941644203,Moderado,69.23,45.45,1,80.0,5.758333333333333,Precisa de mais de 2x o ritmo,1
Faxinal do Soturno - RS,4308003,RS,Sul,0.4016429864718486,Moderado,86.45,82.1,0,80.0,-0.34999999999999903,Meta ja atingida,2
Rio Negro - MS,5007307,MS,Centro-Oeste,0.4016120984040009,Moderado,53.09,53.05,1,80.0,4.491666666666667,Precisa de ate 2x o ritmo,2
Anitápolis - SC,4201109,SC,Sul,0.4012585034013606,Moderado,61.48,56.94,1,80.0,3.8433333333333337,Precisa de ate 2x o ritmo,2
Barreiros - PE,2601409,PE,Nordeste,0.4005317006042959,Moderado,61.78,53.05,1,80.0,4.491666666666667,Precisa de ate 2x o ritmo,1
Queimada Nova - PI,2208650,PI,Nordeste,0.40030276584915725,Moderado,60.22,67.42,0,80.0,2.0966666666666662,Atinge no ritmo atual,1
Alegrete do Piauí - PI,2200277,PI,Nordeste,0.39978737736516,Moderado,53.89,55.26,1,80.0,4.123333333333334,Precisa de ate 2x o ritmo,1
Rolante - RS,4316006,RS,Sul,0.3990279662434187,Moderado,90.22,66.5,0,80.0,2.25,Atinge no ritmo atual,2
São Felipe D'Oeste - RO,1101484,RO,Norte,0.39889714383069863,Moderado,53.34,78.36,0,80.0,0.27333333333333343,Atinge no ritmo atual,2
Chiapetta - RS,4305405,RS,Sul,0.39770534310747124,Moderado,83.37,78.0,0,80.0,0.3333333333333333,Atinge no ritmo atual,2
Pilar - PB,2511509,PB,Nordeste,0.3968662431522466,Moderado,69.0,38.07,1,80.0,6.988333333333333,Precisa de mais de 2x o ritmo,1
Santa Cruz - PB,2513208,PB,Nordeste,0.3965366034931252,Moderado,52.79,86.28,0,80.0,-1.0466666666666669,Meta ja atingida,1
Flores do Piauí - PI,2203800,PI,Nordeste,0.3965366034931252,Moderado,46.83,43.3,1,80.0,6.116666666666667,Precisa de mais de 2x o ritmo,1
Serranos - MG,3167004,MG,Sudeste,0.39652024494701843,Moderado,38.46,82.14,0,80.0,-0.35666666666666674,Meta ja atingida,2
Joselândia - MA,2105609,MA,Nordeste,0.39573093232810075,Moderado,54.55,75.31,0,80.0,0.7816666666666663,Atinge no ritmo atual,1
Jaraguari - MS,5004908,MS,Centro-Oeste,0.39557224290612314,Moderado,38.46,45.19,1,80.0,5.801666666666667,Precisa de mais de 2x o ritmo,2
Braço do Trombudo - SC,4202859,SC,Sul,0.39549825409615896,Moderado,62.17,64.21,0,80.0,2.6316666666666677,Precisa de ate 2x o ritmo,2
Colônia do Gurguéia - PI,2202752,PI,Nordeste,0.3951735106998265,Moderado,54.43,89.29,0,80.0,-1.5483333333333344,Meta ja atingida,1
Jaíba - MG,3135050,MG,Sudeste,0.3944589777351878,Moderado,45.96,59.64,1,80.0,3.393333333333333,Precisa de ate 2x o ritmo,2
Passo de Torres - SC,4212254,SC,Sul,0.39314239760027936,Moderado,56.11,59.86,1,80.0,3.356666666666667,Precisa de ate 2x o ritmo,2
Humaitá - RS,4309704,RS,Sul,0.39299720971666613,Moderado,90.66,60.8,0,80.0,3.2000000000000006,Precisa de ate 2x o ritmo,2
Umuarama - PR,4128104,PR,Sul,0.39299720971666613,Moderado,64.14,63.1,0,80.0,2.8166666666666664,Precisa de ate 2x o ritmo,0
São Domingos - GO,5219803,GO,Centro-Oeste,0.3921856264552338,Moderado,45.68,65.94,0,80.0,2.3433333333333337,Atinge no ritmo atual,1
Sirinhaém - PE,2614204,PE,Nordeste,0.3908371651339464,Moderado,60.3,74.49,0,80.0,0.9183333333333342,Atinge no ritmo atual,1
Volta Redonda - RJ,3306305,RJ,Sudeste,0.3902226153619342,Moderado,60.12,63.25,0,80.0,2.7916666666666665,Precisa de ate 2x o ritmo,0
Lagoa Seca - PB,2508307,PB,Nordeste,0.3895093895819849,Moderado,66.54,46.71,1,80.0,5.548333333333333,Precisa de mais de 2x o ritmo,1
Barra do Corda - MA,2101608,MA,Nordeste,0.3895093895819849,Moderado,65.45,64.05,0,80.0,2.6583333333333337,Precisa de ate 2x o ritmo,1
Brejão - PE,2602407,PE,Nordeste,0.38768320005483037,Moderado,67.02,86.18,0,80.0,-1.0300000000000011,Meta ja atingida,1
Pavussu - PI,2207850,PI,Nordeste,0.38768320005483037,Moderado,66.32,90.0,0,80.0,-1.6666666666666667,Meta ja atingida,1
Graça Aranha - MA,2104701,MA,Nordeste,0.3872547316328411,Moderado,72.78,75.68,0,80.0,0.7199999999999989,Atinge no ritmo atual,1
São José de Ribamar - MA,2111201,MA,Nordeste,0.3872547316328411,Moderado,62.27,56.58,1,80.0,3.9033333333333338,Precisa de ate 2x o ritmo,0
São Valério - TO,1720499,TO,Norte,0.38702051409327864,Moderado,65.57,46.24,1,80.0,5.626666666666666,Precisa de mais de 2x o ritmo,2
Capivari do Sul - RS,4304671,RS,Sul,0.3868716167933981,Moderado,41.25,43.9,1,80.0,6.016666666666667,Precisa de mais de 2x o ritmo,0
Juvenília - MG,3136959,MG,Sudeste,0.3858717512035363,Moderado,36.81,50.47,1,,,Sem meta definida,1
Calmon - SC,4203154,SC,Sul,0.3855727554179566,Moderado,62.96,57.9,1,80.0,3.6833333333333336,Precisa de ate 2x o ritmo,2
Bela Vista do Piauí - PI,2201556,PI,Nordeste,0.3855384331830553,Moderado,61.05,89.26,0,80.0,-1.5433333333333341,Meta ja atingida,1
Vargem Bonita - SC,4219176,SC,Sul,0.38524969132547715,Moderado,64.13,71.51,0,80.0,1.4149999999999991,Atinge no ritmo atual,2
Tunas do Paraná - PR,4127882,PR,Sul,0.3846114295449844,Moderado,63.46,75.01,0,80.0,0.8316666666666658,Atinge no ritmo atual,2
Angical do Piauí - PI,2200608,PI,Nordeste,0.3845707575226097,Moderado,61.5,95.88,0,80.0,-2.646666666666666,Meta ja atingida,1
Olho d'Água - PB,2510402,PB,Nordeste,0.38357931965191494,Moderado,76.11,91.23,0,80.0,-1.8716666666666673,Meta ja atingida,1
Bertópolis - MG,3106606,MG,Sudeste,0.38355998027943666,Moderado,29.73,85.02,0,80.0,-0.836666666666666,Meta ja atingida,1
São Miguel do Fidalgo - PI,2210391,PI,Nordeste,0.3835329098189132,Moderado,55.79,64.42,0,80.0,2.5966666666666662,Precisa de ate 2x o ritmo,1
Anísio de Abreu - PI,2200707,PI,Nordeste,0.3806786258848465,Moderado,46.55,57.02,1,80.0,3.8299999999999996,Precisa de ate 2x o ritmo,1
Aroeiras - PB,2501302,PB,Nordeste,0.3806786258848465,Moderado,67.95,44.46,1,80.0,5.923333333333333,Precisa de mais de 2x o ritmo,1
Itamarati - AM,1301951,AM,Norte,0.3806786258848465,Moderado,74.47,82.76,0,80.0,-0.46000000000000085,Meta ja atingida,1
Santa Rita - MA,2110203,MA,Nordeste,0.3798628490632732,Moderado,59.53,56.53,1,80.0,3.9116666666666666,Precisa de ate 2x o ritmo,1
Nova Aliança do Ivaí - PR,4116505,PR,Sul,0.3791162034943129,Moderado,38.1,43.75,1,80.0,6.041666666666667,Precisa de mais de 2x o ritmo,2
Itapororoca - PB,2507101,PB,Nordeste,0.3789030823246273,Moderado,71.75,84.21,0,80.0,-0.7016666666666657,Meta ja atingida,1
Bacuri - MA,2101301,MA,Nordeste,0.37862734383356444,Moderado,67.67,57.55,1,80.0,3.741666666666667,Precisa de ate 2x o ritmo,1
Jaboticaba - RS,4310850,RS,Sul,0.37846519568064807,Moderado,90.57,40.0,1,80.0,6.666666666666667,Precisa de mais de 2x o ritmo,2
Miravânia - MG,3142254,MG,Sudeste,0.37743438735616863,Moderado,44.91,38.92,1,80.0,6.846666666666667,Precisa de mais de 2x o ritmo,1
Maravilha - AL,2704609,AL,Nordeste,0.3755722429061231,Moderado,68.8,74.38,0,80.0,0.9366666666666674,Atinge no ritmo atual,1
Peritoró - MA,2108454,MA,Nordeste,0.3755722429061231,Moderado,57.3,70.53,0,80.0,1.5783333333333331,Atinge no ritmo atual,1
Santa Rosa do Sul - SC,4215653,SC,Sul,0.37459170966020283,Moderado,57.51,73.62,0,80.0,1.0633333333333326,Atinge no ritmo atual,2
Naviraí - MS,5005707,MS,Centro-Oeste,0.3741392632232551,Moderado,60.27,59.87,1,80.0,3.3550000000000004,Precisa de ate 2x o ritmo,0
Bom Conselho - PE,2602100,PE,Nordeste,0.37352096085484104,Moderado,59.98,60.74,0,80.0,3.2099999999999995,Precisa de ate 2x o ritmo,1
Cariacica - ES,3201308,ES,Sudeste,0.3732622499938842,Moderado,57.19,64.57,0,80.0,2.5716666666666677,Precisa de ate 2x o ritmo,0
Sarandi - PR,4126256,PR,Sul,0.3721304700028104,Moderado,57.98,56.55,1,80.0,3.9083333333333337,Precisa de ate 2x o ritmo,0
Altamira do Maranhão - MA,2100402,MA,Nordeste,0.3704617705343658,Moderado,90.52,73.02,0,80.0,1.163333333333334,Atinge no ritmo atual,1
Fronteira dos Vales - MG,3127057,MG,Sudeste,0.3704617705343658,Moderado,34.8,65.19,0,80.0,2.4683333333333337,Atinge no ritmo atual,1
Satubinha - MA,2111722,MA,Nordeste,0.3704617705343658,Moderado,100.0,79.32,0,80.0,0.11333333333333447,Atinge no ritmo atual,1
Nova Roma - GO,5214903,GO,Centro-Oeste,0.3704617705343658,Moderado,61.29,71.43,0,80.0,1.4283333333333321,Atinge no ritmo atual,2
São Carlos - SP,3548906,SP,Sudeste,0.3694280664545776,Moderado,54.13,61.87,0,80.0,3.021666666666667,Precisa de ate 2x o ritmo,0
Ipiranga do Sul - RS,4310462,RS,Sul,0.36890387059335483,Moderado,82.35,44.4,1,80.0,5.933333333333334,Precisa de mais de 2x o ritmo,2
Pindaí - BA,2924504,BA,Nordeste,0.3681925612248688,Moderado,71.04,38.33,1,80.0,6.945,Precisa de mais de 2x o ritmo,1
Campos Novos - SC,4203600,SC,Sul,0.3681925612248688,Moderado,61.52,63.67,0,80.0,2.7216666666666662,Precisa de ate 2x o ritmo,0
Timbó Grande - SC,4218251,SC,Sul,0.3681925612248688,Moderado,57.76,38.62,1,,,Sem meta definida,2
Itaiópolis - SC,4208104,SC,Sul,0.3681925612248688,Moderado,60.94,55.99,1,80.0,4.001666666666666,Precisa de ate 2x o ritmo,2
Vicentina - MS,5008404,MS,Centro-Oeste,0.36741080196399345,Moderado,63.33,54.36,1,80.0,4.273333333333333,Precisa de ate 2x o ritmo,2
Palmópolis - MG,3146750,MG,Sudeste,0.3671880753799943,Moderado,48.58,70.64,0,80.0,1.5599999999999998,Atinge no ritmo atual,1
São Vendelino - RS,4319752,RS,Sul,0.36715731636784266,Moderado,94.12,41.9,1,80.0,6.3500000000000005,Precisa de mais de 2x o ritmo,2
Riacho dos Cavalos - PB,2512804,PB,Nordeste,0.3666025273574789,Moderado,69.19,44.22,1,80.0,5.963333333333334,Precisa de mais de 2x o ritmo,1
Almenara - MG,3101706,MG,Sudeste,0.36618350524058324,Moderado,39.24,55.06,1,80.0,4.156666666666666,Precisa de ate 2x o ritmo,1
Cidade Ocidental - GO,5205497,GO,Centro-Oeste,0.3650883369504059,Moderado,51.3,61.82,0,80.0,3.03,Precisa de ate 2x o ritmo,0
Combinado - TO,1705557,TO,Norte,0.3650883369504059,Moderado,62.09,56.14,1,80.0,3.9766666666666666,Precisa de ate 2x o ritmo,2
Novo Mundo - MT,5106265,MT,Centro-Oeste,0.36498872178062436,Moderado,53.62,67.67,0,80.0,2.0549999999999997,Atinge no ritmo atual,2
Caridade do Piauí - PI,2202554,PI,Nordeste,0.36481496110096456,Moderado,61.42,58.14,1,80.0,3.643333333333333,Precisa de ate 2x o ritmo,1
Tamboril do Piauí - PI,2210953,PI,Nordeste,0.3645469442837864,Moderado,68.75,65.11,0,80.0,2.481666666666667,Atinge no ritmo atual,1
Flórida - PR,4108106,PR,Sul,0.3630861782461454,Moderado,62.81,78.57,0,80.0,0.23833333333333448,Atinge no ritmo atual,2
Cidelândia - MA,2103257,MA,Nordeste,0.3628381358771156,Moderado,66.44,86.24,0,80.0,-1.0399999999999991,Meta ja atingida,1
Casca - RS,4304903,RS,Sul,0.36178523857040656,Moderado,81.43,77.3,0,80.0,0.45000000000000046,Atinge no ritmo atual,2
Água Boa - MT,5100201,MT,Centro-Oeste,0.36178523857040656,Moderado,59.1,79.49,0,80.0,0.08500000000000085,Atinge no ritmo atual,0
Novo São Joaquim - MT,5106281,MT,Centro-Oeste,0.36178523857040656,Moderado,61.2,94.16,0,80.0,-2.3599999999999994,Meta ja atingida,2
Lacerdópolis - SC,4209201,SC,Sul,0.3609523809523809,Moderado,70.0,75.0,0,80.0,0.8333333333333334,Atinge no ritmo atual,2
Carnaúba dos Dantas - RN,2402402,RN,Nordeste,0.36075409758295973,Moderado,65.52,29.88,1,80.0,8.353333333333333,Precisa de mais de 2x o ritmo,2
Tanguá - RJ,3305752,RJ,Sudeste,0.3599114064230343,Moderado,55.41,54.46,1,80.0,4.256666666666667,Precisa de ate 2x o ritmo,0
Pinhão - PR,4119301,PR,Sul,0.35968864468864475,Moderado,61.89,61.33,0,80.0,3.111666666666667,Precisa de ate 2x o ritmo,2
Rio dos Cedros - SC,4214706,SC,Sul,0.35928726274583195,Moderado,60.74,68.59,0,80.0,1.9016666666666662,Atinge no ritmo atual,2
Aripuanã - MT,5101407,MT,Centro-Oeste,0.35909246011263424,Moderado,60.16,61.83,0,80.0,3.0283333333333338,Precisa de ate 2x o ritmo,2
Colombo - PR,4105805,PR,Sul,0.3589424788916898,Moderado,64.92,60.67,0,80.0,3.2216666666666662,Precisa de ate 2x o ritmo,0
Sinop - MT,5107909,MT,Centro-Oeste,0.35867947460624805,Moderado,55.53,54.01,1,80.0,4.331666666666667,Precisa de ate 2x o ritmo,0
Doutor Maurício Cardoso - RS,4306734,RS,Sul,0.35862220971666614,Moderado,76.88,63.3,0,80.0,2.7833333333333337,Precisa de ate 2x o ritmo,2
Nova Candelária - RS,4313011,RS,Sul,0.35862220971666614,Moderado,90.91,60.0,0,80.0,3.3333333333333335,Precisa de ate 2x o ritmo,2
Corumbiara - RO,1100072,RO,Norte,0.35842618621688394,Moderado,58.2,72.68,0,80.0,1.2199999999999989,Atinge no ritmo atual,2
São João - PE,2613206,PE,Nordeste,0.35784296692695877,Moderado,60.81,54.47,1,80.0,4.255,Precisa de ate 2x o ritmo,1
Mato Rico - PR,4115739,PR,Sul,0.35784296692695877,Moderado,70.01,92.5,0,,,Sem meta definida,2
São Brás - AL,2708204,AL,Nordeste,0.3570952301699467,Moderado,67.19,70.72,0,80.0,1.5466666666666669,Atinge no ritmo atual,1
Tuparendi - RS,4322301,RS,Sul,0.3561760562486515,Moderado,88.1,53.0,1,80.0,4.5,Precisa de ate 2x o ritmo,2
Rio Acima - MG,3154804,MG,Sudeste,0.35545671557295844,Moderado,40.74,72.91,0,80.0,1.1816666666666673,Atinge no ritmo atual,2
Capitão Gervásio Oliveira - PI,2202455,PI,Nordeste,0.35421463094626515,Moderado,65.3,77.36,0,80.0,0.4400000000000001,Atinge no ritmo atual,1
Cláudia - MT,5103056,MT,Centro-Oeste,0.35409678041256987,Moderado,51.33,66.28,0,80.0,2.2866666666666666,Atinge no ritmo atual,2
Envira - AM,1301506,AM,Norte,0.3540067331011265,Moderado,72.93,42.34,1,80.0,6.276666666666666,Precisa de mais de 2x o ritmo,1
Ribeirão Cascalheira - MT,5107180,MT,Centro-Oeste,0.35398607713391084,Moderado,63.42,70.87,0,80.0,1.5216666666666658,Atinge no ritmo atual,2
Iporã - PR,4110607,PR,Sul,0.3536366246443766,Moderado,64.15,68.95,0,80.0,1.8416666666666661,Atinge no ritmo atual,2
Dom Macedo Costa - BA,2910206,BA,Nordeste,0.3527694628420581,Moderado,85.87,52.38,1,80.0,4.603333333333333,Precisa de ate 2x o ritmo,1
Água Preta - PE,2600401,PE,Nordeste,0.35026510950946604,Moderado,61.14,55.57,1,80.0,4.071666666666666,Precisa de ate 2x o ritmo,1
Apiacás - MT,5100805,MT,Centro-Oeste,0.35018341486385596,Moderado,58.01,74.17,0,80.0,0.9716666666666663,Atinge no ritmo atual,2
Pajeú do Piauí - PI,2207355,PI,Nordeste,0.34921066979914445,Moderado,66.01,64.0,0,80.0,2.6666666666666665,Precisa de ate 2x o ritmo,1
Nova Maringá - MT,5108907,MT,Centro-Oeste,0.3491849802794367,Moderado,61.75,62.38,0,80.0,2.936666666666666,Precisa de ate 2x o ritmo,2
Poté - MG,3152402,MG,Sudeste,0.34826803292298203,Moderado,42.92,69.67,0,80.0,1.7216666666666665,Atinge no ritmo atual,1
Correia Pinto - SC,4204558,SC,Sul,0.34826803292298203,Moderado,60.3,56.97,1,80.0,3.8383333333333334,Precisa de ate 2x o ritmo,2
Pouso Redondo - SC,4213708,SC,Sul,0.3481096973202237,Moderado,64.29,63.51,0,80.0,2.7483333333333335,Precisa de ate 2x o ritmo,2
Alpercata - MG,3101805,MG,Sudeste,0.3481096973202237,Moderado,46.13,70.83,0,80.0,1.5283333333333335,Atinge no ritmo atual,2
Nova Roma do Sul - RS,4313359,RS,Sul,0.34605972643708494,Moderado,82.57,83.3,0,80.0,-0.5499999999999995,Meta ja atingida,2
Mococa - SP,3530508,SP,Sudeste,0.3455891402800809,Moderado,52.99,70.42,0,80.0,1.5966666666666665,Atinge no ritmo atual,0
Alto Alegre dos Parecis - RO,1100379,RO,Norte,0.3444877445603398,Moderado,69.52,79.54,0,80.0,0.07666666666666562,Atinge no ritmo atual,2
Pinhais - PR,4119152,PR,Sul,0.34400844438580286,Moderado,62.74,57.37,1,80.0,3.771666666666667,Precisa de ate 2x o ritmo,0
Teresópolis - RJ,3305802,RJ,Sudeste,0.3439328499369483,Moderado,59.73,64.17,0,80.0,2.638333333333333,Precisa de ate 2x o ritmo,0
Porto de Moz - PA,1505908,PA,Norte,0.3438709706176009,Moderado,72.52,81.16,0,80.0,-0.19333333333333277,Meta ja atingida,1
Abatiá - PR,4100103,PR,Sul,0.3438709706176009,Moderado,56.08,57.74,1,80.0,3.7099999999999995,Precisa de ate 2x o ritmo,2
Formoso - MG,3126208,MG,Sudeste,0.3438709706176009,Moderado,62.46,80.63,0,80.0,-0.10499999999999925,Meta ja atingida,2
Seringueiras - RO,1101500,RO,Norte,0.3438709706176009,Moderado,63.02,66.06,0,80.0,2.323333333333333,Atinge no ritmo atual,2
Anori - AM,1300102,AM,Norte,0.3438709706176009,Moderado,74.08,75.32,0,80.0,0.7800000000000011,Atinge no ritmo atual,1
Mirante da Serra - RO,1101302,RO,Norte,0.3438709706176009,Moderado,59.21,73.82,0,80.0,1.0300000000000011,Atinge no ritmo atual,2
Cataguases - MG,3115300,MG,Sudeste,0.34303777212176395,Moderado,38.01,64.07,0,80.0,2.655000000000001,Precisa de ate 2x o ritmo,0
Recife - PE,2611606,PE,Nordeste,0.3427275337352857,Moderado,62.54,54.55,1,80.0,4.241666666666667,Precisa de ate 2x o ritmo,0
Alto Alegre do Maranhão - MA,2100436,MA,Nordeste,0.3426419704326681,Moderado,70.23,51.5,1,80.0,4.75,Precisa de ate 2x o ritmo,1
Novo Aripuanã - AM,1303304,AM,Norte,0.342431224347875,Moderado,78.15,53.12,1,80.0,4.48,Precisa de ate 2x o ritmo,1
Imaruí - SC,4207205,SC,Sul,0.34225724739656627,Moderado,63.66,44.12,1,80.0,5.98,Precisa de mais de 2x o ritmo,2
Bom Sucesso - PR,4103206,PR,Sul,0.3418607102685198,Moderado,53.53,72.9,0,80.0,1.1833333333333325,Atinge no ritmo atual,2
Licínio de Almeida - BA,2919405,BA,Nordeste,0.34043841961423316,Moderado,75.0,65.48,0,80.0,2.4199999999999995,Atinge no ritmo atual,1
Comodoro - MT,5103304,MT,Centro-Oeste,0.34037951820092427,Moderado,57.77,47.59,1,80.0,5.401666666666666,Precisa de mais de 2x o ritmo,2
Bom Jesus do Itabapoana - RJ,3300605,RJ,Sudeste,0.3398254686489981,Moderado,57.91,70.64,0,80.0,1.5599999999999998,Atinge no ritmo atual,0
Morros - MA,2107100,MA,Nordeste,0.3390721122694501,Moderado,94.83,66.98,0,80.0,2.1699999999999995,Atinge no ritmo atual,1
Guaraqueçaba - PR,4109500,PR,Sul,0.3370260747004933,Moderado,70.13,57.18,1,80.0,3.8033333333333332,Precisa de ate 2x o ritmo,1
Cristália - MG,3120300,MG,Sudeste,0.3369976246321641,Moderado,26.36,54.17,1,80.0,4.305,Precisa de ate 2x o ritmo,1
União do Sul - MT,5108303,MT,Centro-Oeste,0.33675432728979643,Moderado,60.38,68.93,0,80.0,1.8449999999999989,Atinge no ritmo atual,2
Campina das Missões - RS,4303707,RS,Sul,0.3360859004640099,Moderado,91.99,50.3,1,80.0,4.95,Precisa de ate 2x o ritmo,2
São Mateus do Maranhão - MA,2111508,MA,Nordeste,0.335021150160469,Moderado,64.56,66.16,0,80.0,2.306666666666667,Atinge no ritmo atual,1
Salgadinho - PB,2513000,PB,Nordeste,0.333729733808909,Moderado,72.73,83.93,0,80.0,-0.6550000000000011,Meta ja atingida,1
Salto da Divisa - MG,3157104,MG,Sudeste,0.33360311347474375,Moderado,43.75,59.15,1,80.0,3.475,Precisa de ate 2x o ritmo,1
Bertolínia - PI,2201705,PI,Nordeste,0.3335736617771072,Moderado,59.48,43.42,1,80.0,6.096666666666667,Precisa de mais de 2x o ritmo,1
Ipumirim - SC,4207700,SC,Sul,0.3335736617771072,Moderado,53.96,62.84,0,80.0,2.8599999999999994,Precisa de ate 2x o ritmo,2
Nova Nazaré - MT,5106174,MT,Centro-Oeste,0.3335736617771072,Moderado,45.8,85.25,0,80.0,-0.875,Meta ja atingida,1
Itaporã - MS,5004502,MS,Centro-Oeste,0.33326224999388415,Moderado,68.46,54.29,1,80.0,4.285,Precisa de ate 2x o ritmo,2
Chapada Gaúcha - MG,3116159,MG,Sudeste,0.3331927129114447,Moderado,48.19,69.39,0,80.0,1.7683333333333333,Atinge no ritmo atual,2
Buritizeiro - MG,3109402,MG,Sudeste,0.33296145883102407,Moderado,37.7,62.63,0,80.0,2.8949999999999996,Precisa de ate 2x o ritmo,2
Tabaporã - MT,5107941,MT,Centro-Oeste,0.332128681212673,Moderado,51.43,62.36,0,80.0,2.94,Precisa de ate 2x o ritmo,2
Arapuã - PR,4101655,PR,Sul,0.33211626394506133,Moderado,54.39,76.31,0,80.0,0.6149999999999997,Atinge no ritmo atual,2
Água Doce - SC,4200408,SC,Sul,0.3313328776486671,Moderado,64.75,72.41,0,80.0,1.2650000000000006,Atinge no ritmo atual,2
Honório Serpa - PR,4109658,PR,Sul,0.3311573163678427,Moderado,55.98,73.2,0,80.0,1.1333333333333329,Atinge no ritmo atual,2
São João do Itaperiú - SC,4216354,SC,Sul,0.3311573163678427,Moderado,55.09,64.01,0,80.0,2.664999999999999,Precisa de ate 2x o ritmo,2
Cordilheira Alta - SC,4204350,SC,Sul,0.33110123919534756,Moderado,54.76,65.36,0,80.0,2.44,Atinge no ritmo atual,2
Brunópolis - SC,4202875,SC,Sul,0.330767720689502,Moderado,43.27,74.41,0,80.0,0.9316666666666672,Atinge no ritmo atual,2
Fênix - PR,4107702,PR,Sul,0.33075247447587874,Moderado,65.16,61.86,0,80.0,3.0233333333333334,Precisa de ate 2x o ritmo,2
Acopiara - CE,2300309,CE,Nordeste,0.3301609793715057,Moderado,62.63,64.59,0,80.0,2.568333333333333,Precisa de ate 2x o ritmo,1
Serraria - PB,2515906,PB,Nordeste,0.33008848666572854,Moderado,83.64,74.71,0,80.0,0.8816666666666677,Atinge no ritmo atual,1
Anita Garibaldi - SC,4201000,SC,Sul,0.32961871461871467,Moderado,61.46,78.85,0,80.0,0.19166666666666762,Atinge no ritmo atual,2
Santo Amaro da Imperatriz - SC,4215703,SC,Sul,0.3296005996108117,Moderado,60.62,62.84,0,80.0,2.8599999999999994,Precisa de ate 2x o ritmo,0
Nova Marilândia - MT,5108857,MT,Centro-Oeste,0.3291902990626395,Moderado,44.14,80.62,0,80.0,-0.1033333333333341,Meta ja atingida,2
Matias Cardoso - MG,3140852,MG,Sudeste,0.32797787099029335,Moderado,37.68,31.08,1,80.0,8.153333333333334,Precisa de mais de 2x o ritmo,1
Passos Maia - SC,4212270,SC,Sul,0.3276748821447775,Moderado,64.91,68.75,0,80.0,1.875,Atinge no ritmo atual,2
Carrapateira - PB,2504108,PB,Nordeste,0.3276748821447775,Moderado,68.95,91.67,0,80.0,-1.9450000000000003,Meta ja atingida,1
Boa Vista do Buricá - RS,4302204,RS,Sul,0.327166339122645,Moderado,83.45,67.3,0,80.0,2.116666666666667,Atinge no ritmo atual,2
Ilicínea - MG,3130507,MG,Sudeste,0.32709933745303604,Moderado,45.97,65.15,0,80.0,2.474999999999999,Atinge no ritmo atual,2
Iraí - RS,4310504,RS,Sul,0.3267860245309294,Moderado,76.37,59.4,1,80.0,3.4333333333333336,Precisa de ate 2x o ritmo,2
Sumidouro - RJ,3305703,RJ,Sudeste,0.326649691771643,Moderado,61.17,75.43,0,80.0,0.7616666666666655,Atinge no ritmo atual,2
Alfredo Wagner - SC,4200705,SC,Sul,0.3263062121230297,Moderado,53.35,46.43,1,,,Sem meta definida,2
Raposa - MA,2109452,MA,Nordeste,0.325939177438283,Moderado,68.06,48.35,1,80.0,5.2749999999999995,Precisa de mais de 2x o ritmo,1
Ribeirão - PE,2611804,PE,Nordeste,0.32517178362573096,Moderado,61.57,65.68,0,80.0,2.3866666666666654,Atinge no ritmo atual,1
Santo Antônio do Leste - MT,5107792,MT,Centro-Oeste,0.3249821036870052,Moderado,65.25,75.82,0,80.0,0.6966666666666678,Atinge no ritmo atual,2
Miguel Pereira - RJ,3302908,RJ,Sudeste,0.3243867908407382,Moderado,57.4,70.49,0,80.0,1.5850000000000009,Atinge no ritmo atual,0
Pingo-d'Água - MG,3150539,MG,Sudeste,0.32408391608391607,Moderado,34.7,81.43,0,80.0,-0.23833333333333448,Meta ja atingida,2
Ipuaçu - SC,4207684,SC,Sul,0.32215159667531384,Moderado,59.49,77.74,0,80.0,0.37666666666666754,Atinge no ritmo atual,2
Rio Tinto - PB,2512903,PB,Nordeste,0.32164874839537866,Moderado,72.16,46.3,1,80.0,5.616666666666667,Precisa de mais de 2x o ritmo,1
São José do Cerrito - SC,4216800,SC,Sul,0.32042071963124596,Moderado,66.81,59.02,1,80.0,3.496666666666666,Precisa de ate 2x o ritmo,2
Águas de Chapecó - SC,4200507,SC,Sul,0.31959082546558093,Moderado,66.08,66.39,0,80.0,2.268333333333333,Atinge no ritmo atual,2
Monte Castelo - SC,4211108,SC,Sul,0.31926037432886745,Moderado,66.56,53.91,1,80.0,4.348333333333334,Precisa de ate 2x o ritmo,2
Forquilhinha - SC,4205456,SC,Sul,0.3191586534282608,Moderado,58.33,63.24,0,80.0,2.793333333333333,Precisa de ate 2x o ritmo,0
Santa Clara do Sul - RS,4316758,RS,Sul,0.3180397672502936,Moderado,90.91,47.3,1,80.0,5.45,Precisa de mais de 2x o ritmo,2
Miraguaí - RS,4312302,RS,Sul,0.3180397672502936,Moderado,79.36,46.8,1,80.0,5.533333333333334,Precisa de mais de 2x o ritmo,2
Douradina - PR,4107256,PR,Sul,0.3180397672502936,Moderado,50.3,68.96,0,80.0,1.840000000000001,Atinge no ritmo atual,2
Sapucaia - PA,1507755,PA,Norte,0.31757757348581517,Moderado,79.88,71.84,0,80.0,1.3599999999999994,Atinge no ritmo atual,1
Pintópolis - MG,3150570,MG,Sudeste,0.31727298828074024,Moderado,46.0,64.82,0,80.0,2.530000000000001,Atinge no ritmo atual,1
Santo Antônio da Platina - PR,4124103,PR,Sul,0.31539411551985375,Moderado,60.4,55.04,1,80.0,4.16,Precisa de ate 2x o ritmo,0
Jardim Alegre - PR,4112504,PR,Sul,0.31539411551985375,Moderado,61.2,77.74,0,80.0,0.37666666666666754,Atinge no ritmo atual,2
Socorro do Piauí - PI,2210904,PI,Nordeste,0.3151963732861566,Moderado,68.44,30.86,1,80.0,8.19,Precisa de mais de 2x o ritmo,1
Francisco Sá - MG,3126703,MG,Sudeste,0.31491017677974203,Moderado,46.5,43.35,1,80.0,6.108333333333333,Precisa de mais de 2x o ritmo,1
Ribeirãozinho - MT,5107198,MT,Centro-Oeste,0.31491017677974203,Moderado,48.96,52.72,1,80.0,4.546666666666667,Precisa de ate 2x o ritmo,2
Santo Antônio do Retiro - MG,3160454,MG,Sudeste,0.31491017677974203,Moderado,78.11,65.69,0,80.0,2.3850000000000002,Atinge no ritmo atual,1
Alvorada de Minas - MG,3102407,MG,Sudeste,0.314379800728175,Moderado,29.0,66.15,0,80.0,2.3083333333333322,Atinge no ritmo atual,1
Campinas - SP,3509502,SP,Sudeste,0.3139548906865249,Moderado,54.88,65.69,0,80.0,2.3850000000000002,Atinge no ritmo atual,0
Petrolina - PE,2611101,PE,Nordeste,0.31393023458648794,Moderado,66.17,70.25,0,80.0,1.625,Atinge no ritmo atual,0
São José dos Pinhais - PR,4125506,PR,Sul,0.3138000935234978,Moderado,67.19,64.3,0,80.0,2.616666666666667,Precisa de ate 2x o ritmo,0
Esperantina - PI,2203701,PI,Nordeste,0.313710407239819,Moderado,56.99,73.13,0,80.0,1.1450000000000007,Atinge no ritmo atual,1
Campo Verde - MT,5102678,MT,Centro-Oeste,0.3136491334752204,Moderado,55.19,64.36,0,80.0,2.606666666666667,Precisa de ate 2x o ritmo,0
Aroazes - PI,2200905,PI,Nordeste,0.3135755092891436,Moderado,57.69,30.0,1,80.0,8.333333333333334,Precisa de mais de 2x o ritmo,1
Olho D'Água do Piauí - PI,2207108,PI,Nordeste,0.31334080242479423,Moderado,62.5,85.71,0,80.0,-0.9516666666666657,Meta ja atingida,1
Painel - SC,4211892,SC,Sul,0.31334080242479423,Moderado,63.96,46.38,1,,,Sem meta definida,2
Presidente Kennedy - TO,1718402,TO,Norte,0.31331576902940333,Moderado,69.46,57.83,1,80.0,3.6950000000000003,Precisa de ate 2x o ritmo,2
Beneditinos - PI,2201606,PI,Nordeste,0.31331576902940333,Moderado,77.58,68.49,0,80.0,1.9183333333333341,Atinge no ritmo atual,1
Terezinha - PE,2615102,PE,Nordeste,0.311861796485902,Moderado,68.26,76.08,0,80.0,0.6533333333333337,Atinge no ritmo atual,1
Cabo Frio - RJ,3300704,RJ,Sudeste,0.31026917464728415,Moderado,54.58,55.08,1,80.0,4.153333333333333,Precisa de ate 2x o ritmo,0
Joaíma - MG,3136009,MG,Sudeste,0.31006105953845847,Moderado,48.77,61.92,0,80.0,3.013333333333333,Precisa de ate 2x o ritmo,1
Papagaios - MG,3146909,MG,Sudeste,0.30951451447248635,Moderado,47.1,89.24,0,80.0,-1.5399999999999991,Meta ja atingida,2
Nova Aurora - GO,5214804,GO,Centro-Oeste,0.30930049838840257,Moderado,14.29,84.21,0,80.0,-0.7016666666666657,Meta ja atingida,2
Gaspar - SC,4205902,SC,Sul,0.30853895564527684,Moderado,64.47,65.16,0,,,Sem meta definida,0
Lunardelli - PR,4113759,PR,Sul,0.3084234341509884,Moderado,57.46,70.4,0,80.0,1.599999999999999,Atinge no ritmo atual,2
Couto de Magalhães de Minas - MG,3120102,MG,Sudeste,0.3071152807373384,Moderado,48.47,77.52,0,80.0,0.413333333333334,Atinge no ritmo atual,2
Mariluz - PR,4115101,PR,Sul,0.3071062271062271,Moderado,62.44,52.21,1,80.0,4.631666666666667,Precisa de ate 2x o ritmo,2
Ferreira Gomes - AP,1600238,AP,Norte,0.3071062271062271,Moderado,67.91,72.09,0,80.0,1.3183333333333327,Atinge no ritmo atual,2
Apiúna - SC,4201257,SC,Sul,0.30680266426740177,Moderado,62.19,70.88,0,80.0,1.5200000000000007,Atinge no ritmo atual,2
Paraibano - MA,2107704,MA,Nordeste,0.3066741357581276,Moderado,78.85,74.65,0,80.0,0.8916666666666657,Atinge no ritmo atual,1
Rondinha - RS,4316204,RS,Sul,0.3066741357581276,Moderado,90.51,75.3,0,80.0,0.7833333333333338,Atinge no ritmo atual,2
Zortéa - SC,4219853,SC,Sul,0.30400543977959876,Moderado,65.06,57.58,1,80.0,3.736666666666667,Precisa de ate 2x o ritmo,2
Jangada - MT,5104906,MT,Centro-Oeste,0.30381215231285363,Moderado,59.21,54.87,1,80.0,4.1883333333333335,Precisa de ate 2x o ritmo,1
Ouro Verde - SC,4211850,SC,Sul,0.3037540529645793,Moderado,44.56,66.67,0,80.0,2.2216666666666662,Atinge no ritmo atual,2
Paranapoema - PR,4118303,PR,Sul,0.3037540529645793,Moderado,59.18,61.71,0,80.0,3.0483333333333333,Precisa de ate 2x o ritmo,2
Governador Nunes Freire - MA,2104677,MA,Nordeste,0.3030527369873182,Moderado,76.23,60.92,0,80.0,3.1799999999999997,Precisa de ate 2x o ritmo,1
São Valentim - RS,4319703,RS,Sul,0.3027525671306766,Moderado,91.76,48.5,1,80.0,5.25,Precisa de mais de 2x o ritmo,2
São José - SC,4216602,SC,Sul,0.30251831361277,Moderado,62.59,56.36,1,,,Sem meta definida,0
Areal - RJ,3300225,RJ,Sudeste,0.3017926276621929,Moderado,62.45,63.64,0,80.0,2.7266666666666666,Precisa de ate 2x o ritmo,2
Carmésia - MG,3113800,MG,Sudeste,0.3017926276621929,Moderado,29.75,62.5,0,80.0,2.9166666666666665,Precisa de ate 2x o ritmo,2
Corupá - SC,4204509,SC,Sul,0.3010873862979126,Moderado,61.16,79.7,0,80.0,0.049999999999999524,Atinge no ritmo atual,0
Presidente Nereu - SC,4214102,SC,Sul,0.3010873862979126,Moderado,51.67,58.33,1,80.0,3.611666666666667,Precisa de ate 2x o ritmo,2
Tumiritinga - MG,3169505,MG,Sudeste,0.3010873862979126,Moderado,45.36,74.58,0,80.0,0.9033333333333337,Atinge no ritmo atual,2
Terra Nova do Norte - MT,5108055,MT,Centro-Oeste,0.3010873862979126,Moderado,58.72,61.14,0,80.0,3.143333333333333,Precisa de ate 2x o ritmo,2
Pontal do Araguaia - MT,5106653,MT,Centro-Oeste,0.3010873862979126,Moderado,69.67,51.2,1,80.0,4.8,Precisa de ate 2x o ritmo,2
Dionísio Cerqueira - SC,4205001,SC,Sul,0.3010873862979126,Moderado,59.86,69.14,0,80.0,1.8099999999999998,Atinge no ritmo atual,2
Sapezal - MT,5107875,MT,Centro-Oeste,0.3010873862979126,Moderado,69.76,84.38,0,80.0,-0.7299999999999992,Meta ja atingida,0
Pedra Preta - MT,5106372,MT,Centro-Oeste,0.3003326723434934,Moderado,56.73,65.1,0,80.0,2.4833333333333343,Atinge no ritmo atual,2
Porangatu - GO,5218003,GO,Centro-Oeste,0.3003326723434934,Moderado,51.66,49.92,1,80.0,5.013333333333333,Precisa de ate 2x o ritmo,0
Sombrio - SC,4217709,SC,Sul,0.3002461433365732,Moderado,65.75,52.23,1,80.0,4.628333333333334,Precisa de ate 2x o ritmo,0
Cacique Doble - RS,4303202,RS,Sul,0.2998579490684754,Moderado,88.64,58.2,1,80.0,3.633333333333333,Precisa de ate 2x o ritmo,2
Campo Erê - SC,4203501,SC,Sul,0.29943168350518484,Moderado,60.89,48.28,1,80.0,5.286666666666666,Precisa de mais de 2x o ritmo,2
Passagem Franca do Piauí - PI,2207751,PI,Nordeste,0.29893203994889506,Moderado,100.0,64.51,0,80.0,2.5816666666666657,Precisa de ate 2x o ritmo,1
Terenos - MS,5008008,MS,Centro-Oeste,0.29818847818847816,Moderado,56.94,49.64,1,80.0,5.06,Precisa de ate 2x o ritmo,2
Francisco Dumont - MG,3126604,MG,Sudeste,0.29818847818847816,Moderado,31.48,37.5,1,80.0,7.083333333333333,Precisa de mais de 2x o ritmo,2
Mamonas - MG,3139250,MG,Sudeste,0.2981623656757392,Moderado,40.12,65.94,0,80.0,2.3433333333333337,Atinge no ritmo atual,1
Brusque - SC,4202909,SC,Sul,0.29802620086559184,Moderado,65.9,65.9,0,80.0,2.349999999999999,Atinge no ritmo atual,0
Jataizinho - PR,4112702,PR,Sul,0.2972043039509342,Moderado,62.4,60.93,0,80.0,3.1783333333333332,Precisa de ate 2x o ritmo,2
Querência - MT,5107065,MT,Centro-Oeste,0.2972043039509342,Moderado,57.84,74.18,0,80.0,0.9699999999999989,Atinge no ritmo atual,2
Paranaíta - MT,5106299,MT,Centro-Oeste,0.29641110371604246,Moderado,60.69,79.7,0,80.0,0.049999999999999524,Atinge no ritmo atual,2
Chácara - MG,3115904,MG,Sudeste,0.29641110371604246,Moderado,28.81,44.9,1,80.0,5.8500000000000005,Precisa de mais de 2x o ritmo,2
São Félix do Tocantins - TO,1720150,TO,Norte,0.29628002013232485,Moderado,83.33,61.9,0,80.0,3.016666666666667,Precisa de ate 2x o ritmo,1
Siderópolis - SC,4217600,SC,Sul,0.2959670909606725,Moderado,62.3,56.07,1,80.0,3.9883333333333333,Precisa de ate 2x o ritmo,0
Pinheiro Preto - SC,4213005,SC,Sul,0.2954695872179669,Moderado,59.28,79.31,0,80.0,0.11499999999999962,Atinge no ritmo atual,2
Piedade do Rio Grande - MG,3150307,MG,Sudeste,0.2954695872179669,Moderado,29.38,63.16,0,80.0,2.806666666666667,Precisa de ate 2x o ritmo,2
Marcelândia - MT,5105580,MT,Centro-Oeste,0.2954695872179669,Moderado,62.31,65.36,0,80.0,2.44,Atinge no ritmo atual,2
Itacarambi - MG,3132107,MG,Sudeste,0.2954695872179669,Moderado,43.57,69.5,0,80.0,1.75,Atinge no ritmo atual,1
Tapurah - MT,5108006,MT,Centro-Oeste,0.2954695872179669,Moderado,55.92,68.81,0,80.0,1.8649999999999995,Atinge no ritmo atual,2
Santana de Pirapama - MG,3158508,MG,Sudeste,0.2953187457314337,Moderado,53.2,64.47,0,80.0,2.5883333333333334,Precisa de ate 2x o ritmo,2
Nossa Senhora do Livramento - MT,5106109,MT,Centro-Oeste,0.2917866062956968,Moderado,68.42,80.17,0,80.0,-0.028333333333333616,Meta ja atingida,2
Novo Airão - AM,1303205,AM,Norte,0.28986401988034605,Moderado,75.38,59.26,1,80.0,3.456666666666667,Precisa de ate 2x o ritmo,1
Saloá - PE,2612307,PE,Nordeste,0.2891590037521923,Moderado,58.09,78.66,0,80.0,0.2233333333333339,Atinge no ritmo atual,1
Cantagalo - PR,4104451,PR,Sul,0.2884720916785143,Moderado,65.68,71.81,0,80.0,1.3649999999999995,Atinge no ritmo atual,2
Paulo Lopes - SC,4212304,SC,Sul,0.2878612235748579,Moderado,63.06,40.02,1,80.0,6.663333333333333,Precisa de mais de 2x o ritmo,2
Matinhas - PB,2509339,PB,Nordeste,0.2877143326161902,Moderado,79.28,72.67,0,80.0,1.2216666666666665,Atinge no ritmo atual,1
Brazabrantes - GO,5203609,GO,Centro-Oeste,0.2875069133764786,Moderado,48.93,90.96,0,80.0,-1.8266666666666656,Meta ja atingida,2
Campestre do Maranhão - MA,2102556,MA,Nordeste,0.2867109412964145,Moderado,64.72,61.7,0,80.0,3.0499999999999994,Precisa de ate 2x o ritmo,2
Buritis - MG,3109303,MG,Sudeste,0.28669879827774564,Moderado,51.37,63.51,0,80.0,2.7483333333333335,Precisa de ate 2x o ritmo,2
Lagoa Grande - PE,2608750,PE,Nordeste,0.28647259663386104,Moderado,54.74,67.55,0,80.0,2.0750000000000006,Atinge no ritmo atual,1
Guarantã do Norte - MT,5104104,MT,Centro-Oeste,0.28647259663386104,Moderado,62.14,54.22,1,80.0,4.296666666666667,Precisa de ate 2x o ritmo,0
Centenário do Sul - PR,4105102,PR,Sul,0.28647259663386104,Moderado,54.26,74.15,0,80.0,0.9749999999999991,Atinge no ritmo atual,2
Colorado do Oeste - RO,1100064,RO,Norte,0.28647259663386104,Moderado,62.85,71.69,0,80.0,1.3850000000000005,Atinge no ritmo atual,2
Senhora do Porto - MG,3166105,MG,Sudeste,0.28647259663386104,Moderado,46.56,56.52,1,80.0,3.9133333333333327,Precisa de ate 2x o ritmo,2
Paranaguá - PR,4118204,PR,Sul,0.28647259663386104,Moderado,61.91,61.71,0,80.0,3.0483333333333333,Precisa de ate 2x o ritmo,0
Cafezal do Sul - PR,4103479,PR,Sul,0.28484024670981195,Moderado,55.7,64.76,0,80.0,2.539999999999999,Atinge no ritmo atual,2
Bela Vista do Paraíso - PR,4102802,PR,Sul,0.28484024670981195,Moderado,61.05,54.88,1,80.0,4.1866666666666665,Precisa de ate 2x o ritmo,0
Catanduvas - PR,4105003,PR,Sul,0.28484024670981195,Moderado,66.05,56.16,1,80.0,3.973333333333334,Precisa de ate 2x o ritmo,2
Ipiranga do Norte - MT,5104526,MT,Centro-Oeste,0.28484024670981195,Moderado,61.83,59.46,1,80.0,3.4233333333333333,Precisa de ate 2x o ritmo,2
Guarani de Goiás - GO,5209408,GO,Centro-Oeste,0.2838634054925039,Moderado,32.11,64.58,0,80.0,2.5700000000000003,Precisa de ate 2x o ritmo,1
Landri Sales - PI,2205607,PI,Nordeste,0.2837301634535677,Moderado,97.9,100.0,0,80.0,-3.3333333333333335,Meta ja atingida,1
Tupanatinga - PE,2615805,PE,Nordeste,0.28353929867861755,Moderado,68.57,68.38,0,80.0,1.9366666666666674,Atinge no ritmo atual,1
Doutor Pedrinho - SC,4205159,SC,Sul,0.28353929867861755,Moderado,52.09,79.1,0,80.0,0.15000000000000094,Atinge no ritmo atual,2
Santa Quitéria do Maranhão - MA,2110104,MA,Nordeste,0.28331576902940336,Moderado,89.14,80.19,0,80.0,-0.03166666666666629,Meta ja atingida,1
Porto Franco - MA,2109007,MA,Nordeste,0.2825119867344931,Moderado,58.08,74.09,0,80.0,0.9849999999999994,Atinge no ritmo atual,0
Sulina - PR,4126652,PR,Sul,0.28151976016022373,Moderado,64.36,74.93,0,80.0,0.8449999999999989,Atinge no ritmo atual,2
Bonito - PE,2602308,PE,Nordeste,0.28151976016022373,Moderado,56.71,79.75,0,80.0,0.041666666666666664,Atinge no ritmo atual,1
Itaúba - MT,5104559,MT,Centro-Oeste,0.28151976016022373,Moderado,57.99,67.42,0,80.0,2.0966666666666662,Atinge no ritmo atual,2
Catuji - MG,3115458,MG,Sudeste,0.28084024670981195,Moderado,40.11,67.78,0,80.0,2.0366666666666666,Atinge no ritmo atual,1
Beruri - AM,1300631,AM,Norte,0.28068147538735777,Moderado,90.96,82.53,0,,,Sem meta definida,1
Santa Cruz do Xingu - MT,5107743,MT,Centro-Oeste,0.2804395604395604,Moderado,53.52,73.81,0,80.0,1.0316666666666663,Atinge no ritmo atual,2
Anahy - PR,4101051,PR,Sul,0.2798619857615735,Moderado,62.4,69.97,0,80.0,1.6716666666666669,Atinge no ritmo atual,2
Barão de Melgaço - MT,5101605,MT,Centro-Oeste,0.2783154370203384,Moderado,67.78,52.26,1,80.0,4.623333333333334,Precisa de ate 2x o ritmo,2
Cedral - MA,2103109,MA,Nordeste,0.2783154370203384,Moderado,69.8,66.85,0,80.0,2.1916666666666678,Atinge no ritmo atual,1
Major Vieira - SC,4210308,SC,Sul,0.2775981915327727,Moderado,69.07,74.01,0,80.0,0.9983333333333325,Atinge no ritmo atual,2
Ribeira do Piauí - PI,2208874,PI,Nordeste,0.27706156588509534,Moderado,57.75,54.84,1,80.0,4.1933333333333325,Precisa de ate 2x o ritmo,1
Miranda do Norte - MA,2106755,MA,Nordeste,0.27706156588509534,Moderado,55.15,50.55,1,80.0,4.908333333333334,Precisa de ate 2x o ritmo,1
Rio Negrinho - SC,4215000,SC,Sul,0.2769743056147692,Moderado,61.53,67.56,0,80.0,2.073333333333333,Atinge no ritmo atual,0
São Joaquim do Monte - PE,2613305,PE,Nordeste,0.276889905426538,Moderado,68.5,72.13,0,80.0,1.3116666666666674,Atinge no ritmo atual,1
Mozarlândia - GO,5214002,GO,Centro-Oeste,0.27686924945932234,Moderado,51.21,66.57,0,80.0,2.2383333333333346,Atinge no ritmo atual,2
São Bonifácio - SC,4215901,SC,Sul,0.27646310531375196,Moderado,85.0,73.68,0,,,Sem meta definida,2
Bom Jardim - PE,2602209,PE,Nordeste,0.27620473949100394,Moderado,60.94,69.15,0,80.0,1.8083333333333325,Atinge no ritmo atual,1
Petrópolis - RJ,3303906,RJ,Sudeste,0.2739432814368629,Moderado,62.52,64.81,0,80.0,2.5316666666666663,Atinge no ritmo atual,0
Fazenda Rio Grande - PR,4107652,PR,Sul,0.2735839598997493,Moderado,68.86,64.69,0,80.0,2.551666666666667,Precisa de ate 2x o ritmo,0
Pimenteiras do Oeste - RO,1101468,RO,Norte,0.2733477872761412,Moderado,54.77,57.63,1,80.0,3.728333333333333,Precisa de ate 2x o ritmo,2
Crisólita - MG,3120151,MG,Sudeste,0.2730198246472999,Moderado,52.99,48.66,1,80.0,5.223333333333334,Precisa de mais de 2x o ritmo,1
Imaculada - PB,2506707,PB,Nordeste,0.2727860374919199,Moderado,63.13,42.25,1,80.0,6.291666666666667,Precisa de mais de 2x o ritmo,1
São José do Rio Claro - MT,5107305,MT,Centro-Oeste,0.27235769759245043,Moderado,73.17,60.28,0,80.0,3.2866666666666666,Precisa de ate 2x o ritmo,2
Goiandira - GO,5208509,GO,Centro-Oeste,0.2718837752878508,Moderado,44.66,72.17,0,80.0,1.3049999999999997,Atinge no ritmo atual,2
Campo Novo de Rondônia - RO,1100700,RO,Norte,0.2717745927962646,Moderado,59.32,71.94,0,80.0,1.3433333333333337,Atinge no ritmo atual,1
Morro Grande - SC,4211256,SC,Sul,0.27134086253642586,Moderado,62.17,73.57,0,80.0,1.0716666666666679,Atinge no ritmo atual,2
Cururupu - MA,2103703,MA,Nordeste,0.2712029199060402,Moderado,65.83,66.32,0,80.0,2.280000000000001,Atinge no ritmo atual,1
Cocal do Sul - SC,4204251,SC,Sul,0.27091704107830555,Moderado,63.58,60.6,0,,,Sem meta definida,0
Paquetá - PI,2207553,PI,Nordeste,0.2704825827720757,Moderado,100.0,49.8,1,80.0,5.033333333333334,Precisa de ate 2x o ritmo,1
Araguanã - MA,2100873,MA,Nordeste,0.2704825827720757,Moderado,98.19,91.6,0,80.0,-1.9333333333333325,Meta ja atingida,1
Pontes e Lacerda - MT,5106752,MT,Centro-Oeste,0.27030086507134027,Moderado,65.94,66.49,0,80.0,2.2516666666666674,Atinge no ritmo atual,0
Davinópolis - MA,2103752,MA,Nordeste,0.27010096721667887,Moderado,66.75,69.82,0,80.0,1.6966666666666679,Atinge no ritmo atual,1
Joinville - SC,4209102,SC,Sul,0.2685408034545432,Moderado,65.49,68.58,0,80.0,1.9033333333333335,Atinge no ritmo atual,0
Paudalho - PE,2610608,PE,Nordeste,0.26851833289644234,Moderado,62.99,66.03,0,80.0,2.328333333333333,Atinge no ritmo atual,1
São José dos Cordeiros - PB,2514800,PB,Nordeste,0.2677898043143034,Moderado,80.25,95.24,0,80.0,-2.539999999999999,Meta ja atingida,1
Simão Pereira - MG,3167509,MG,Sudeste,0.2677898043143034,Moderado,8.82,48.25,1,80.0,5.291666666666667,Precisa de mais de 2x o ritmo,2
Ibitiúra de Minas - MG,3129905,MG,Sudeste,0.2677898043143034,Moderado,38.1,78.04,0,80.0,0.3266666666666656,Atinge no ritmo atual,2
Campo Novo do Parecis - MT,5102637,MT,Centro-Oeste,0.2677898043143034,Moderado,60.75,67.19,0,80.0,2.1350000000000002,Atinge no ritmo atual,0
Denise - MT,5103452,MT,Centro-Oeste,0.2677898043143034,Moderado,64.87,83.58,0,80.0,-0.5966666666666663,Meta ja atingida,2
General Carneiro - MT,5103908,MT,Centro-Oeste,0.2675074690914609,Moderado,56.84,66.1,0,80.0,2.3166666666666678,Atinge no ritmo atual,2
Logradouro - PB,2508554,PB,Nordeste,0.26665134536689933,Moderado,80.75,94.6,0,80.0,-2.4333333333333322,Meta ja atingida,1
Mendes - RJ,3302809,RJ,Sudeste,0.2656065798416973,Moderado,58.36,56.89,1,80.0,3.8516666666666666,Precisa de ate 2x o ritmo,0
Monsenhor Gil - PI,2206407,PI,Nordeste,0.26549985883319216,Moderado,60.33,42.48,1,80.0,6.253333333333334,Precisa de mais de 2x o ritmo,1
Boa Vista - PB,2502151,PB,Nordeste,0.2652968600027424,Moderado,68.57,49.49,1,80.0,5.085,Precisa de ate 2x o ritmo,2
Cabeceira Grande - MG,3109451,MG,Sudeste,0.26388578900774023,Moderado,40.49,54.59,1,80.0,4.234999999999999,Precisa de ate 2x o ritmo,2
Tupaciguara - MG,3169604,MG,Sudeste,0.2635859004640099,Moderado,39.03,58.34,1,80.0,3.6099999999999994,Precisa de ate 2x o ritmo,0
Fátima do Sul - MS,5003801,MS,Centro-Oeste,0.2628038628038628,Moderado,60.8,59.59,1,80.0,3.401666666666666,Precisa de ate 2x o ritmo,0
José Gonçalves de Minas - MG,3136520,MG,Sudeste,0.2627567134940012,Moderado,34.09,77.29,0,,,Sem meta definida,2
Presidente Médici - RO,1100254,RO,Norte,0.2625576365058405,Moderado,59.4,67.81,0,80.0,2.0316666666666663,Atinge no ritmo atual,2
Telêmaco Borba - PR,4127106,PR,Sul,0.2625257658605582,Moderado,63.2,61.71,0,80.0,3.0483333333333333,Precisa de ate 2x o ritmo,0
Maria Helena - PR,4114708,PR,Sul,0.2625180422414465,Moderado,64.7,49.96,1,80.0,5.006666666666667,Precisa de ate 2x o ritmo,2
Barra do Garças - MT,5101803,MT,Centro-Oeste,0.26196352666940903,Moderado,61.03,66.68,0,80.0,2.219999999999999,Atinge no ritmo atual,0
Nova Andradina - MS,5006200,MS,Centro-Oeste,0.26068115050898405,Moderado,56.76,69.44,0,80.0,1.7600000000000005,Atinge no ritmo atual,0
Feliz Natal - MT,5103700,MT,Centro-Oeste,0.26060914878634406,Moderado,65.18,51.15,1,80.0,4.808333333333334,Precisa de ate 2x o ritmo,2
Camutanga - PE,2603603,PE,Nordeste,0.2605751441540915,Moderado,56.1,66.81,0,80.0,2.198333333333333,Atinge no ritmo atual,1
Itapirapuã - GO,5211008,GO,Centro-Oeste,0.26007390313746714,Moderado,34.36,73.21,0,80.0,1.1316666666666677,Atinge no ritmo atual,2
Novo Alegre - TO,1715150,TO,Norte,0.25977523236530525,Moderado,71.67,70.33,0,80.0,1.611666666666667,Atinge no ritmo atual,2
Turvo - SC,4218806,SC,Sul,0.25931264813617755,Moderado,65.19,72.95,0,80.0,1.1749999999999996,Atinge no ritmo atual,2
Balneário Piçarras - SC,4212809,SC,Sul,0.25931264813617755,Moderado,61.5,53.84,1,80.0,4.359999999999999,Precisa de ate 2x o ritmo,0
Itaipé - MG,3132305,MG,Sudeste,0.25886622073578597,Moderado,63.67,60.31,0,80.0,3.2816666666666663,Precisa de ate 2x o ritmo,1
Centro do Guilherme - MA,2103158,MA,Nordeste,0.25813842031556705,Moderado,92.92,87.93,0,80.0,-1.3216666666666679,Meta ja atingida,1
Tapiraí - MG,3168200,MG,Sudeste,0.2580984618218661,Moderado,76.47,100.0,0,80.0,-3.3333333333333335,Meta ja atingida,2
Alto Paraíso - RO,1100403,RO,Norte,0.25763141493635366,Moderado,61.53,60.45,0,80.0,3.258333333333333,Precisa de ate 2x o ritmo,2
Padre Paraíso - MG,3146305,MG,Sudeste,0.257614309994611,Moderado,45.96,57.39,1,80.0,3.768333333333333,Precisa de ate 2x o ritmo,1
Colônia do Piauí - PI,2202778,PI,Nordeste,0.257614309994611,Moderado,59.89,42.87,1,80.0,6.1883333333333335,Precisa de mais de 2x o ritmo,1
Itambé do Mato Dentro - MG,3132800,MG,Sudeste,0.255314701897019,Moderado,77.78,83.33,0,80.0,-0.5549999999999997,Meta ja atingida,2
Açucena - MG,3100500,MG,Sudeste,0.25522925252334655,Moderado,47.95,77.27,0,,,Sem meta definida,2
Santa Fé - PR,4123402,PR,Sul,0.25458990643929946,Moderado,58.68,64.71,0,80.0,2.5483333333333342,Precisa de ate 2x o ritmo,2
Novo Horizonte do Norte - MT,5106273,MT,Centro-Oeste,0.25265842852799375,Moderado,62.97,69.12,0,80.0,1.8133333333333326,Atinge no ritmo atual,2
Bocaina de Minas - MG,3107208,MG,Sudeste,0.25265842852799375,Moderado,50.0,73.33,0,80.0,1.111666666666667,Atinge no ritmo atual,2
Marumbi - PR,4115507,PR,Sul,0.2523724733385183,Moderado,57.66,75.85,0,80.0,0.6916666666666677,Atinge no ritmo atual,2
Lobato - PR,4113601,PR,Sul,0.25208157670568226,Moderado,61.87,54.92,1,80.0,4.18,Precisa de ate 2x o ritmo,2
Xanxerê - SC,4219507,SC,Sul,0.25153267784846733,Moderado,67.57,70.05,0,80.0,1.6583333333333339,Atinge no ritmo atual,0
Caçador - SC,4203006,SC,Sul,0.25069234171401356,Moderado,66.21,65.72,0,80.0,2.3800000000000003,Atinge no ritmo atual,0
Santa Cecília - SC,4215505,SC,Sul,0.2502999887539361,Moderado,66.38,57.41,1,80.0,3.7650000000000006,Precisa de ate 2x o ritmo,2
Bom Princípio do Piauí - PI,2201919,PI,Nordeste,0.2502469135802469,Moderado,87.91,75.94,0,80.0,0.6766666666666671,Atinge no ritmo atual,1
Mataraca - PB,2509305,PB,Nordeste,0.24970542071317264,Moderado,85.94,50.43,1,80.0,4.928333333333334,Precisa de ate 2x o ritmo,1
Anaurilândia - MS,5000807,MS,Centro-Oeste,0.24970542071317264,Moderado,65.19,80.11,0,80.0,-0.01833333333333324,Meta ja atingida,2
Coronel Fabriciano - MG,3119401,MG,Sudeste,0.24905726111853016,Moderado,47.39,64.1,0,80.0,2.650000000000001,Precisa de ate 2x o ritmo,0
Jundiaí do Sul - PR,4112900,PR,Sul,0.2489666211089597,Moderado,56.84,55.42,1,80.0,4.096666666666667,Precisa de ate 2x o ritmo,2
Jaru - RO,1100114,RO,Norte,0.2488029205513002,Moderado,62.75,65.15,0,80.0,2.474999999999999,Atinge no ritmo atual,0
Pomerode - SC,4213203,SC,Sul,0.2483882783882784,Moderado,63.17,70.85,0,80.0,1.525000000000001,Atinge no ritmo atual,0
Tubarão - SC,4218707,SC,Sul,0.2470873329568982,Moderado,65.84,60.48,0,80.0,3.253333333333334,Precisa de ate 2x o ritmo,0
Serra - ES,3205002,ES,Sudeste,0.246507104866238,Moderado,60.42,60.51,0,80.0,3.2483333333333335,Precisa de ate 2x o ritmo,0
Chã de Alegria - PE,2604403,PE,Nordeste,0.246507104866238,Moderado,62.99,63.28,0,80.0,2.7866666666666666,Precisa de ate 2x o ritmo,1
Senador Cortes - MG,3165602,MG,Sudeste,0.24606653911169726,Moderado,42.11,81.82,0,80.0,-0.3033333333333322,Meta ja atingida,2
Mar de Espanha - MG,3139805,MG,Sudeste,0.2447729882807402,Moderado,50.15,68.1,0,80.0,1.9833333333333343,Atinge no ritmo atual,2
Carpina - PE,2604007,PE,Nordeste,0.24476911832811266,Moderado,65.28,59.18,1,80.0,3.47,Precisa de ate 2x o ritmo,0
Florestópolis - PR,4108007,PR,Sul,0.2442146089204913,Moderado,64.38,63.48,0,80.0,2.753333333333334,Precisa de ate 2x o ritmo,2
Alpinópolis - MG,3101904,MG,Sudeste,0.24395087813980681,Moderado,42.26,78.56,0,80.0,0.23999999999999963,Atinge no ritmo atual,0
São Romão - MG,3164209,MG,Sudeste,0.24395087813980681,Moderado,50.94,77.76,0,80.0,0.37333333333333246,Atinge no ritmo atual,2
Juiz de Fora - MG,3136702,MG,Sudeste,0.24395087813980681,Moderado,48.29,54.86,1,80.0,4.19,Precisa de ate 2x o ritmo,0
Paranatama - PE,2610301,PE,Nordeste,0.24395087813980681,Moderado,74.14,66.67,0,80.0,2.2216666666666662,Atinge no ritmo atual,1
Caraí - MG,3113008,MG,Sudeste,0.24383845029239765,Moderado,52.38,70.04,0,80.0,1.659999999999999,Atinge no ritmo atual,1
Barra Mansa - RJ,3300407,RJ,Sudeste,0.24353491220202156,Moderado,59.19,63.88,0,80.0,2.686666666666666,Precisa de ate 2x o ritmo,0
Belmiro Braga - MG,3106101,MG,Sudeste,0.2434271056372772,Moderado,33.6,57.69,1,80.0,3.7183333333333337,Precisa de ate 2x o ritmo,2
Alvorada do Gurguéia - PI,2200459,PI,Nordeste,0.2433639572985385,Moderado,68.36,41.74,1,80.0,6.376666666666666,Precisa de mais de 2x o ritmo,1
Botumirim - MG,3108503,MG,Sudeste,0.2433639572985385,Moderado,77.77,81.34,0,,,Sem meta definida,1
Aquidauana - MS,5001102,MS,Centro-Oeste,0.2433639572985385,Moderado,70.0,58.42,1,80.0,3.5966666666666662,Precisa de ate 2x o ritmo,0
Castanheira - MT,5102850,MT,Centro-Oeste,0.24304545287328647,Moderado,63.1,64.87,0,80.0,2.521666666666666,Atinge no ritmo atual,2
Cajazeiras do Piauí - PI,2202075,PI,Nordeste,0.24294158981115505,Moderado,100.0,75.0,0,80.0,0.8333333333333334,Atinge no ritmo atual,1
Cromínia - GO,5206503,GO,Centro-Oeste,0.24196320179103536,Moderado,55.88,72.38,0,80.0,1.2700000000000007,Atinge no ritmo atual,2
Brasil Novo - PA,1501725,PA,Norte,0.24196320179103536,Moderado,73.21,87.6,0,80.0,-1.2666666666666657,Meta ja atingida,1
São Luís Gonzaga do Maranhão - MA,2111409,MA,Nordeste,0.24149186174636417,Moderado,74.81,70.44,0,80.0,1.5933333333333337,Atinge no ritmo atual,1
Pimenta Bueno - RO,1100189,RO,Norte,0.24006382978723403,Moderado,69.73,81.06,0,80.0,-0.17666666666666705,Meta ja atingida,0
Manaíra - PB,2509008,PB,Nordeste,0.23956828143686293,Moderado,70.52,59.62,1,80.0,3.396666666666667,Precisa de ate 2x o ritmo,1
Curimatá - PI,2203206,PI,Nordeste,0.23905084277424699,Moderado,68.19,81.77,0,80.0,-0.2949999999999993,Meta ja atingida,1
Aguiar - PB,2500205,PB,Nordeste,0.23842075263716023,Moderado,68.73,61.96,0,80.0,3.0066666666666664,Precisa de ate 2x o ritmo,1
São Bernardo - MA,2110609,MA,Nordeste,0.23747037933896084,Moderado,74.43,67.87,0,80.0,2.021666666666666,Atinge no ritmo atual,1
Natalândia - MG,3144375,MG,Sudeste,0.23692524548622113,Moderado,49.23,64.21,0,80.0,2.6316666666666677,Precisa de ate 2x o ritmo,2
Itatiaia - RJ,3302254,RJ,Sudeste,0.23652493017818096,Moderado,65.0,67.6,0,80.0,2.0666666666666678,Atinge no ritmo atual,0
Campinas do Piauí - PI,2202109,PI,Nordeste,0.23593630619080858,Moderado,90.62,100.0,0,80.0,-3.3333333333333335,Meta ja atingida,1
Nova Guarita - MT,5108808,MT,Centro-Oeste,0.2358515245290123,Moderado,68.02,67.3,0,80.0,2.116666666666667,Atinge no ritmo atual,2
Serra Nova Dourada - MT,5107883,MT,Centro-Oeste,0.23534545118801448,Moderado,65.34,94.74,0,80.0,-2.4566666666666657,Meta ja atingida,2
Umburatiba - MG,3170305,MG,Sudeste,0.2351138591831788,Moderado,63.7,52.43,1,80.0,4.595,Precisa de ate 2x o ritmo,2
Orobó - PE,2609709,PE,Nordeste,0.23427352304872504,Moderado,61.24,91.54,0,80.0,-1.9233333333333344,Meta ja atingida,1
Água Clara - MS,5000203,MS,Centro-Oeste,0.23370384996401256,Moderado,70.19,77.03,0,80.0,0.49499999999999983,Atinge no ritmo atual,2
Presidente Castello Branco - SC,4213906,SC,Sul,0.2333769118308592,Moderado,47.06,61.9,0,80.0,3.016666666666667,Precisa de ate 2x o ritmo,2
Alto Paraguai - MT,5100508,MT,Centro-Oeste,0.2326008071861767,Moderado,70.64,52.43,1,80.0,4.595,Precisa de ate 2x o ritmo,2
Antonina - PR,4101200,PR,Sul,0.23236819557461819,Moderado,66.31,63.75,0,80.0,2.7083333333333335,Precisa de ate 2x o ritmo,0
Ponte Serrada - SC,4213401,SC,Sul,0.23236819557461819,Moderado,66.34,53.62,1,80.0,4.396666666666667,Precisa de ate 2x o ritmo,2
Matos Costa - SC,4210704,SC,Sul,0.23169917801496748,Moderado,70.5,37.3,1,80.0,7.116666666666667,Precisa de mais de 2x o ritmo,2
Resende - RJ,3304201,RJ,Sudeste,0.23143947602696707,Moderado,68.62,72.48,0,80.0,1.2533333333333327,Atinge no ritmo atual,0
Afogados da Ingazeira - PE,2600104,PE,Nordeste,0.23142247114587539,Moderado,66.59,70.19,0,80.0,1.6350000000000005,Atinge no ritmo atual,1
Central de Minas - MG,3115706,MG,Sudeste,0.23142188071397812,Moderado,51.75,72.79,0,80.0,1.2016666666666656,Atinge no ritmo atual,2
Bacurituba - MA,2101350,MA,Nordeste,0.23033622405962828,Moderado,88.89,100.0,0,80.0,-3.3333333333333335,Meta ja atingida,1
Rio Branco do Ivaí - PR,4122172,PR,Sul,0.2302702934767161,Moderado,69.75,73.84,0,80.0,1.0266666666666662,Atinge no ritmo atual,2
Novo Gama - GO,5215231,GO,Centro-Oeste,0.23022323875987133,Moderado,52.29,57.35,1,80.0,3.775,Precisa de ate 2x o ritmo,0
Nova Lacerda - MT,5106182,MT,Centro-Oeste,0.2300998641437113,Moderado,55.17,67.64,0,80.0,2.06,Atinge no ritmo atual,2
Severiano Melo - RN,2413607,RN,Nordeste,0.2283882783882784,Moderado,71.63,47.88,1,80.0,5.353333333333333,Precisa de mais de 2x o ritmo,1
Macaé - RJ,3302403,RJ,Sudeste,0.22828861425006458,Moderado,59.86,59.46,1,80.0,3.4233333333333333,Precisa de ate 2x o ritmo,0
Rubelita - MG,3156502,MG,Sudeste,0.22780400469480586,Moderado,100.0,76.83,0,80.0,0.5283333333333337,Atinge no ritmo atual,1
Nova Canaã do Norte - MT,5106216,MT,Centro-Oeste,0.22736187423687423,Moderado,57.37,68.51,0,80.0,1.9149999999999991,Atinge no ritmo atual,2
Monte Santo de Minas - MG,3143203,MG,Sudeste,0.22670015107826053,Moderado,42.15,61.59,0,80.0,3.068333333333333,Precisa de ate 2x o ritmo,0
Pequeri - MG,3149507,MG,Sudeste,0.2251287648521691,Moderado,32.02,69.05,0,80.0,1.8250000000000004,Atinge no ritmo atual,2
Jacinto - MG,3134707,MG,Sudeste,0.22502388322060454,Moderado,45.37,55.44,1,80.0,4.093333333333334,Precisa de ate 2x o ritmo,1
Senador Modestino Gonçalves - MG,3165909,MG,Sudeste,0.22502388322060454,Moderado,75.41,90.34,0,80.0,-1.7233333333333338,Meta ja atingida,1
Iguaba Grande - RJ,3301876,RJ,Sudeste,0.22426188719253953,Moderado,62.45,70.32,0,80.0,1.6133333333333344,Atinge no ritmo atual,0
Penha - SC,4212502,SC,Sul,0.2238159161054091,Moderado,65.2,48.52,1,,,Sem meta definida,0
Lagoinha do Piauí - PI,2205540,PI,Nordeste,0.22330126137377362,Moderado,81.92,87.79,0,80.0,-1.2983333333333344,Meta ja atingida,1
Bonito de Minas - MG,3108255,MG,Sudeste,0.22297003809198931,Moderado,66.95,44.78,1,80.0,5.87,Precisa de mais de 2x o ritmo,1
Monte Alegre do Piauí - PI,2206605,PI,Nordeste,0.22297003809198931,Moderado,67.16,57.85,1,80.0,3.6916666666666664,Precisa de ate 2x o ritmo,1
Ewbank da Câmara - MG,3125002,MG,Sudeste,0.22289983185565623,Moderado,35.65,64.41,0,80.0,2.598333333333334,Precisa de ate 2x o ritmo,2
Adrianópolis - PR,4100202,PR,Sul,0.22247004307867,Moderado,60.08,60.95,0,80.0,3.1749999999999994,Precisa de ate 2x o ritmo,2
Pirapemas - MA,2108801,MA,Nordeste,0.2224190276578752,Moderado,83.02,42.38,1,80.0,6.27,Precisa de mais de 2x o ritmo,1
Esperança Nova - PR,4107520,PR,Sul,0.2222632619794492,Moderado,42.11,71.04,0,80.0,1.4933333333333323,Atinge no ritmo atual,2
Salto do Itararé - PR,4122909,PR,Sul,0.22163648825754506,Moderado,64.52,73.64,0,80.0,1.0599999999999998,Atinge no ritmo atual,2
Araguapaz - GO,5202155,GO,Centro-Oeste,0.22163648825754506,Moderado,43.29,68.98,0,80.0,1.836666666666666,Atinge no ritmo atual,2
Arenápolis - MT,5101308,MT,Centro-Oeste,0.22163648825754506,Moderado,58.5,58.62,1,80.0,3.563333333333334,Precisa de ate 2x o ritmo,2
Santa Efigênia de Minas - MG,3157500,MG,Sudeste,0.2211287648521691,Moderado,43.34,75.81,0,80.0,0.6983333333333329,Atinge no ritmo atual,1
Vilhena - RO,1100304,RO,Norte,0.22112313764763675,Moderado,65.62,71.66,0,80.0,1.3900000000000006,Atinge no ritmo atual,0
Formosa do Sul - SC,4205431,SC,Sul,0.22112313764763675,Moderado,65.4,76.76,0,80.0,0.5399999999999991,Atinge no ritmo atual,2
Palmeira - SC,4212056,SC,Sul,0.22112313764763675,Moderado,67.15,57.22,1,80.0,3.796666666666667,Precisa de ate 2x o ritmo,2
Mondaí - SC,4211009,SC,Sul,0.22112313764763675,Moderado,68.17,57.95,1,80.0,3.6749999999999994,Precisa de ate 2x o ritmo,2
Montezuma - MG,3143450,MG,Sudeste,0.22112313764763675,Moderado,54.21,88.98,0,80.0,-1.4966666666666673,Meta ja atingida,1
Primavera - PE,2611408,PE,Nordeste,0.22026023848274492,Moderado,77.53,50.41,1,80.0,4.9316666666666675,Precisa de ate 2x o ritmo,1
Nova América da Colina - PR,4116604,PR,Sul,0.22026023848274492,Moderado,62.54,78.8,0,80.0,0.20000000000000048,Atinge no ritmo atual,2
Santa Terezinha - PE,2612802,PE,Nordeste,0.22000322372662798,Moderado,68.31,79.68,0,80.0,0.0533333333333322,Atinge no ritmo atual,1
Nova Iorque - MA,2107308,MA,Nordeste,0.21996001126443257,Moderado,77.43,51.24,1,80.0,4.793333333333333,Precisa de ate 2x o ritmo,1
Vargem - SC,4219150,SC,Sul,0.2190540113435043,Moderado,88.99,69.58,0,80.0,1.736666666666667,Atinge no ritmo atual,2
Terra Santa - PA,1507979,PA,Norte,0.2187760124292632,Moderado,70.72,65.58,0,80.0,2.4033333333333338,Atinge no ritmo atual,1
Ascurra - SC,4201703,SC,Sul,0.2187760124292632,Moderado,67.38,61.66,0,80.0,3.056666666666667,Precisa de ate 2x o ritmo,2
Lagoa dos Patos - MG,3137304,MG,Sudeste,0.21782135627530366,Moderado,41.04,69.48,0,80.0,1.7533333333333327,Atinge no ritmo atual,2
Santa Maria Madalena - RJ,3304607,RJ,Sudeste,0.2173365570599613,Moderado,64.53,65.02,0,80.0,2.4966666666666675,Atinge no ritmo atual,2
São Miguel do Guaporé - RO,1100320,RO,Norte,0.2173365570599613,Moderado,67.75,69.13,0,80.0,1.8116666666666674,Atinge no ritmo atual,2
Petrolândia - SC,4212700,SC,Sul,0.21703861234574257,Moderado,62.16,66.84,0,80.0,2.193333333333333,Atinge no ritmo atual,2
São José da Lagoa Tapada - PB,2514206,PB,Nordeste,0.21652460529980727,Moderado,85.74,59.52,1,80.0,3.4133333333333327,Precisa de ate 2x o ritmo,1
Sairé - PE,2612000,PE,Nordeste,0.21629005289972802,Moderado,67.71,81.01,0,80.0,-0.1683333333333342,Meta ja atingida,1
Santa Bárbara d'Oeste - SP,3545803,SP,Sudeste,0.2156214506635601,Moderado,55.78,66.84,0,80.0,2.193333333333333,Atinge no ritmo atual,0
Nova Trento - SC,4211504,SC,Sul,0.2156214506635601,Moderado,67.8,55.76,1,,,Sem meta definida,2
Fraiburgo - SC,4205506,SC,Sul,0.2156214506635601,Moderado,66.63,77.47,0,80.0,0.42166666666666686,Atinge no ritmo atual,0
Bom Jesus - SC,4202537,SC,Sul,0.2156214506635601,Moderado,64.67,55.49,1,80.0,4.085,Precisa de ate 2x o ritmo,2
Juazeiro do Piauí - PI,2205516,PI,Nordeste,0.21544511865154128,Moderado,68.69,71.43,0,80.0,1.4283333333333321,Atinge no ritmo atual,1
Porto Alegre do Piauí - PI,2208551,PI,Nordeste,0.21544511865154128,Moderado,73.86,64.29,0,80.0,2.6183333333333323,Precisa de ate 2x o ritmo,1
Grupiara - MG,3127909,MG,Sudeste,0.2150060579086616,Moderado,66.67,94.12,0,,,Sem meta definida,2
Palmeira do Piauí - PI,2207405,PI,Nordeste,0.2147702865186662,Moderado,70.83,72.22,0,80.0,1.2966666666666669,Atinge no ritmo atual,1
Paial - SC,4211876,SC,Sul,0.21421667047683307,Moderado,70.83,54.55,1,80.0,4.241666666666667,Precisa de ate 2x o ritmo,2
Capitão Andrade - MG,3112653,MG,Sudeste,0.21414295903702776,Moderado,40.45,77.02,0,80.0,0.4966666666666673,Atinge no ritmo atual,2
Jequitinhonha - MG,3135803,MG,Sudeste,0.2133365570599613,Moderado,54.11,61.47,0,80.0,3.0883333333333334,Precisa de ate 2x o ritmo,1
Aliança do Tocantins - TO,1700350,TO,Norte,0.2133365570599613,Moderado,95.52,76.09,0,80.0,0.6516666666666661,Atinge no ritmo atual,2
Águas de Lindóia - SP,3500501,SP,Sudeste,0.2131085656986386,Moderado,62.29,44.23,1,80.0,5.961666666666667,Precisa de mais de 2x o ritmo,0
Materlândia - MG,3140605,MG,Sudeste,0.21270910462086934,Moderado,37.11,28.57,1,80.0,8.571666666666667,Precisa de mais de 2x o ritmo,1
Santa Rosa do Piauí - PI,2209377,PI,Nordeste,0.21249315780028805,Moderado,61.02,51.64,1,80.0,4.726666666666667,Precisa de ate 2x o ritmo,1
Bom Sucesso - PB,2502300,PB,Nordeste,0.21249315780028805,Moderado,65.39,45.24,1,80.0,5.793333333333333,Precisa de mais de 2x o ritmo,1
Serra Azul de Minas - MG,3166501,MG,Sudeste,0.21249315780028805,Moderado,55.0,73.55,0,,,Sem meta definida,1
Santa Terezinha do Progresso - SC,4215687,SC,Sul,0.2108058608058608,Moderado,54.12,95.83,0,80.0,-2.638333333333333,Meta ja atingida,2
São Ludgero - SC,4217006,SC,Sul,0.2108058608058608,Moderado,65.73,68.64,0,80.0,1.8933333333333333,Atinge no ritmo atual,0
Governador Jorge Teixeira - RO,1101005,RO,Norte,0.2108058608058608,Moderado,65.11,70.76,0,80.0,1.5399999999999991,Atinge no ritmo atual,2
Vale do Paraíso - RO,1101807,RO,Norte,0.2108058608058608,Moderado,55.69,44.06,1,80.0,5.989999999999999,Precisa de mais de 2x o ritmo,2
União do Oeste - SC,4218855,SC,Sul,0.20915991220202163,Moderado,67.41,65.0,0,80.0,2.5,Atinge no ritmo atual,2
Teresina de Goiás - GO,5221080,GO,Centro-Oeste,0.2089835801900028,Moderado,56.82,62.3,0,80.0,2.9500000000000006,Precisa de ate 2x o ritmo,2
Sucupira - TO,1720853,TO,Norte,0.20737850501121663,Moderado,77.59,58.97,1,80.0,3.5050000000000003,Precisa de ate 2x o ritmo,2
Juranda - PR,4112959,PR,Sul,0.20737850501121663,Moderado,59.77,63.48,0,80.0,2.753333333333334,Precisa de ate 2x o ritmo,2
Timon - MA,2112209,MA,Nordeste,0.2071446430239808,Moderado,67.8,75.74,0,80.0,0.7100000000000009,Atinge no ritmo atual,0
São Joaquim de Bicas - MG,3162922,MG,Sudeste,0.20701517362544292,Moderado,48.19,82.15,0,80.0,-0.3583333333333343,Meta ja atingida,2
Morretes - PR,4116208,PR,Sul,0.20599329950105144,Moderado,68.42,59.7,1,80.0,3.383333333333333,Precisa de ate 2x o ritmo,2
Reserva do Cabaçal - MT,5107156,MT,Centro-Oeste,0.20599329950105144,Moderado,76.26,83.86,0,80.0,-0.6433333333333332,Meta ja atingida,2
Augusto de Lima - MG,3104809,MG,Sudeste,0.20599329950105144,Moderado,48.19,48.8,1,80.0,5.2,Precisa de mais de 2x o ritmo,2
Trizidela do Vale - MA,2112233,MA,Nordeste,0.2054484451718494,Moderado,59.01,90.87,0,80.0,-1.8116666666666674,Meta ja atingida,1
São Miguel do Oeste - SC,4217204,SC,Sul,0.20535359352070293,Moderado,64.94,69.47,0,80.0,1.7550000000000001,Atinge no ritmo atual,0
Umirim - CE,2313757,CE,Nordeste,0.20535359352070293,Moderado,67.93,82.27,0,80.0,-0.3783333333333327,Meta ja atingida,1
Luís Domingues - MA,2106201,MA,Nordeste,0.2052267714869341,Moderado,76.93,84.97,0,80.0,-0.8283333333333331,Meta ja atingida,1
Perobal - PR,4118857,PR,Sul,0.20522112034307155,Moderado,57.6,70.19,0,80.0,1.6350000000000005,Atinge no ritmo atual,2
Passabém - MG,3147501,MG,Sudeste,0.2049070926531494,Moderado,35.29,90.91,0,80.0,-1.8183333333333327,Meta ja atingida,2
Santo Antônio do Itambé - MG,3160207,MG,Sudeste,0.2046376240417679,Moderado,46.96,47.84,1,80.0,5.359999999999999,Precisa de mais de 2x o ritmo,1
Frei Rogério - SC,4205555,SC,Sul,0.20331737983561182,Moderado,65.71,94.95,0,,,Sem meta definida,2
Córrego Novo - MG,3120003,MG,Sudeste,0.20296854259601785,Moderado,46.69,62.81,0,80.0,2.8649999999999998,Precisa de ate 2x o ritmo,2
Lucas do Rio Verde - MT,5105259,MT,Centro-Oeste,0.2022190170940171,Moderado,63.96,73.53,0,80.0,1.0783333333333331,Atinge no ritmo atual,0
Ariquemes - RO,1100023,RO,Norte,0.2022190170940171,Moderado,62.3,65.62,0,80.0,2.396666666666666,Atinge no ritmo atual,0
Riacho de Santo Antônio - PB,2512788,PB,Nordeste,0.19978284873021718,Baixo,78.57,55.56,1,80.0,4.073333333333333,Precisa de ate 2x o ritmo,1
Paulino Neves - MA,2108058,MA,Nordeste,0.19978284873021718,Baixo,64.86,68.89,0,80.0,1.8516666666666666,Atinge no ritmo atual,1
Jardim do Mulato - PI,2205250,PI,Nordeste,0.19978284873021718,Baixo,58.33,77.0,0,80.0,0.5,Atinge no ritmo atual,1
Nova Mutum - MT,5106224,MT,Centro-Oeste,0.19916222391469915,Baixo,64.2,74.86,0,80.0,0.8566666666666668,Atinge no ritmo atual,0
Porto Rico - PR,4120200,PR,Sul,0.19916222391469915,Baixo,60.4,71.94,0,80.0,1.3433333333333337,Atinge no ritmo atual,2
Onça de Pitangui - MG,3145802,MG,Sudeste,0.19891779717056304,Baixo,42.86,83.33,0,,,Sem meta definida,2
Sabinópolis - MG,3156809,MG,Sudeste,0.19858010148337854,Baixo,51.31,75.0,0,80.0,0.8333333333333334,Atinge no ritmo atual,2
Santos - SP,3548500,SP,Sudeste,0.19838494740317938,Baixo,56.01,52.81,1,80.0,4.531666666666666,Precisa de ate 2x o ritmo,0
Divinésia - MG,3121902,MG,Sudeste,0.19838494740317938,Baixo,43.0,75.0,0,80.0,0.8333333333333334,Atinge no ritmo atual,2
Comendador Gomes - MG,3116902,MG,Sudeste,0.1982271315604649,Baixo,35.71,74.3,0,80.0,0.9500000000000005,Atinge no ritmo atual,2
Jardim Olinda - PR,4112603,PR,Sul,0.1981353263728856,Baixo,50.0,92.31,0,80.0,-2.051666666666667,Meta ja atingida,2
Congonhas do Norte - MG,3118106,MG,Sudeste,0.19802045293036288,Baixo,91.99,60.49,0,80.0,3.2516666666666665,Precisa de ate 2x o ritmo,1
Mathias Lobato - MG,3171501,MG,Sudeste,0.19728421147314013,Baixo,51.56,67.61,0,80.0,2.065,Atinge no ritmo atual,1
Macieira - SC,4210050,SC,Sul,0.19728421147314013,Baixo,80.0,56.25,1,80.0,3.9583333333333335,Precisa de ate 2x o ritmo,2
Diamante D'Oeste - PR,4107157,PR,Sul,0.19728421147314013,Baixo,67.21,74.32,0,80.0,0.9466666666666678,Atinge no ritmo atual,2
Setubinha - MG,3165552,MG,Sudeste,0.19706432181679706,Baixo,42.9,68.57,0,80.0,1.9050000000000011,Atinge no ritmo atual,1
Barra do Jacaré - PR,4102703,PR,Sul,0.19706432181679706,Baixo,62.96,72.41,0,80.0,1.2650000000000006,Atinge no ritmo atual,2
Gameleiras - MG,3127339,MG,Sudeste,0.1969759164209777,Baixo,62.54,65.52,0,80.0,2.413333333333334,Atinge no ritmo atual,1
Rio do Prado - MG,3155108,MG,Sudeste,0.19625195339604312,Baixo,51.29,76.19,0,80.0,0.6350000000000003,Atinge no ritmo atual,1
Indianópolis - MG,3130705,MG,Sudeste,0.19625195339604312,Baixo,43.12,53.9,1,80.0,4.3500000000000005,Precisa de ate 2x o ritmo,2
Pai Pedro - MG,3146552,MG,Sudeste,0.19625195339604312,Baixo,62.52,76.4,0,80.0,0.5999999999999991,Atinge no ritmo atual,1
Itanhangá - MT,5104542,MT,Centro-Oeste,0.19461565051552535,Baixo,89.0,77.99,0,80.0,0.33500000000000085,Atinge no ritmo atual,2
Anapurus - MA,2100808,MA,Nordeste,0.19438015538863512,Baixo,91.05,34.63,1,80.0,7.5616666666666665,Precisa de mais de 2x o ritmo,1
Brejinho - PE,2602506,PE,Nordeste,0.19424029110985633,Baixo,71.45,79.05,0,80.0,0.1583333333333338,Atinge no ritmo atual,1
Cambará - PR,4103602,PR,Sul,0.1941539745520682,Baixo,62.53,58.04,1,80.0,3.66,Precisa de ate 2x o ritmo,0
Tarumirim - MG,3168408,MG,Sudeste,0.19317612925247468,Baixo,50.45,76.05,0,80.0,0.6583333333333338,Atinge no ritmo atual,2
Piedade de Ponte Nova - MG,3150208,MG,Sudeste,0.19317612925247468,Baixo,35.21,80.01,0,80.0,-0.0016666666666675194,Meta ja atingida,2
Virgem da Lapa - MG,3171600,MG,Sudeste,0.1927006854531607,Baixo,49.28,85.1,0,80.0,-0.8499999999999991,Meta ja atingida,1
Marema - SC,4210555,SC,Sul,0.19208272365204332,Baixo,88.23,75.96,0,80.0,0.6733333333333343,Atinge no ritmo atual,2
Ouro Velho - PB,2510600,PB,Nordeste,0.1919624179819143,Baixo,89.76,100.0,0,80.0,-3.3333333333333335,Meta ja atingida,1
São José do Peixe - PI,2210102,PI,Nordeste,0.1919624179819143,Baixo,76.0,75.0,0,80.0,0.8333333333333334,Atinge no ritmo atual,1
Santo Antônio do Jacinto - MG,3160306,MG,Sudeste,0.19047859352070293,Baixo,62.95,65.72,0,80.0,2.3800000000000003,Atinge no ritmo atual,1
São José dos Campos - SP,3549904,SP,Sudeste,0.18996282488032543,Baixo,57.69,64.52,0,80.0,2.5800000000000005,Precisa de ate 2x o ritmo,0
Santana de Mangueira - PB,2513505,PB,Nordeste,0.18970953010762376,Baixo,81.58,100.0,0,80.0,-3.3333333333333335,Meta ja atingida,1
Jupiá - SC,4209177,SC,Sul,0.18926963952414194,Baixo,95.87,57.89,1,,,Sem meta definida,2
Domingos Mourão - PI,2203420,PI,Nordeste,0.18926963952414194,Baixo,91.43,82.22,0,80.0,-0.36999999999999983,Meta ja atingida,1
São Sebastião do Umbuzeiro - PB,2515203,PB,Nordeste,0.1885544536764049,Baixo,94.99,69.29,0,80.0,1.784999999999999,Atinge no ritmo atual,1
Urussanga - SC,4219002,SC,Sul,0.18851166377482165,Baixo,67.36,70.73,0,80.0,1.5449999999999993,Atinge no ritmo atual,0
São Francisco de Sales - MG,3161304,MG,Sudeste,0.18838069142280084,Baixo,76.55,73.5,0,80.0,1.0833333333333333,Atinge no ritmo atual,2
Salgadinho - PE,2612109,PE,Nordeste,0.18822394678492238,Baixo,93.42,92.16,0,80.0,-2.026666666666666,Meta ja atingida,1
Parnarama - MA,2107803,MA,Nordeste,0.18748730788540152,Baixo,90.73,54.65,1,80.0,4.2250000000000005,Precisa de ate 2x o ritmo,1
Buenos Aires - PE,2602704,PE,Nordeste,0.18731580908645176,Baixo,62.99,85.53,0,80.0,-0.9216666666666669,Meta ja atingida,1
Heliodora - MG,3129202,MG,Sudeste,0.18626482213438736,Baixo,48.35,67.59,0,80.0,2.068333333333333,Atinge no ritmo atual,2
Bonópolis - GO,5203575,GO,Centro-Oeste,0.18626482213438736,Baixo,48.9,61.76,0,80.0,3.0400000000000005,Precisa de ate 2x o ritmo,2
Cacimba de Dentro - PB,2503506,PB,Nordeste,0.18600447904723633,Baixo,79.49,63.3,0,80.0,2.7833333333333337,Precisa de ate 2x o ritmo,1
Águas Formosas - MG,3100906,MG,Sudeste,0.1851547388781431,Baixo,51.15,61.93,0,80.0,3.0116666666666667,Precisa de ate 2x o ritmo,1
Água Boa - MG,3100609,MG,Sudeste,0.1847549019607843,Baixo,66.7,78.2,0,,,Sem meta definida,1
Alcântara - MA,2100204,MA,Nordeste,0.18428722391469918,Baixo,73.46,70.97,0,80.0,1.5050000000000001,Atinge no ritmo atual,1
Poção de Pedras - MA,2108900,MA,Nordeste,0.18421267840540984,Baixo,89.32,77.27,0,80.0,0.4550000000000007,Atinge no ritmo atual,1
Timbó - SC,4218202,SC,Sul,0.18418743313327285,Baixo,64.84,74.84,0,80.0,0.8599999999999994,Atinge no ritmo atual,0
Cordeiro - RJ,3301504,RJ,Sudeste,0.18418743313327285,Baixo,59.21,64.16,0,80.0,2.6400000000000006,Precisa de ate 2x o ritmo,0
Cabixi - RO,1100031,RO,Norte,0.1840170550591645,Baixo,69.1,75.88,0,80.0,0.6866666666666674,Atinge no ritmo atual,2
Campanário - MG,3110806,MG,Sudeste,0.1833057168494842,Baixo,61.46,47.62,1,80.0,5.396666666666667,Precisa de mais de 2x o ritmo,2
Três Lagoas - MS,5008305,MS,Centro-Oeste,0.1833057168494842,Baixo,69.75,82.99,0,80.0,-0.49833333333333246,Meta ja atingida,0
Munhoz de Melo - PR,4116307,PR,Sul,0.1828447537812728,Baixo,53.23,80.0,0,80.0,0.0,Meta ja atingida,2
São José do Povo - MT,5107297,MT,Centro-Oeste,0.1821893218167971,Baixo,80.66,74.75,0,80.0,0.875,Atinge no ritmo atual,2
Ivaiporã - PR,4111506,PR,Sul,0.1821893218167971,Baixo,66.58,72.39,0,80.0,1.2683333333333333,Atinge no ritmo atual,0
Uniflor - PR,4128302,PR,Sul,0.1820339309812994,Baixo,60.23,73.33,0,80.0,1.111666666666667,Atinge no ritmo atual,2
Laurentino - SC,4209508,SC,Sul,0.1820339309812994,Baixo,64.28,60.32,0,80.0,3.28,Precisa de ate 2x o ritmo,2
Sapucaia - RJ,3305406,RJ,Sudeste,0.1820339309812994,Baixo,65.59,65.37,0,80.0,2.4383333333333326,Atinge no ritmo atual,2
Urbano Santos - MA,2112605,MA,Nordeste,0.18146897759650182,Baixo,76.76,38.63,1,80.0,6.895,Precisa de mais de 2x o ritmo,1
Francisco Alves - PR,4108320,PR,Sul,0.18021073637784576,Baixo,68.71,80.22,0,80.0,-0.03666666666666648,Meta ja atingida,2
Ibirama - SC,4206900,SC,Sul,0.18021073637784576,Baixo,67.48,71.81,0,80.0,1.3649999999999995,Atinge no ritmo atual,0
Guaratuba - PR,4109609,PR,Sul,0.18021073637784576,Baixo,67.35,66.9,0,80.0,2.1833333333333322,Atinge no ritmo atual,0
Xaxim - SC,4219705,SC,Sul,0.18021073637784576,Baixo,66.84,59.72,1,80.0,3.3800000000000003,Precisa de ate 2x o ritmo,0
São José do Egito - PE,2613602,PE,Nordeste,0.18,Baixo,67.52,73.38,0,80.0,1.1033333333333342,Atinge no ritmo atual,1
Nova Veneza - SC,4211603,SC,Sul,0.17985735912518303,Baixo,63.57,73.25,0,80.0,1.125,Atinge no ritmo atual,0
Guaraciama - MG,3128253,MG,Sudeste,0.17978252385184348,Baixo,42.0,80.7,0,80.0,-0.11666666666666714,Meta ja atingida,2
Frei Lagonegro - MG,3126950,MG,Sudeste,0.17978252385184348,Baixo,56.25,86.96,0,,,Sem meta definida,1
Floresta do Piauí - PI,2203859,PI,Nordeste,0.17978252385184348,Baixo,100.0,54.55,1,80.0,4.241666666666667,Precisa de ate 2x o ritmo,1
Morro da Garça - MG,3143609,MG,Sudeste,0.17978252385184348,Baixo,96.43,67.59,0,80.0,2.068333333333333,Atinge no ritmo atual,2
São João das Missões - MG,3162450,MG,Sudeste,0.17978252385184348,Baixo,64.64,33.42,1,80.0,7.763333333333333,Precisa de mais de 2x o ritmo,1
Água Comprida - MG,3100708,MG,Sudeste,0.17978252385184348,Baixo,96.84,55.3,1,80.0,4.116666666666667,Precisa de ate 2x o ritmo,2
Diamante do Sul - PR,4107124,PR,Sul,0.17966795454825552,Baixo,69.4,83.28,0,80.0,-0.5466666666666669,Meta ja atingida,2
Olinda Nova do Maranhão - MA,2107456,MA,Nordeste,0.17850303564712539,Baixo,80.81,37.64,1,80.0,7.06,Precisa de mais de 2x o ritmo,1
Itanhomi - MG,3133204,MG,Sudeste,0.17850303564712539,Baixo,41.07,85.64,0,80.0,-0.9400000000000001,Meta ja atingida,2
Estrela do Indaiá - MG,3124708,MG,Sudeste,0.17850303564712539,Baixo,100.0,100.0,0,80.0,-3.3333333333333335,Meta ja atingida,2
Pedreiras - MA,2108207,MA,Nordeste,0.17850303564712539,Baixo,68.1,64.51,0,80.0,2.5816666666666657,Precisa de ate 2x o ritmo,0
Tigrinhos - SC,4217956,SC,Sul,0.17850303564712539,Baixo,79.06,91.64,0,80.0,-1.9400000000000002,Meta ja atingida,2
Mambaí - GO,5212709,GO,Centro-Oeste,0.17850303564712539,Baixo,50.41,68.27,0,80.0,1.9550000000000007,Atinge no ritmo atual,1
Carbonita - MG,3113503,MG,Sudeste,0.17850303564712539,Baixo,64.55,70.78,0,80.0,1.5366666666666664,Atinge no ritmo atual,2
Douradoquara - MG,3123502,MG,Sudeste,0.17850303564712539,Baixo,66.67,78.95,0,,,Sem meta definida,2
Indaiabira - MG,3130655,MG,Sudeste,0.17840093240093238,Baixo,56.13,89.58,0,80.0,-1.5966666666666665,Meta ja atingida,1
Papanduva - SC,4212205,SC,Sul,0.17811283427994368,Baixo,67.68,69.31,0,80.0,1.7816666666666663,Atinge no ritmo atual,2
Congonhinhas - PR,4106001,PR,Sul,0.17802853175193598,Baixo,68.8,41.19,1,80.0,6.468333333333334,Precisa de mais de 2x o ritmo,2
Anajatuba - MA,2100709,MA,Nordeste,0.17782568545316074,Baixo,72.8,41.33,1,80.0,6.445,Precisa de mais de 2x o ritmo,1
Padre Carvalho - MG,3146255,MG,Sudeste,0.17782568545316074,Baixo,56.89,71.68,0,80.0,1.3866666666666656,Atinge no ritmo atual,2
Santa Rita de Jacutinga - MG,3159308,MG,Sudeste,0.17782568545316074,Baixo,41.62,77.68,0,80.0,0.38666666666666555,Atinge no ritmo atual,2
Itapuã do Oeste - RO,1101104,RO,Norte,0.17760535788693715,Baixo,98.79,70.62,0,80.0,1.5633333333333326,Atinge no ritmo atual,2
Campanha - MG,3110905,MG,Sudeste,0.17736524486647745,Baixo,41.96,64.8,0,80.0,2.5333333333333337,Atinge no ritmo atual,0
Lauro Müller - SC,4209607,SC,Sul,0.17658521303258148,Baixo,68.84,68.71,0,80.0,1.8816666666666677,Atinge no ritmo atual,2
Pedra Bonita - MG,3148756,MG,Sudeste,0.1757523609912085,Baixo,45.25,79.15,0,80.0,0.14166666666666572,Atinge no ritmo atual,1
Corinto - MG,3119104,MG,Sudeste,0.1753103884259835,Baixo,40.03,85.75,0,80.0,-0.9583333333333334,Meta ja atingida,0
Faria Lemos - MG,3125309,MG,Sudeste,0.1753103884259835,Baixo,14.74,69.23,0,80.0,1.7949999999999993,Atinge no ritmo atual,2
Sambaíba - MA,2109700,MA,Nordeste,0.1745533017591841,Baixo,85.92,77.94,0,80.0,0.3433333333333337,Atinge no ritmo atual,1
Santo André - SP,3547809,SP,Sudeste,0.17417009301390643,Baixo,54.02,60.42,0,80.0,3.263333333333333,Precisa de ate 2x o ritmo,0
Passagem - PB,2510709,PB,Nordeste,0.17401936677184202,Baixo,79.52,66.67,0,80.0,2.2216666666666662,Atinge no ritmo atual,1
Cristalândia do Piauí - PI,2203008,PI,Nordeste,0.17401936677184202,Baixo,79.93,79.55,0,80.0,0.07500000000000047,Atinge no ritmo atual,1
Novo Santo Antônio - MT,5106315,MT,Centro-Oeste,0.17401936677184202,Baixo,71.23,58.27,1,80.0,3.621666666666666,Precisa de ate 2x o ritmo,2
Quartel Geral - MG,3153707,MG,Sudeste,0.17401936677184202,Baixo,42.5,63.55,0,80.0,2.741666666666667,Precisa de ate 2x o ritmo,2
Frei Gaspar - MG,3126802,MG,Sudeste,0.17401381143662803,Baixo,51.82,69.89,0,80.0,1.6849999999999998,Atinge no ritmo atual,1
Santa Helena - SC,4215554,SC,Sul,0.17305431769840746,Baixo,78.34,66.67,0,80.0,2.2216666666666662,Atinge no ritmo atual,2
Oeiras - PI,2207009,PI,Nordeste,0.17271592539454808,Baixo,65.92,72.5,0,80.0,1.25,Atinge no ritmo atual,1
Imbuia - SC,4207403,SC,Sul,0.17141095642236992,Baixo,64.78,79.52,0,80.0,0.08000000000000067,Atinge no ritmo atual,2
Caxambu do Sul - SC,4204103,SC,Sul,0.17099045622930373,Baixo,69.54,60.13,0,80.0,3.311666666666666,Precisa de ate 2x o ritmo,2
Grão-Pará - SC,4206108,SC,Sul,0.17076493388052896,Baixo,64.41,70.75,0,80.0,1.5416666666666667,Atinge no ritmo atual,2
Santa Cruz do Escalvado - MG,3157401,MG,Sudeste,0.1705077140574098,Baixo,46.18,75.73,0,80.0,0.711666666666666,Atinge no ritmo atual,2
Arari - MA,2101004,MA,Nordeste,0.17038518177634604,Baixo,67.49,72.37,0,80.0,1.2716666666666658,Atinge no ritmo atual,1
Cabrobó - PE,2603009,PE,Nordeste,0.17020893850961696,Baixo,68.25,61.21,0,80.0,3.1316666666666664,Precisa de ate 2x o ritmo,1
Grandes Rios - PR,4108700,PR,Sul,0.1699460188933873,Baixo,65.01,61.6,0,80.0,3.0666666666666664,Precisa de ate 2x o ritmo,2
Morro da Fumaça - SC,4211207,SC,Sul,0.1699460188933873,Baixo,68.02,68.09,0,80.0,1.9849999999999994,Atinge no ritmo atual,0
Orleans - SC,4211702,SC,Sul,0.1695067736494506,Baixo,68.54,64.43,0,80.0,2.594999999999999,Precisa de ate 2x o ritmo,0
Doutor Ulysses - PR,4128633,PR,Sul,0.16931977297200163,Baixo,76.32,69.45,0,80.0,1.7583333333333329,Atinge no ritmo atual,1
Chapada do Norte - MG,3116100,MG,Sudeste,0.16896978004612548,Baixo,41.12,66.15,0,80.0,2.3083333333333322,Atinge no ritmo atual,1
Zabelê - PB,2517407,PB,Nordeste,0.1689382937715155,Baixo,91.18,64.73,0,80.0,2.5449999999999995,Atinge no ritmo atual,1
Campo Alegre - SC,4203303,SC,Sul,0.16773778904221032,Baixo,66.48,59.82,1,80.0,3.3633333333333333,Precisa de ate 2x o ritmo,2
Primeira Cruz - MA,2109403,MA,Nordeste,0.16769461176393138,Baixo,75.54,68.97,0,80.0,1.8383333333333336,Atinge no ritmo atual,1
Planalto da Serra - MT,5106455,MT,Centro-Oeste,0.16769461176393138,Baixo,58.62,90.32,0,80.0,-1.7199999999999989,Meta ja atingida,2
Pedra Azul - MG,3148707,MG,Sudeste,0.16755782831030358,Baixo,57.01,60.74,0,80.0,3.2099999999999995,Precisa de ate 2x o ritmo,1
Figueirópolis D'Oeste - MT,5103809,MT,Centro-Oeste,0.16755782831030358,Baixo,86.02,58.78,1,80.0,3.5366666666666666,Precisa de ate 2x o ritmo,2
São Sebastião do Alto - RJ,3305307,RJ,Sudeste,0.16755782831030358,Baixo,63.7,49.68,1,80.0,5.053333333333334,Precisa de ate 2x o ritmo,2
Lagoa do Mato - MA,2105922,MA,Nordeste,0.16755782831030358,Baixo,85.96,78.44,0,80.0,0.2600000000000004,Atinge no ritmo atual,1
Porto Real - RJ,3304110,RJ,Sudeste,0.16755782831030358,Baixo,60.8,63.3,0,80.0,2.7833333333333337,Precisa de ate 2x o ritmo,0
Formosa da Serra Negra - MA,2104099,MA,Nordeste,0.16755782831030358,Baixo,85.6,84.29,0,80.0,-0.7150000000000011,Meta ja atingida,1
Alto Araguaia - MT,5100300,MT,Centro-Oeste,0.1674911853713797,Baixo,73.84,75.59,0,80.0,0.7349999999999994,Atinge no ritmo atual,0
São Jerônimo da Serra - PR,4124707,PR,Sul,0.1673159738695668,Baixo,81.2,71.33,0,80.0,1.4450000000000003,Atinge no ritmo atual,2
Ipojuca - PE,2607208,PE,Nordeste,0.1673159738695668,Baixo,68.37,64.15,0,80.0,2.6416666666666657,Precisa de ate 2x o ritmo,0
Divino das Laranjeiras - MG,3122108,MG,Sudeste,0.1665982672138623,Baixo,41.39,85.6,0,80.0,-0.9333333333333323,Meta ja atingida,2
Santa Bárbara do Monte Verde - MG,3157278,MG,Sudeste,0.16641512355921328,Baixo,51.99,67.82,0,80.0,2.030000000000001,Atinge no ritmo atual,2
Jatobá - PE,2608057,PE,Nordeste,0.16565028109145757,Baixo,76.14,68.05,0,80.0,1.9916666666666671,Atinge no ritmo atual,1
São Bernardino - SC,4215752,SC,Sul,0.16522815798063323,Baixo,83.02,69.54,0,80.0,1.7433333333333323,Atinge no ritmo atual,2
Atalanta - SC,4201802,SC,Sul,0.16500598877269645,Baixo,71.12,72.58,0,80.0,1.236666666666667,Atinge no ritmo atual,2
Nobres - MT,5105903,MT,Centro-Oeste,0.16415071316894517,Baixo,61.79,57.19,1,80.0,3.801666666666667,Precisa de ate 2x o ritmo,0
Santa Rita do Trivelato - MT,5107768,MT,Centro-Oeste,0.16415071316894517,Baixo,64.77,62.63,0,80.0,2.8949999999999996,Precisa de ate 2x o ritmo,2
Alta Floresta D'Oeste - RO,1100015,RO,Norte,0.16415071316894517,Baixo,64.55,67.79,0,80.0,2.034999999999999,Atinge no ritmo atual,2
Olhos-d'Água - MG,3145455,MG,Sudeste,0.163834336395312,Baixo,68.23,90.16,0,80.0,-1.6933333333333327,Meta ja atingida,2
Mogeiro - PB,2509404,PB,Nordeste,0.16338418515482783,Baixo,73.21,60.61,0,80.0,3.231666666666667,Precisa de ate 2x o ritmo,1
Ninheira - MG,3144656,MG,Sudeste,0.16297999596044555,Baixo,49.26,77.17,0,80.0,0.4716666666666664,Atinge no ritmo atual,1
Terra Roxa - PR,4127403,PR,Sul,0.16271139386928862,Baixo,68.55,76.19,0,80.0,0.6350000000000003,Atinge no ritmo atual,2
Dores de Guanhães - MG,3123106,MG,Sudeste,0.1617535338805654,Baixo,42.55,72.49,0,80.0,1.2516666666666676,Atinge no ritmo atual,2
Borborema - PB,2502706,PB,Nordeste,0.16108192620387743,Baixo,82.74,67.57,0,80.0,2.0716666666666677,Atinge no ritmo atual,1
São Francisco do Guaporé - RO,1101492,RO,Norte,0.16108192620387743,Baixo,65.79,62.99,0,80.0,2.8349999999999995,Precisa de ate 2x o ritmo,2
Catanduvas - SC,4204004,SC,Sul,0.16048515352550952,Baixo,68.3,72.43,0,80.0,1.2616666666666656,Atinge no ritmo atual,0
Itaobim - MG,3133303,MG,Sudeste,0.16034850695877623,Baixo,52.5,52.98,1,80.0,4.503333333333334,Precisa de ate 2x o ritmo,1
Reduto - MG,3154150,MG,Sudeste,0.16034850695877623,Baixo,39.44,85.67,0,80.0,-0.9450000000000003,Meta ja atingida,2
Santa Carmem - MT,5107248,MT,Centro-Oeste,0.15983625070581592,Baixo,71.5,93.91,0,80.0,-2.318333333333333,Meta ja atingida,2
Caranaíba - MG,3113107,MG,Sudeste,0.15939992516693532,Baixo,70.0,83.33,0,80.0,-0.5549999999999997,Meta ja atingida,2
Castelo do Piauí - PI,2202604,PI,Nordeste,0.15876661951909476,Baixo,75.09,82.63,0,80.0,-0.4383333333333326,Meta ja atingida,1
Carlos Chagas - MG,3113701,MG,Sudeste,0.15857745482523278,Baixo,56.45,55.83,1,80.0,4.028333333333333,Precisa de ate 2x o ritmo,2
Lago da Pedra - MA,2105708,MA,Nordeste,0.1584668532826635,Baixo,92.18,79.18,0,80.0,0.13666666666666552,Atinge no ritmo atual,1
Santa Luzia - MG,3157807,MG,Sudeste,0.15824510849961093,Baixo,51.89,70.02,0,80.0,1.663333333333334,Atinge no ritmo atual,0
Presidente Juscelino - MG,3153202,MG,Sudeste,0.157809805370781,Baixo,80.9,54.55,1,80.0,4.241666666666667,Precisa de ate 2x o ritmo,2
Alto Longá - PI,2200301,PI,Nordeste,0.1568524855758898,Baixo,90.92,82.41,0,80.0,-0.4016666666666661,Meta ja atingida,1
Córrego Danta - MG,3119807,MG,Sudeste,0.15682140554480978,Baixo,84.09,75.27,0,80.0,0.788333333333334,Atinge no ritmo atual,2
Praia Grande - SC,4213807,SC,Sul,0.15624985540775016,Baixo,67.81,71.88,0,80.0,1.3533333333333342,Atinge no ritmo atual,2
Ribeirão Pires - SP,3543303,SP,Sudeste,0.1560421286031042,Baixo,61.43,67.0,0,80.0,2.1666666666666665,Atinge no ritmo atual,0
Matupá - MT,5105606,MT,Centro-Oeste,0.1559275985731168,Baixo,65.6,52.57,1,80.0,4.571666666666666,Precisa de ate 2x o ritmo,0
Morro do Pilar - MG,3143708,MG,Sudeste,0.15558660219687145,Baixo,69.29,61.85,0,80.0,3.025,Precisa de ate 2x o ritmo,2
Içara - SC,4207007,SC,Sul,0.15558660219687145,Baixo,65.37,69.13,0,80.0,1.8116666666666674,Atinge no ritmo atual,0
Coronel Domingos Soares - PR,4106456,PR,Sul,0.15552911220773488,Baixo,78.28,62.47,0,80.0,2.921666666666667,Precisa de ate 2x o ritmo,2
Leoberto Leal - SC,4209805,SC,Sul,0.15506612227200461,Baixo,75.0,62.5,0,80.0,2.9166666666666665,Precisa de ate 2x o ritmo,2
Branquinha - AL,2701100,AL,Nordeste,0.15456140350877196,Baixo,76.44,79.89,0,80.0,0.01833333333333324,Atinge no ritmo atual,1
Comercinho - MG,3117009,MG,Sudeste,0.15453725938994664,Baixo,58.27,68.38,0,80.0,1.9366666666666674,Atinge no ritmo atual,1
Duas Barras - RJ,3301603,RJ,Sudeste,0.15452663194944855,Baixo,57.85,65.4,0,80.0,2.4333333333333322,Atinge no ritmo atual,2
Quatro Barras - PR,4120804,PR,Sul,0.15449060583441923,Baixo,66.78,67.24,0,80.0,2.1266666666666674,Atinge no ritmo atual,0
Cacoal - RO,1100049,RO,Norte,0.15449060583441923,Baixo,63.37,66.07,0,80.0,2.3216666666666677,Atinge no ritmo atual,0
Guaíra - PR,4108809,PR,Sul,0.15449060583441923,Baixo,63.23,69.53,0,80.0,1.7449999999999999,Atinge no ritmo atual,0
Patos do Piauí - PI,2207777,PI,Nordeste,0.15373214350623388,Baixo,81.59,63.04,0,80.0,2.8266666666666667,Precisa de ate 2x o ritmo,1
São João do Pacuí - MG,3162658,MG,Sudeste,0.1537145681222158,Baixo,74.18,86.4,0,80.0,-1.0666666666666675,Meta ja atingida,1
Ibiaí - MG,3129608,MG,Sudeste,0.15348262577876742,Baixo,56.95,76.41,0,80.0,0.5983333333333339,Atinge no ritmo atual,1
Periquito - MG,3149952,MG,Sudeste,0.1534625024098708,Baixo,45.31,44.47,1,80.0,5.921666666666667,Precisa de mais de 2x o ritmo,2
Limeira - SP,3526902,SP,Sudeste,0.15265092192298638,Baixo,62.18,62.93,0,80.0,2.845,Precisa de ate 2x o ritmo,0
Pitimbu - PB,2511905,PB,Nordeste,0.15230999637931603,Baixo,75.96,51.59,1,80.0,4.734999999999999,Precisa de ate 2x o ritmo,1
Santa Maria do Cambucá - PE,2612703,PE,Nordeste,0.15230999637931603,Baixo,83.17,70.05,0,80.0,1.6583333333333339,Atinge no ritmo atual,1
Ponte Branca - MT,5106703,MT,Centro-Oeste,0.15230999637931603,Baixo,76.77,96.88,0,80.0,-2.8133333333333326,Meta ja atingida,2
Guarinos - GO,5209457,GO,Centro-Oeste,0.15201764750153543,Baixo,52.38,95.65,0,80.0,-2.6083333333333343,Meta ja atingida,2
Belo Monte - AL,2700904,AL,Nordeste,0.15121109528041493,Baixo,83.89,98.82,0,80.0,-3.1366666666666654,Meta ja atingida,1
Goiabeira - MG,3127370,MG,Sudeste,0.15121109528041493,Baixo,67.76,91.43,0,80.0,-1.9050000000000011,Meta ja atingida,2
Santa Luz - PI,2209302,PI,Nordeste,0.15121109528041493,Baixo,100.0,55.68,1,80.0,4.053333333333334,Precisa de ate 2x o ritmo,1
Areia - PB,2501104,PB,Nordeste,0.15121109528041493,Baixo,85.08,90.53,0,80.0,-1.7550000000000001,Meta ja atingida,1
Santa Maria do Salto - MG,3158102,MG,Sudeste,0.15121109528041493,Baixo,57.42,52.89,1,80.0,4.5183333333333335,Precisa de ate 2x o ritmo,1
Porto dos Gaúchos - MT,5106802,MT,Centro-Oeste,0.15121109528041493,Baixo,65.8,74.29,0,80.0,0.9516666666666657,Atinge no ritmo atual,2
Bom Jesus do Amparo - MG,3107703,MG,Sudeste,0.15032393916775258,Baixo,46.67,90.32,0,80.0,-1.7199999999999989,Meta ja atingida,2
Itá - SC,4208005,SC,Sul,0.1502021213120417,Baixo,64.44,72.01,0,80.0,1.3316666666666659,Atinge no ritmo atual,2
Bom Jardim de Minas - MG,3107505,MG,Sudeste,0.1499838031133308,Baixo,47.71,60.13,0,80.0,3.311666666666666,Precisa de ate 2x o ritmo,2
Nova Belém - MG,3144672,MG,Sudeste,0.1499316070756968,Baixo,50.0,48.0,1,80.0,5.333333333333333,Precisa de mais de 2x o ritmo,1
Uiraúna - PB,2516904,PB,Nordeste,0.1499316070756968,Baixo,93.18,45.07,1,80.0,5.821666666666666,Precisa de mais de 2x o ritmo,1
Barro - CE,2302008,CE,Nordeste,0.1499316070756968,Baixo,67.84,63.94,0,80.0,2.676666666666667,Precisa de ate 2x o ritmo,1
Ribeirão das Neves - MG,3154606,MG,Sudeste,0.1499316070756968,Baixo,54.69,60.14,0,80.0,3.31,Precisa de ate 2x o ritmo,0
Solânea - PB,2516003,PB,Nordeste,0.1499316070756968,Baixo,78.56,45.73,1,80.0,5.711666666666667,Precisa de mais de 2x o ritmo,1
Montanha - ES,3203502,ES,Sudeste,0.1499316070756968,Baixo,63.05,80.21,0,80.0,-0.034999999999998956,Meta ja atingida,2
Nacip Raydan - MG,3144201,MG,Sudeste,0.1499316070756968,Baixo,58.67,62.86,0,80.0,2.856666666666667,Precisa de ate 2x o ritmo,1
Paty do Alferes - RJ,3303856,RJ,Sudeste,0.1499316070756968,Baixo,66.48,75.96,0,80.0,0.6733333333333343,Atinge no ritmo atual,0
Eldorado - MS,5003751,MS,Centro-Oeste,0.1499316070756968,Baixo,70.59,56.45,1,80.0,3.9249999999999994,Precisa de ate 2x o ritmo,2
Belém de Maria - PE,2601508,PE,Nordeste,0.14935093175857944,Baixo,71.24,79.67,0,80.0,0.054999999999999716,Atinge no ritmo atual,1
Poço de José de Moura - PB,2512077,PB,Nordeste,0.14935093175857944,Baixo,87.93,57.57,1,80.0,3.7383333333333333,Precisa de ate 2x o ritmo,1
Frei Inocêncio - MG,3126901,MG,Sudeste,0.14935093175857944,Baixo,53.11,64.71,0,80.0,2.5483333333333342,Precisa de ate 2x o ritmo,2
Ataléia - MG,3104700,MG,Sudeste,0.14923375106790093,Baixo,55.89,55.28,1,80.0,4.12,Precisa de ate 2x o ritmo,1
Ponto Chique - MG,3152131,MG,Sudeste,0.14916873490106167,Baixo,61.32,76.36,0,80.0,0.6066666666666668,Atinge no ritmo atual,1
Lagoa do Ouro - PE,2608602,PE,Nordeste,0.1483445855302856,Baixo,72.63,85.39,0,80.0,-0.8983333333333334,Meta ja atingida,1
Porto União - SC,4213609,SC,Sul,0.14801378446115288,Baixo,67.55,67.7,0,80.0,2.0499999999999994,Atinge no ritmo atual,0
Piracicaba - SP,3538709,SP,Sudeste,0.1475720302478733,Baixo,57.25,60.0,0,80.0,3.3333333333333335,Precisa de ate 2x o ritmo,0
Bom Jardim - MA,2102002,MA,Nordeste,0.1475623267999927,Baixo,93.9,68.58,0,80.0,1.9033333333333335,Atinge no ritmo atual,1
Embu-Guaçu - SP,3515103,SP,Sudeste,0.14729125617276367,Baixo,57.31,57.38,1,80.0,3.7699999999999996,Precisa de ate 2x o ritmo,0
Veríssimo - MG,3171105,MG,Sudeste,0.14729125617276367,Baixo,97.76,77.09,0,80.0,0.48499999999999943,Atinge no ritmo atual,2
Colônia Leopoldina - AL,2702108,AL,Nordeste,0.14729125617276367,Baixo,84.66,73.25,0,80.0,1.125,Atinge no ritmo atual,1
Iapu - MG,3129301,MG,Sudeste,0.1471515300548071,Baixo,37.09,67.68,0,80.0,2.0533333333333323,Atinge no ritmo atual,2
Junco do Maranhão - MA,2105658,MA,Nordeste,0.14702108731722896,Baixo,94.78,67.86,0,80.0,2.0233333333333334,Atinge no ritmo atual,1
Felisburgo - MG,3125606,MG,Sudeste,0.1468612784305981,Baixo,52.21,70.2,0,80.0,1.6333333333333329,Atinge no ritmo atual,1
Andirá - PR,4101101,PR,Sul,0.1468612784305981,Baixo,65.02,64.82,0,80.0,2.530000000000001,Atinge no ritmo atual,0
São Gonçalo do Gurguéia - PI,2209757,PI,Nordeste,0.146812843713353,Baixo,76.47,60.71,0,80.0,3.215,Precisa de ate 2x o ritmo,1
Rio Crespo - RO,1100262,RO,Norte,0.14668204885245478,Baixo,83.84,62.81,0,80.0,2.8649999999999998,Precisa de ate 2x o ritmo,2
Parnaguá - PI,2207603,PI,Nordeste,0.14607622328210562,Baixo,67.67,47.35,1,80.0,5.441666666666666,Precisa de mais de 2x o ritmo,1
Matões - MA,2106607,MA,Nordeste,0.14596958298537693,Baixo,72.34,34.52,1,80.0,7.579999999999999,Precisa de mais de 2x o ritmo,1
Tunápolis - SC,4218756,SC,Sul,0.1458342758355084,Baixo,79.86,77.65,0,80.0,0.3916666666666657,Atinge no ritmo atual,2
São Martinho - SC,4217105,SC,Sul,0.145762377331697,Baixo,68.21,56.74,1,80.0,3.8766666666666665,Precisa de ate 2x o ritmo,2
Varzelândia - MG,3170909,MG,Sudeste,0.14558179022587997,Baixo,52.13,69.33,0,80.0,1.7783333333333335,Atinge no ritmo atual,1
Salto - SP,3545209,SP,Sudeste,0.14519335407486156,Baixo,57.56,67.33,0,80.0,2.111666666666667,Atinge no ritmo atual,0
Muzambinho - MG,3144102,MG,Sudeste,0.14519335407486156,Baixo,43.36,75.51,0,80.0,0.7483333333333325,Atinge no ritmo atual,0
Juatuba - MG,3136652,MG,Sudeste,0.14519335407486156,Baixo,47.58,68.53,0,80.0,1.9116666666666664,Atinge no ritmo atual,0
Cocal dos Alves - PI,2202729,PI,Nordeste,0.14519335407486156,Baixo,80.26,87.68,0,80.0,-1.2800000000000011,Meta ja atingida,1
Biquinhas - MG,3107000,MG,Sudeste,0.14507526739296,Baixo,88.0,58.22,1,80.0,3.6300000000000003,Precisa de ate 2x o ritmo,2
Paraíso - SC,4212239,SC,Sul,0.14448288912697885,Baixo,85.76,83.86,0,80.0,-0.6433333333333332,Meta ja atingida,2
Caldas - MG,3110301,MG,Sudeste,0.14448288912697885,Baixo,51.38,72.95,0,80.0,1.1749999999999996,Atinge no ritmo atual,2
Uirapuru - GO,5221577,GO,Centro-Oeste,0.14448288912697885,Baixo,38.84,66.67,0,80.0,2.2216666666666662,Atinge no ritmo atual,2
Itambacuri - MG,3132701,MG,Sudeste,0.14427077763814472,Baixo,53.64,57.33,1,80.0,3.7783333333333338,Precisa de ate 2x o ritmo,1
Quissamã - RJ,3304151,RJ,Sudeste,0.14415401671499234,Baixo,66.22,70.11,0,80.0,1.6483333333333334,Atinge no ritmo atual,0
Cambuci - RJ,3300902,RJ,Sudeste,0.14415401671499234,Baixo,69.0,64.38,0,80.0,2.603333333333334,Precisa de ate 2x o ritmo,2
Saquarema - RJ,3305505,RJ,Sudeste,0.14415401671499234,Baixo,63.54,62.51,0,80.0,2.9150000000000005,Precisa de ate 2x o ritmo,0
Iraí de Minas - MG,3131604,MG,Sudeste,0.14389886286771367,Baixo,38.41,77.81,0,80.0,0.3649999999999996,Atinge no ritmo atual,2
Ribeirão Vermelho - MG,3154705,MG,Sudeste,0.14389886286771367,Baixo,42.82,80.2,0,80.0,-0.033333333333333805,Meta ja atingida,2
Zé Doca - MA,2114007,MA,Nordeste,0.14389886286771367,Baixo,81.54,72.3,0,80.0,1.2833333333333339,Atinge no ritmo atual,1
São Roque de Minas - MG,3164308,MG,Sudeste,0.1432405968015724,Baixo,71.16,77.02,0,80.0,0.4966666666666673,Atinge no ritmo atual,2
Itariri - SP,3523305,SP,Sudeste,0.1431568733163871,Baixo,57.26,64.57,0,80.0,2.5716666666666677,Precisa de ate 2x o ritmo,2
Veredinha - MG,3171071,MG,Sudeste,0.14297736529505795,Baixo,62.13,77.02,0,80.0,0.4966666666666673,Atinge no ritmo atual,2
Santa Cruz de Salinas - MG,3157377,MG,Sudeste,0.14297736529505795,Baixo,83.36,72.73,0,80.0,1.211666666666666,Atinge no ritmo atual,1
Buriti dos Montes - PI,2202026,PI,Nordeste,0.14184403161812198,Baixo,84.87,98.33,0,80.0,-3.0549999999999997,Meta ja atingida,1
Santa Cruz - PE,2612455,PE,Nordeste,0.14161764705882351,Baixo,69.26,69.1,0,80.0,1.8166666666666675,Atinge no ritmo atual,1
Fernando de Noronha - PE,2605459,PE,Nordeste,0.14121917911890275,Baixo,78.11,86.01,0,,,Sem meta definida,0
Porto Velho - RO,1100205,RO,Norte,0.1411886081845955,Baixo,64.47,51.67,1,80.0,4.721666666666667,Precisa de ate 2x o ritmo,0
Planura - MG,3151602,MG,Sudeste,0.14103680908748467,Baixo,45.91,65.98,0,80.0,2.336666666666666,Atinge no ritmo atual,0
Feira Nova do Maranhão - MA,2104073,MA,Nordeste,0.1408297177112252,Baixo,84.89,65.38,0,80.0,2.4366666666666674,Atinge no ritmo atual,1
Lagoa de Itaenga - PE,2608503,PE,Nordeste,0.1408297177112252,Baixo,70.34,79.42,0,80.0,0.09666666666666639,Atinge no ritmo atual,1
Apiacá - ES,3200508,ES,Sudeste,0.14079867892583656,Baixo,58.4,62.88,0,80.0,2.853333333333333,Precisa de ate 2x o ritmo,2
Francinópolis - PI,2204006,PI,Nordeste,0.14053410721272988,Baixo,77.97,84.21,0,80.0,-0.7016666666666657,Meta ja atingida,1
Novo Horizonte - SC,4211652,SC,Sul,0.1402143449743934,Baixo,91.6,86.57,0,80.0,-1.0949999999999989,Meta ja atingida,2
São José da Laje - AL,2708303,AL,Nordeste,0.1401740435106443,Baixo,79.22,95.31,0,80.0,-2.551666666666667,Meta ja atingida,1
União de Minas - MG,3170438,MG,Sudeste,0.13979217273954117,Baixo,72.25,72.68,0,80.0,1.2199999999999989,Atinge no ritmo atual,2
Itinga do Maranhão - MA,2105427,MA,Nordeste,0.13957315398080167,Baixo,79.92,60.13,0,80.0,3.311666666666666,Precisa de ate 2x o ritmo,1
Aragoiânia - GO,5201801,GO,Centro-Oeste,0.13913695810580892,Baixo,54.97,62.84,0,80.0,2.8599999999999994,Precisa de ate 2x o ritmo,2
Nova Friburgo - RJ,3303401,RJ,Sudeste,0.13913695810580892,Baixo,65.29,68.84,0,80.0,1.8599999999999994,Atinge no ritmo atual,0
Rio das Flores - RJ,3304508,RJ,Sudeste,0.13913695810580892,Baixo,59.69,67.73,0,80.0,2.0449999999999995,Atinge no ritmo atual,2
Varginha - MG,3170701,MG,Sudeste,0.13913695810580892,Baixo,50.68,71.53,0,80.0,1.4116666666666664,Atinge no ritmo atual,0
Miradouro - MG,3142106,MG,Sudeste,0.13913695810580892,Baixo,47.26,75.29,0,80.0,0.7849999999999989,Atinge no ritmo atual,2
Rolim de Moura - RO,1100288,RO,Norte,0.13883566666127953,Baixo,68.8,74.17,0,80.0,0.9716666666666663,Atinge no ritmo atual,0
Vera Mendes - PI,2211506,PI,Nordeste,0.13869675256792172,Baixo,94.44,48.57,1,80.0,5.238333333333333,Precisa de mais de 2x o ritmo,1
Paiçandu - PR,4117503,PR,Sul,0.13853709303308034,Baixo,68.48,62.96,0,80.0,2.84,Precisa de ate 2x o ritmo,0
Santa Cruz do Rio Pardo - SP,3546405,SP,Sudeste,0.13820336359452787,Baixo,52.96,70.73,0,80.0,1.5449999999999993,Atinge no ritmo atual,0
Aimorés - MG,3101102,MG,Sudeste,0.13804295885602602,Baixo,56.8,61.99,0,80.0,3.0016666666666665,Precisa de ate 2x o ritmo,0
Conceição do Mato Dentro - MG,3117504,MG,Sudeste,0.13804295885602602,Baixo,59.47,79.7,0,80.0,0.049999999999999524,Atinge no ritmo atual,2
São Bento - MA,2110500,MA,Nordeste,0.13793494019305594,Baixo,93.75,79.26,0,80.0,0.12333333333333248,Atinge no ritmo atual,1
Jatobá do Piauí - PI,2205276,PI,Nordeste,0.13777310469956722,Baixo,73.84,95.24,0,80.0,-2.539999999999999,Meta ja atingida,1
Nova Xavantina - MT,5106257,MT,Centro-Oeste,0.13759251759375016,Baixo,71.61,45.12,1,80.0,5.8133333333333335,Precisa de mais de 2x o ritmo,0
Bom Jesus do Oeste - SC,4202578,SC,Sul,0.13657007512393932,Baixo,73.31,95.99,0,80.0,-2.664999999999999,Meta ja atingida,2
Águas Vermelhas - MG,3101003,MG,Sudeste,0.1365051879552984,Baixo,42.77,74.46,0,80.0,0.9233333333333343,Atinge no ritmo atual,1
Torixoréu - MT,5108204,MT,Centro-Oeste,0.13649361649484906,Baixo,95.14,88.61,0,80.0,-1.4349999999999998,Meta ja atingida,2
Santa Terezinha - SC,4215679,SC,Sul,0.13649361649484906,Baixo,80.9,73.52,0,80.0,1.0800000000000007,Atinge no ritmo atual,2
Quixaba - PE,2611533,PE,Nordeste,0.1364021452836528,Baixo,80.26,87.04,0,80.0,-1.1733333333333344,Meta ja atingida,1
Ipubi - PE,2607307,PE,Nordeste,0.13593461281612032,Baixo,72.0,70.08,0,80.0,1.6533333333333335,Atinge no ritmo atual,1
Sumaré - SP,3552403,SP,Sudeste,0.13593461281612032,Baixo,54.16,57.49,1,80.0,3.7516666666666665,Precisa de ate 2x o ritmo,0
Joviânia - GO,5212105,GO,Centro-Oeste,0.1355380652434675,Baixo,57.9,67.17,0,80.0,2.138333333333333,Atinge no ritmo atual,2
Terra Rica - PR,4127304,PR,Sul,0.1353061010028223,Baixo,69.02,81.46,0,80.0,-0.2433333333333323,Meta ja atingida,2
Japonvar - MG,3135357,MG,Sudeste,0.1353061010028223,Baixo,63.69,71.16,0,80.0,1.4733333333333338,Atinge no ritmo atual,1
São Domingos - PB,2513968,PB,Nordeste,0.13500342634723975,Baixo,83.33,54.55,1,80.0,4.241666666666667,Precisa de ate 2x o ritmo,1
Iraceminha - SC,4207759,SC,Sul,0.13476661951909477,Baixo,78.28,70.07,0,80.0,1.6550000000000011,Atinge no ritmo atual,2
Vargem Grande - MA,2112704,MA,Nordeste,0.1340658557408379,Baixo,98.85,96.58,0,80.0,-2.763333333333333,Meta ja atingida,1
Barra de Guabiraba - PE,2601300,PE,Nordeste,0.13388538117230814,Baixo,80.78,86.54,0,80.0,-1.090000000000001,Meta ja atingida,1
Taquarussu - MS,5007976,MS,Centro-Oeste,0.13326224859379782,Baixo,78.85,85.45,0,80.0,-0.9083333333333338,Meta ja atingida,2
Sul Brasil - SC,4217758,SC,Sul,0.13279321882403958,Baixo,76.19,73.21,0,80.0,1.1316666666666677,Atinge no ritmo atual,2
São João da Lagoa - MG,3162252,MG,Sudeste,0.13278410697683837,Baixo,49.97,77.83,0,80.0,0.36166666666666697,Atinge no ritmo atual,2
Nova Porteirinha - MG,3145059,MG,Sudeste,0.1323519111957246,Baixo,41.56,51.93,1,80.0,4.678333333333334,Precisa de ate 2x o ritmo,2
Paracambi - RJ,3303609,RJ,Sudeste,0.13232718041110317,Baixo,64.31,69.98,0,80.0,1.6699999999999993,Atinge no ritmo atual,0
Curitiba - PR,4106902,PR,Sul,0.13232438675084923,Baixo,70.41,65.96,0,80.0,2.340000000000001,Atinge no ritmo atual,0
Manoel Ribas - PR,4114500,PR,Sul,0.13232438675084923,Baixo,67.7,71.98,0,80.0,1.336666666666666,Atinge no ritmo atual,2
São José de Princesa - PB,2514552,PB,Nordeste,0.13232438675084923,Baixo,82.35,81.82,0,80.0,-0.3033333333333322,Meta ja atingida,1
Santo Hipólito - MG,3160603,MG,Sudeste,0.13208019713508806,Baixo,58.82,93.33,0,80.0,-2.2216666666666662,Meta ja atingida,2
Taperoá - PB,2516508,PB,Nordeste,0.13203850892001642,Baixo,78.33,90.59,0,80.0,-1.7650000000000006,Meta ja atingida,1
Jacobina do Piauí - PI,2205151,PI,Nordeste,0.1320025892571516,Baixo,88.51,84.31,0,80.0,-0.7183333333333337,Meta ja atingida,1
Joaquim Felício - MG,3136405,MG,Sudeste,0.1315820890640854,Baixo,52.38,71.38,0,80.0,1.4366666666666674,Atinge no ritmo atual,2
Juazeiro do Norte - CE,2307304,CE,Nordeste,0.1310938135583371,Baixo,60.56,59.48,1,80.0,3.4200000000000004,Precisa de ate 2x o ritmo,0
Monte Negro - RO,1101401,RO,Norte,0.1310519399334474,Baixo,72.19,69.92,0,80.0,1.6799999999999997,Atinge no ritmo atual,2
Santo Antônio de Pádua - RJ,3304706,RJ,Sudeste,0.13104489854613113,Baixo,66.37,73.82,0,80.0,1.0300000000000011,Atinge no ritmo atual,0
Mesquita - MG,3141702,MG,Sudeste,0.13104489854613113,Baixo,53.17,63.47,0,80.0,2.7550000000000003,Precisa de ate 2x o ritmo,2
Serra Talhada - PE,2613909,PE,Nordeste,0.13104489854613113,Baixo,76.13,77.92,0,80.0,0.3466666666666664,Atinge no ritmo atual,0
Belmonte - SC,4202156,SC,Sul,0.13104489854613113,Baixo,72.9,80.41,0,80.0,-0.06833333333333276,Meta ja atingida,2
Coité do Nóia - AL,2702009,AL,Nordeste,0.13104489854613113,Baixo,74.97,77.24,0,80.0,0.46000000000000085,Atinge no ritmo atual,1
Alvorada do Sul - PR,4100806,PR,Sul,0.13066618875348016,Baixo,69.39,72.48,0,80.0,1.2533333333333327,Atinge no ritmo atual,2
Orizânia - MG,3145877,MG,Sudeste,0.13066618875348016,Baixo,62.75,75.97,0,80.0,0.6716666666666669,Atinge no ritmo atual,1
São José da Safira - MG,3163003,MG,Sudeste,0.1305589819027953,Baixo,72.52,52.73,1,80.0,4.545000000000001,Precisa de ate 2x o ritmo,1
Gouvelândia - GO,5209150,GO,Centro-Oeste,0.1305589819027953,Baixo,39.78,81.36,0,80.0,-0.22666666666666657,Meta ja atingida,2
Serra dos Aimorés - MG,3166709,MG,Sudeste,0.12998592523564528,Baixo,58.13,65.83,0,80.0,2.361666666666667,Atinge no ritmo atual,1
Cocalinho - MT,5103106,MT,Centro-Oeste,0.12992036824405778,Baixo,78.71,52.39,1,80.0,4.601666666666667,Precisa de ate 2x o ritmo,2
Rio Claro - RJ,3304409,RJ,Sudeste,0.12992036824405778,Baixo,65.58,65.54,0,80.0,2.409999999999999,Atinge no ritmo atual,2
Cascalho Rico - MG,3115003,MG,Sudeste,0.1295217448086718,Baixo,63.9,85.84,0,80.0,-0.9733333333333339,Meta ja atingida,2
Peabiru - PR,4118808,PR,Sul,0.1295217448086718,Baixo,69.48,74.24,0,80.0,0.9600000000000009,Atinge no ritmo atual,0
Gado Bravo - PB,2506251,PB,Nordeste,0.1295217448086718,Baixo,78.26,70.71,0,80.0,1.5483333333333344,Atinge no ritmo atual,1
Felixlândia - MG,3125705,MG,Sudeste,0.12950645845382688,Baixo,54.14,75.1,0,80.0,0.8166666666666677,Atinge no ritmo atual,2
São Gonçalo do Abaeté - MG,3161700,MG,Sudeste,0.12950645845382688,Baixo,89.0,82.95,0,80.0,-0.49166666666666714,Meta ja atingida,2
Água Fria de Goiás - GO,5200175,GO,Centro-Oeste,0.12935372005044138,Baixo,55.81,87.44,0,80.0,-1.2399999999999995,Meta ja atingida,2
Divisópolis - MG,3122454,MG,Sudeste,0.1284996980953756,Baixo,42.46,72.43,0,80.0,1.2616666666666656,Atinge no ritmo atual,1
Rio do Campo - SC,4214508,SC,Sul,0.12826518107824825,Baixo,70.75,80.05,0,80.0,-0.00833333333333286,Meta ja atingida,2
Argirita - MG,3104403,MG,Sudeste,0.128259105793029,Baixo,55.13,89.33,0,80.0,-1.5549999999999997,Meta ja atingida,2
Nova União - MG,3136603,MG,Sudeste,0.12805158544584955,Baixo,47.99,92.79,0,80.0,-2.1316666666666677,Meta ja atingida,2
São Sebastião do Maranhão - MG,3164506,MG,Sudeste,0.12790746675128015,Baixo,66.24,81.61,0,,,Sem meta definida,1
Santana do Maranhão - MA,2110237,MA,Nordeste,0.12731682837069253,Baixo,85.85,54.17,1,80.0,4.305,Precisa de ate 2x o ritmo,1
Matinha - MA,2106508,MA,Nordeste,0.12610040567951317,Baixo,63.97,46.67,1,80.0,5.555,Precisa de mais de 2x o ritmo,1
Angelina - SC,4200903,SC,Sul,0.12584818294386046,Baixo,75.77,71.67,0,80.0,1.388333333333333,Atinge no ritmo atual,2
Miracema - RJ,3303005,RJ,Sudeste,0.12578026269339387,Baixo,67.56,69.51,0,80.0,1.7483333333333324,Atinge no ritmo atual,0
Currais - PI,2203230,PI,Nordeste,0.12571170119079528,Baixo,93.16,92.5,0,80.0,-2.0833333333333335,Meta ja atingida,1
São João da Ponte - MG,3162401,MG,Sudeste,0.1256852445290579,Baixo,65.62,63.51,0,80.0,2.7483333333333335,Precisa de ate 2x o ritmo,1
Agrestina - PE,2600302,PE,Nordeste,0.125632208683313,Baixo,71.71,64.09,0,80.0,2.651666666666666,Precisa de ate 2x o ritmo,1
Montes Altos - MA,2107001,MA,Nordeste,0.12538777881093827,Baixo,71.31,55.27,1,80.0,4.121666666666666,Precisa de ate 2x o ritmo,1
Porto Estrela - MT,5106851,MT,Centro-Oeste,0.1252998316843367,Baixo,89.12,77.75,0,80.0,0.375,Atinge no ritmo atual,1
Nova Laranjeiras - PR,4117057,PR,Sul,0.1250925175937502,Baixo,77.48,68.33,0,80.0,1.9450000000000003,Atinge no ritmo atual,2
Itapagipe - MG,3133402,MG,Sudeste,0.12405774050510891,Baixo,63.86,77.3,0,80.0,0.45000000000000046,Atinge no ritmo atual,2
Nova Ubiratã - MT,5106240,MT,Centro-Oeste,0.12356751711508722,Baixo,73.23,58.41,1,80.0,3.598333333333334,Precisa de ate 2x o ritmo,2
Santana do Riacho - MG,3159001,MG,Sudeste,0.12356751711508722,Baixo,60.89,80.15,0,80.0,-0.02500000000000095,Meta ja atingida,2
São Geraldo do Baixio - MG,3161650,MG,Sudeste,0.12356751711508722,Baixo,71.16,76.32,0,80.0,0.6133333333333345,Atinge no ritmo atual,2
Barão do Monte Alto - MG,3105509,MG,Sudeste,0.12336679451372232,Baixo,63.54,89.21,0,80.0,-1.534999999999999,Meta ja atingida,2
Cordislândia - MG,3119005,MG,Sudeste,0.12336679451372232,Baixo,47.14,73.53,0,80.0,1.0783333333333331,Atinge no ritmo atual,2
Passa Vinte - MG,3147808,MG,Sudeste,0.12330865625602468,Baixo,61.11,77.27,0,80.0,0.4550000000000007,Atinge no ritmo atual,2
Senador Alexandre Costa - MA,2111748,MA,Nordeste,0.1232059553349876,Baixo,95.63,96.12,0,80.0,-2.6866666666666674,Meta ja atingida,1
Jurema - PI,2205532,PI,Nordeste,0.1232059553349876,Baixo,96.41,98.36,0,80.0,-3.06,Meta ja atingida,1
Cidade Gaúcha - PR,4105607,PR,Sul,0.12306552953438035,Baixo,64.72,63.42,0,80.0,2.763333333333333,Precisa de ate 2x o ritmo,2
Cordisburgo - MG,3118908,MG,Sudeste,0.12262282115950107,Baixo,65.59,79.85,0,80.0,0.02500000000000095,Atinge no ritmo atual,2
Teixeirópolis - RO,1101559,RO,Norte,0.12262282115950107,Baixo,71.95,65.3,0,80.0,2.4500000000000006,Atinge no ritmo atual,2
Vargem Bonita - MG,3170602,MG,Sudeste,0.12262282115950107,Baixo,58.82,69.23,0,80.0,1.7949999999999993,Atinge no ritmo atual,2
Mata Verde - MG,3140555,MG,Sudeste,0.12262282115950107,Baixo,62.81,67.41,0,80.0,2.098333333333334,Atinge no ritmo atual,1
Armação dos Búzios - RJ,3300233,RJ,Sudeste,0.12262282115950107,Baixo,67.2,68.56,0,80.0,1.9066666666666663,Atinge no ritmo atual,0
Cafeara - PR,4103404,PR,Sul,0.12186811042197458,Baixo,80.11,63.42,0,80.0,2.763333333333333,Precisa de ate 2x o ritmo,2
Macuco - RJ,3302452,RJ,Sudeste,0.121701428697416,Baixo,63.62,77.99,0,80.0,0.33500000000000085,Atinge no ritmo atual,2
Iguaracy - PE,2606903,PE,Nordeste,0.121701428697416,Baixo,72.59,83.67,0,80.0,-0.6116666666666669,Meta ja atingida,1
Quilombo - SC,4214201,SC,Sul,0.1213985643397408,Baixo,67.13,70.08,0,80.0,1.6533333333333335,Atinge no ritmo atual,2
Padre Bernardo - GO,5215603,GO,Centro-Oeste,0.12139664090545225,Baixo,58.23,69.56,0,80.0,1.7399999999999995,Atinge no ritmo atual,2
São José do Divino - PI,2210052,PI,Nordeste,0.12073053601746302,Baixo,100.0,92.65,0,80.0,-2.1083333333333343,Meta ja atingida,1
Montalvânia - MG,3142700,MG,Sudeste,0.12040683237969743,Baixo,52.48,66.9,0,80.0,2.1833333333333322,Atinge no ritmo atual,1
Urucuia - MG,3170529,MG,Sudeste,0.12040683237969743,Baixo,56.93,67.15,0,80.0,2.1416666666666657,Atinge no ritmo atual,1
Marliéria - MG,3140308,MG,Sudeste,0.12040683237969743,Baixo,61.76,70.98,0,80.0,1.5033333333333327,Atinge no ritmo atual,2
Vila Nova do Piauí - PI,2211605,PI,Nordeste,0.12026298324207732,Baixo,100.0,100.0,0,80.0,-3.3333333333333335,Meta ja atingida,1
Espigão Alto do Iguaçu - PR,4107546,PR,Sul,0.1198885869842645,Baixo,71.95,81.78,0,80.0,-0.29666666666666686,Meta ja atingida,2
Bocaina - PI,2201804,PI,Nordeste,0.11982045439346192,Baixo,90.77,55.0,1,80.0,4.166666666666667,Precisa de ate 2x o ritmo,1
Treviso - SC,4218350,SC,Sul,0.11979687523369191,Baixo,68.59,56.3,1,80.0,3.9500000000000006,Precisa de ate 2x o ritmo,2
Salto do Céu - MT,5107750,MT,Centro-Oeste,0.11971845761818127,Baixo,88.32,97.49,0,80.0,-2.914999999999999,Meta ja atingida,2
Assunção do Piauí - PI,2201051,PI,Nordeste,0.11961534708396444,Baixo,84.48,69.88,0,80.0,1.6866666666666674,Atinge no ritmo atual,1
Renascença - PR,4121604,PR,Sul,0.11943539785855735,Baixo,70.83,82.55,0,80.0,-0.42499999999999954,Meta ja atingida,2
São João do Sul - SC,4216404,SC,Sul,0.11908665580858191,Baixo,77.85,76.69,0,80.0,0.5516666666666671,Atinge no ritmo atual,2
Fervedouro - MG,3125952,MG,Sudeste,0.11904991354590086,Baixo,66.12,76.31,0,80.0,0.6149999999999997,Atinge no ritmo atual,1
Campina Verde - MG,3111101,MG,Sudeste,0.11904991354590086,Baixo,77.26,75.03,0,80.0,0.8283333333333331,Atinge no ritmo atual,2
Nova Erechim - SC,4211405,SC,Sul,0.11904991354590086,Baixo,69.15,72.86,0,80.0,1.1900000000000002,Atinge no ritmo atual,2
Marizópolis - PB,2509156,PB,Nordeste,0.11898349503735921,Baixo,100.0,98.16,0,80.0,-3.026666666666666,Meta ja atingida,1
Itacambira - MG,3132008,MG,Sudeste,0.11877807686536826,Baixo,78.57,100.0,0,80.0,-3.3333333333333335,Meta ja atingida,1
Iguape - SP,3520301,SP,Sudeste,0.11877807686536826,Baixo,58.77,62.11,0,80.0,2.981666666666667,Precisa de ate 2x o ritmo,0
Riacho dos Machados - MG,3154507,MG,Sudeste,0.11877807686536826,Baixo,67.54,70.0,0,80.0,1.6666666666666667,Atinge no ritmo atual,2
Bom Despacho - MG,3107406,MG,Sudeste,0.11808022646826233,Baixo,52.46,73.33,0,80.0,1.111666666666667,Atinge no ritmo atual,0
Campo Bonito - PR,4104055,PR,Sul,0.11803836104183878,Baixo,72.87,78.31,0,80.0,0.2816666666666663,Atinge no ritmo atual,2
Jussara - GO,5212204,GO,Centro-Oeste,0.11798861659289564,Baixo,58.98,79.77,0,80.0,0.038333333333333997,Atinge no ritmo atual,0
Cavalcante - GO,5205307,GO,Centro-Oeste,0.11785993830730672,Baixo,60.19,84.5,0,80.0,-0.75,Meta ja atingida,1
Pratinha - MG,3153004,MG,Sudeste,0.11765224449632976,Baixo,85.44,52.8,1,80.0,4.533333333333334,Precisa de ate 2x o ritmo,2
Senador José Bento - MG,3165800,MG,Sudeste,0.11763623660508742,Baixo,35.71,70.0,0,,,Sem meta definida,2
Vazante - MG,3171006,MG,Sudeste,0.11763623660508742,Baixo,48.56,65.3,0,80.0,2.4500000000000006,Atinge no ritmo atual,2
Tapira - MG,3168101,MG,Sudeste,0.11725698425297156,Baixo,56.1,79.68,0,80.0,0.0533333333333322,Atinge no ritmo atual,2
Pedrinópolis - MG,3149200,MG,Sudeste,0.11682971771122523,Baixo,59.7,79.95,0,80.0,0.00833333333333286,Atinge no ritmo atual,2
Franca - SP,3516200,SP,Sudeste,0.11646809176849793,Baixo,63.83,70.87,0,80.0,1.5216666666666658,Atinge no ritmo atual,0
Afonso Cunha - MA,2100105,MA,Nordeste,0.11623623961240348,Baixo,72.13,93.1,0,80.0,-2.1833333333333322,Meta ja atingida,1
Arraial - PI,2201002,PI,Nordeste,0.11541546018955055,Baixo,83.8,98.15,0,80.0,-3.025000000000001,Meta ja atingida,1
Salgado de São Félix - PB,2513109,PB,Nordeste,0.11517914721127225,Baixo,87.4,40.52,1,80.0,6.579999999999999,Precisa de mais de 2x o ritmo,1
Milagres do Maranhão - MA,2106672,MA,Nordeste,0.11517914721127225,Baixo,100.0,96.86,0,80.0,-2.81,Meta ja atingida,1
Saltinho - SC,4215356,SC,Sul,0.11508818787246859,Baixo,95.13,75.29,0,80.0,0.7849999999999989,Atinge no ritmo atual,2
Fundão - ES,3202207,ES,Sudeste,0.11492701461508177,Baixo,61.33,62.28,0,80.0,2.953333333333333,Precisa de ate 2x o ritmo,0
Carneirinho - MG,3114550,MG,Sudeste,0.11460546910145641,Baixo,52.21,64.51,0,80.0,2.5816666666666657,Precisa de ate 2x o ritmo,0
Piranga - MG,3150802,MG,Sudeste,0.11460546910145641,Baixo,60.1,76.61,0,80.0,0.5650000000000001,Atinge no ritmo atual,1
Piraí do Sul - PR,4119400,PR,Sul,0.11398667990983942,Baixo,72.99,74.06,0,80.0,0.9899999999999997,Atinge no ritmo atual,0
Tamarana - PR,4126678,PR,Sul,0.11398667990983942,Baixo,73.85,65.46,0,80.0,2.4233333333333342,Atinge no ritmo atual,2
Padre Marcos - PI,2207207,PI,Nordeste,0.11393235158766682,Baixo,86.44,100.0,0,80.0,-3.3333333333333335,Meta ja atingida,1
Betim - MG,3106705,MG,Sudeste,0.11383161236829228,Baixo,54.39,66.97,0,80.0,2.171666666666667,Atinge no ritmo atual,0
Esmeraldas - MG,3124104,MG,Sudeste,0.11383161236829228,Baixo,51.06,68.41,0,80.0,1.9316666666666673,Atinge no ritmo atual,0
Vargeão - SC,4219101,SC,Sul,0.11383161236829228,Baixo,80.87,52.72,1,80.0,4.546666666666667,Precisa de ate 2x o ritmo,2
Araucária - PR,4101804,PR,Sul,0.1130903175863049,Baixo,69.52,69.02,0,80.0,1.8300000000000007,Atinge no ritmo atual,0
Costa Marques - RO,1100080,RO,Norte,0.1130903175863049,Baixo,80.68,59.63,1,80.0,3.3949999999999996,Precisa de ate 2x o ritmo,2
Ibirité - MG,3129806,MG,Sudeste,0.1130903175863049,Baixo,52.62,66.46,0,80.0,2.2566666666666677,Atinge no ritmo atual,0
Ipuiúna - MG,3131505,MG,Sudeste,0.11303111408497826,Baixo,52.86,63.82,0,80.0,2.6966666666666668,Precisa de ate 2x o ritmo,2
Bicas - MG,3106903,MG,Sudeste,0.11254618529403673,Baixo,45.18,70.71,0,80.0,1.5483333333333344,Atinge no ritmo atual,0
Novo Oriente de Minas - MG,3145356,MG,Sudeste,0.11254618529403673,Baixo,53.59,67.04,0,80.0,2.159999999999999,Atinge no ritmo atual,1
Calumbi - PE,2603405,PE,Nordeste,0.11249198427183564,Baixo,74.41,86.03,0,80.0,-1.0050000000000001,Meta ja atingida,1
São Domingos do Cariri - PB,2513943,PB,Nordeste,0.11246783548771395,Baixo,95.45,100.0,0,80.0,-3.3333333333333335,Meta ja atingida,1
Santa Rita de Ibitipoca - MG,3159407,MG,Sudeste,0.1120648321867834,Baixo,65.38,88.22,0,80.0,-1.3699999999999999,Meta ja atingida,2
Cujubim - RO,1100940,RO,Norte,0.11179555068728811,Baixo,77.47,67.6,0,80.0,2.0666666666666678,Atinge no ritmo atual,2
Leandro Ferreira - MG,3138302,MG,Sudeste,0.11177479216595645,Baixo,85.73,74.29,0,,,Sem meta definida,2
Pedro Teixeira - MG,3149408,MG,Sudeste,0.11168702929130833,Baixo,80.0,100.0,0,80.0,-3.3333333333333335,Meta ja atingida,2
Oratórios - MG,3145851,MG,Sudeste,0.11166711020379012,Baixo,73.86,82.24,0,80.0,-0.37333333333333246,Meta ja atingida,2
Flores - PE,2605608,PE,Nordeste,0.11166711020379012,Baixo,74.26,68.28,0,80.0,1.9533333333333331,Atinge no ritmo atual,1
Santa Rosa de Lima - SC,4215604,SC,Sul,0.11166711020379012,Baixo,92.81,86.49,0,80.0,-1.0816666666666659,Meta ja atingida,2
Lajeado Grande - SC,4209458,SC,Sul,0.11166711020379012,Baixo,78.57,66.07,0,80.0,2.3216666666666677,Atinge no ritmo atual,2
Solidão - PE,2614402,PE,Nordeste,0.11161562358848864,Baixo,74.63,93.99,0,80.0,-2.3316666666666657,Meta ja atingida,1
Presidente Kubitschek - MG,3153301,MG,Sudeste,0.11161562358848864,Baixo,75.75,79.86,0,80.0,0.023333333333333428,Atinge no ritmo atual,2
Santa Maria de Itabira - MG,3158003,MG,Sudeste,0.11158886774256142,Baixo,54.64,77.79,0,80.0,0.3683333333333323,Atinge no ritmo atual,2
Olho d'Água Grande - AL,2705903,AL,Nordeste,0.11131484825694767,Baixo,88.26,82.14,0,80.0,-0.35666666666666674,Meta ja atingida,1
Acauã - PI,2200053,PI,Nordeste,0.11131484825694767,Baixo,81.71,81.89,0,80.0,-0.3150000000000001,Meta ja atingida,1
Jenipapo de Minas - MG,3135456,MG,Sudeste,0.1112833854761169,Baixo,63.69,59.39,1,,,Sem meta definida,1
Sete Lagoas - MG,3167202,MG,Sudeste,0.1112833854761169,Baixo,57.58,71.22,0,80.0,1.4633333333333336,Atinge no ritmo atual,0
Capitão Enéas - MG,3112703,MG,Sudeste,0.11122333930823866,Baixo,61.87,63.8,0,80.0,2.7000000000000006,Precisa de ate 2x o ritmo,2
Jardinópolis - SC,4208955,SC,Sul,0.11102330100561444,Baixo,81.82,77.08,0,80.0,0.48666666666666697,Atinge no ritmo atual,2
Rodeiro - MG,3156304,MG,Sudeste,0.11099233942235898,Baixo,44.73,81.95,0,80.0,-0.32500000000000046,Meta ja atingida,2
Rondon - PR,4122602,PR,Sul,0.11099233942235898,Baixo,68.42,41.63,1,80.0,6.395,Precisa de mais de 2x o ritmo,2
Boa Ventura de São Roque - PR,4103040,PR,Sul,0.11095275823968524,Baixo,74.78,60.49,0,80.0,3.2516666666666665,Precisa de ate 2x o ritmo,2
Passagem Franca - MA,2107902,MA,Nordeste,0.11093050973512852,Baixo,76.76,58.43,1,80.0,3.595,Precisa de ate 2x o ritmo,1
São João do Paraíso - MG,3162708,MG,Sudeste,0.11079161682099406,Baixo,70.47,87.33,0,80.0,-1.2216666666666665,Meta ja atingida,1
Antônio Almeida - PI,2200806,PI,Nordeste,0.1107622727380638,Baixo,95.63,73.81,0,80.0,1.0316666666666663,Atinge no ritmo atual,1
Presidente Olegário - MG,3153400,MG,Sudeste,0.11072041081504265,Baixo,77.37,78.27,0,80.0,0.288333333333334,Atinge no ritmo atual,2
Santa Helena de Minas - MG,3157658,MG,Sudeste,0.11051147379203966,Baixo,72.53,88.15,0,80.0,-1.3583333333333343,Meta ja atingida,1
Berizal - MG,3106655,MG,Sudeste,0.10987066567517693,Baixo,68.3,83.33,0,80.0,-0.5549999999999997,Meta ja atingida,1
Fronteira - MG,3127008,MG,Sudeste,0.1094648070690861,Baixo,52.87,76.16,0,80.0,0.6400000000000006,Atinge no ritmo atual,2
Apiaí - SP,3502705,SP,Sudeste,0.1094648070690861,Baixo,61.39,74.62,0,80.0,0.896666666666666,Atinge no ritmo atual,0
Contagem - MG,3118601,MG,Sudeste,0.10945112142398647,Baixo,54.99,70.1,0,80.0,1.650000000000001,Atinge no ritmo atual,0
Timbé do Sul - SC,4218103,SC,Sul,0.10939023668138526,Baixo,71.29,80.2,0,80.0,-0.033333333333333805,Meta ja atingida,2
Alto Boa Vista - MT,5100359,MT,Centro-Oeste,0.1093266600028279,Baixo,93.68,48.84,1,80.0,5.1933333333333325,Precisa de mais de 2x o ritmo,2
Vitorino - PR,4128708,PR,Sul,0.10909885947714401,Baixo,71.38,70.19,0,80.0,1.6350000000000005,Atinge no ritmo atual,2
Coronel Murta - MG,3119500,MG,Sudeste,0.10909885947714401,Baixo,65.72,67.56,0,80.0,2.073333333333333,Atinge no ritmo atual,1
Glória D'Oeste - MT,5103957,MT,Centro-Oeste,0.10874879352288389,Baixo,90.57,83.78,0,80.0,-0.6300000000000002,Meta ja atingida,2
Ferros - MG,3125903,MG,Sudeste,0.10867312512049354,Baixo,86.46,88.1,0,80.0,-1.349999999999999,Meta ja atingida,1
Cachoeira de Pajeú - MG,3102704,MG,Sudeste,0.1085310337788852,Baixo,60.31,77.96,0,80.0,0.340000000000001,Atinge no ritmo atual,1
Guaraciaba - MG,3128204,MG,Sudeste,0.10810174084959227,Baixo,63.47,83.59,0,80.0,-0.5983333333333339,Meta ja atingida,1
Ibiracatu - MG,3129657,MG,Sudeste,0.10810174084959227,Baixo,74.14,56.19,1,80.0,3.9683333333333337,Precisa de ate 2x o ritmo,1
Aricanduva - MG,3104452,MG,Sudeste,0.10810174084959227,Baixo,52.49,86.66,0,80.0,-1.1099999999999994,Meta ja atingida,1
Piedade de Caratinga - MG,3150158,MG,Sudeste,0.10808605913992331,Baixo,52.84,74.09,0,80.0,0.9849999999999994,Atinge no ritmo atual,2
Presidente Castelo Branco - PR,4120408,PR,Sul,0.10799864655251072,Baixo,76.24,62.98,0,80.0,2.8366666666666673,Precisa de ate 2x o ritmo,2
Prata - MG,3152808,MG,Sudeste,0.10757577720015321,Baixo,55.38,50.5,1,80.0,4.916666666666667,Precisa de ate 2x o ritmo,2
Descoberto - MG,3121308,MG,Sudeste,0.10748182519709204,Baixo,62.69,73.05,0,80.0,1.1583333333333339,Atinge no ritmo atual,2
Duque Bacelar - MA,2103901,MA,Nordeste,0.10727686390051079,Baixo,69.39,81.51,0,80.0,-0.25166666666666754,Meta ja atingida,1
Iaciara - GO,5209903,GO,Centro-Oeste,0.10704555433248131,Baixo,64.01,65.45,0,80.0,2.4249999999999994,Atinge no ritmo atual,2
Igarapé - MG,3130101,MG,Sudeste,0.10658658933444076,Baixo,51.87,73.84,0,80.0,1.0266666666666662,Atinge no ritmo atual,0
Agronômica - SC,4200309,SC,Sul,0.10641974336184276,Baixo,75.87,70.41,0,,,Sem meta definida,2
Teixeira - PB,2516706,PB,Nordeste,0.1059194332400619,Baixo,72.85,81.85,0,80.0,-0.3083333333333324,Meta ja atingida,1
São Miguel da Boa Vista - SC,4217154,SC,Sul,0.10587400675551425,Baixo,87.5,84.21,0,80.0,-0.7016666666666657,Meta ja atingida,2
Vespasiano - MG,3171204,MG,Sudeste,0.10582252014021279,Baixo,54.97,70.72,0,80.0,1.5466666666666669,Atinge no ritmo atual,0
Arame - MA,2100956,MA,Nordeste,0.10576171238535928,Baixo,76.25,74.44,0,80.0,0.9266666666666671,Atinge no ritmo atual,1
Iomerê - SC,4207577,SC,Sul,0.10571351648827092,Baixo,74.46,97.09,0,80.0,-2.848333333333334,Meta ja atingida,2
Urupema - SC,4218954,SC,Sul,0.10568242353307586,Baixo,80.09,33.19,1,80.0,7.801666666666667,Precisa de mais de 2x o ritmo,2
Dom Bosco - MG,3122470,MG,Sudeste,0.10517678812415654,Baixo,50.0,79.34,0,80.0,0.10999999999999943,Atinge no ritmo atual,2
Nova Bandeirantes - MT,5106158,MT,Centro-Oeste,0.10515108157889004,Baixo,73.3,76.59,0,80.0,0.5683333333333328,Atinge no ritmo atual,2
Palotina - PR,4117909,PR,Sul,0.10515108157889004,Baixo,69.03,74.33,0,80.0,0.9450000000000003,Atinge no ritmo atual,0
Ingaí - MG,3130804,MG,Sudeste,0.10515108157889004,Baixo,52.26,87.27,0,80.0,-1.211666666666666,Meta ja atingida,2
São Sebastião do Rio Preto - MG,3164803,MG,Sudeste,0.10515108157889004,Baixo,66.67,100.0,0,80.0,-3.3333333333333335,Meta ja atingida,2
Amparo - PB,2500734,PB,Nordeste,0.10515108157889004,Baixo,85.27,41.89,1,80.0,6.351666666666667,Precisa de mais de 2x o ritmo,1
Tapejara - PR,4126801,PR,Sul,0.10515108157889004,Baixo,69.39,61.07,0,80.0,3.155,Precisa de ate 2x o ritmo,2
Santo Antônio dos Milagres - PI,2209450,PI,Nordeste,0.10515108157889004,Baixo,96.15,78.26,0,80.0,0.28999999999999915,Atinge no ritmo atual,1
Ibema - PR,4109757,PR,Sul,0.10515108157889004,Baixo,72.84,70.35,0,80.0,1.6083333333333343,Atinge no ritmo atual,2
Engenheiro Caldas - MG,3123700,MG,Sudeste,0.10499905878326346,Baixo,58.22,63.03,0,80.0,2.828333333333333,Precisa de ate 2x o ritmo,2
Camanducaia - MG,3110509,MG,Sudeste,0.10499905878326346,Baixo,54.64,58.56,1,80.0,3.573333333333333,Precisa de ate 2x o ritmo,0
Passira - PE,2610509,PE,Nordeste,0.10456779384953714,Baixo,74.89,76.23,0,80.0,0.6283333333333326,Atinge no ritmo atual,1
Catas Altas da Noruega - MG,3115409,MG,Sudeste,0.10438340181492951,Baixo,59.09,80.0,0,,,Sem meta definida,2
Laranjal - MG,3138005,MG,Sudeste,0.10420375458203912,Baixo,40.25,82.11,0,80.0,-0.35166666666666657,Meta ja atingida,2
Laguna Carapã - MS,5005251,MS,Centro-Oeste,0.10375052135480038,Baixo,83.01,77.47,0,80.0,0.42166666666666686,Atinge no ritmo atual,2
Paraíso das Águas - MS,5006275,MS,Centro-Oeste,0.10375052135480038,Baixo,76.38,78.5,0,80.0,0.25,Atinge no ritmo atual,2
Ipiaçu - MG,3131406,MG,Sudeste,0.10375052135480038,Baixo,75.16,76.42,0,80.0,0.5966666666666663,Atinge no ritmo atual,2
Americana - SP,3501608,SP,Sudeste,0.1034246508001618,Baixo,58.69,64.87,0,80.0,2.521666666666666,Atinge no ritmo atual,0
Sítio d'Abadia - GO,5220702,GO,Centro-Oeste,0.10332627219162008,Baixo,57.64,79.41,0,80.0,0.0983333333333339,Atinge no ritmo atual,1
Bandeirante - SC,4202081,SC,Sul,0.10318440897742798,Baixo,70.12,56.89,1,80.0,3.8516666666666666,Precisa de ate 2x o ritmo,2
São Julião - PI,2210300,PI,Nordeste,0.10297380887385736,Baixo,94.83,87.93,0,80.0,-1.3216666666666679,Meta ja atingida,1
São João da Canabrava - PI,2209856,PI,Nordeste,0.10297380887385736,Baixo,82.0,96.34,0,80.0,-2.723333333333334,Meta ja atingida,1
Guiratinga - MT,5104203,MT,Centro-Oeste,0.10279814040241944,Baixo,86.43,84.49,0,80.0,-0.7483333333333325,Meta ja atingida,2
Medeiros - MG,3141306,MG,Sudeste,0.1027830700034598,Baixo,82.24,78.57,0,80.0,0.23833333333333448,Atinge no ritmo atual,2
Pedra Branca - PB,2511004,PB,Nordeste,0.1027830700034598,Baixo,95.61,69.89,0,80.0,1.6849999999999998,Atinge no ritmo atual,1
Oliveira Fortes - MG,3145703,MG,Sudeste,0.10252363946573888,Baixo,71.43,83.33,0,80.0,-0.5549999999999997,Meta ja atingida,2
Godoy Moreira - PR,4108551,PR,Sul,0.10252363946573888,Baixo,94.55,74.07,0,80.0,0.9883333333333345,Atinge no ritmo atual,2
Alto Taquari - MT,5100607,MT,Centro-Oeste,0.10252363946573888,Baixo,72.32,70.01,0,80.0,1.6649999999999991,Atinge no ritmo atual,0
Itainópolis - PI,2205003,PI,Nordeste,0.10252363946573888,Baixo,74.15,73.67,0,80.0,1.0549999999999997,Atinge no ritmo atual,1
Tangará - SC,4217907,SC,Sul,0.10252363946573888,Baixo,76.99,76.55,0,,,Sem meta definida,2
Guarará - MG,3128501,MG,Sudeste,0.10188933242601235,Baixo,88.16,72.73,0,80.0,1.211666666666666,Atinge no ritmo atual,2
Tijucas do Sul - PR,4127601,PR,Sul,0.10183784581071084,Baixo,78.76,68.4,0,80.0,1.9333333333333325,Atinge no ritmo atual,2
Mafra - SC,4210100,SC,Sul,0.10126413401198545,Baixo,70.45,74.16,0,80.0,0.9733333333333339,Atinge no ritmo atual,0
Abadia dos Dourados - MG,3100104,MG,Sudeste,0.10068385248836376,Baixo,61.41,96.07,0,80.0,-2.6783333333333323,Meta ja atingida,2
Serra do Salitre - MG,3166808,MG,Sudeste,0.1006266399135669,Baixo,59.88,72.87,0,80.0,1.1883333333333326,Atinge no ritmo atual,2
Bela Vista do Toldo - SC,4202131,SC,Sul,0.10035913730123672,Baixo,86.2,81.95,0,80.0,-0.32500000000000046,Meta ja atingida,2
Jaicós - PI,2205201,PI,Nordeste,0.10030765068593524,Baixo,78.99,58.67,1,80.0,3.5549999999999997,Precisa de ate 2x o ritmo,1
Rancho Alegre - PR,4121307,PR,Sul,0.10019296990172881,Baixo,77.01,86.02,0,80.0,-1.0033333333333327,Meta ja atingida,2
São José do Cedro - SC,4216701,SC,Sul,0.10018665360881193,Baixo,76.42,82.26,0,80.0,-0.37666666666666754,Meta ja atingida,2
Caldas Novas - GO,5204508,GO,Centro-Oeste,0.10014663068331058,Baixo,58.83,62.94,0,80.0,2.8433333333333337,Precisa de ate 2x o ritmo,0
Pontal do Paraná - PR,4119954,PR,Sul,0.10014663068331058,Baixo,71.19,61.28,0,80.0,3.1199999999999997,Precisa de ate 2x o ritmo,0
Montividiu do Norte - GO,5213772,GO,Centro-Oeste,0.10014663068331058,Baixo,59.37,65.74,0,80.0,2.3766666666666674,Atinge no ritmo atual,1
Glória do Goitá - PE,2606101,PE,Nordeste,0.10014663068331058,Baixo,70.58,66.22,0,80.0,2.296666666666667,Atinge no ritmo atual,1
Uberlândia - MG,3170206,MG,Sudeste,0.10011007014107673,Baixo,52.44,64.57,0,80.0,2.5716666666666677,Precisa de ate 2x o ritmo,0
Monte Alegre de Minas - MG,3142809,MG,Sudeste,0.10007768692290145,Baixo,74.78,56.72,1,80.0,3.8800000000000003,Precisa de ate 2x o ritmo,2
Rio Vermelho - MG,3156007,MG,Sudeste,0.09979990914512366,Baixo,54.91,64.55,0,80.0,2.5750000000000006,Precisa de ate 2x o ritmo,1
Riacho Frio - PI,2208858,PI,Nordeste,0.09979383361736302,Baixo,98.41,92.42,0,80.0,-2.0700000000000003,Meta ja atingida,1
São José do Vale do Rio Preto - RJ,3305158,RJ,Sudeste,0.09974809017307236,Baixo,71.41,76.78,0,80.0,0.5366666666666665,Atinge no ritmo atual,2
Grão Mogol - MG,3127800,MG,Sudeste,0.09958495138946268,Baixo,71.57,86.04,0,80.0,-1.0066666666666677,Meta ja atingida,2
Limeira do Oeste - MG,3138625,MG,Sudeste,0.09958495138946268,Baixo,65.19,59.7,1,80.0,3.383333333333333,Precisa de ate 2x o ritmo,2
Gurinhatã - MG,3129103,MG,Sudeste,0.09958495138946268,Baixo,76.93,86.09,0,80.0,-1.0150000000000006,Meta ja atingida,2
Imbé de Minas - MG,3130556,MG,Sudeste,0.09939878559751558,Baixo,65.59,88.46,0,80.0,-1.409999999999999,Meta ja atingida,1
Cunhataí - SC,4204756,SC,Sul,0.09897503219604216,Baixo,90.44,100.0,0,,,Sem meta definida,2
Rio Fortuna - SC,4214904,SC,Sul,0.09865448003587184,Baixo,78.36,68.78,0,80.0,1.8699999999999999,Atinge no ritmo atual,2
Marcolândia - PI,2205953,PI,Nordeste,0.09779858162079665,Baixo,98.87,89.66,0,80.0,-1.6099999999999994,Meta ja atingida,1
Jordânia - MG,3136504,MG,Sudeste,0.09751069828478864,Baixo,63.49,55.77,1,,,Sem meta definida,1
Sabará - MG,3156700,MG,Sudeste,0.09751069828478864,Baixo,57.15,71.68,0,80.0,1.3866666666666656,Atinge no ritmo atual,0
Matinhos - PR,4115705,PR,Sul,0.09749666643876584,Baixo,70.38,63.15,0,80.0,2.8083333333333336,Precisa de ate 2x o ritmo,0
Guaramirim - SC,4206504,SC,Sul,0.09749666643876584,Baixo,70.78,64.09,0,80.0,2.651666666666666,Precisa de ate 2x o ritmo,0
São Geraldo da Piedade - MG,3161601,MG,Sudeste,0.09749666643876584,Baixo,69.23,70.0,0,80.0,1.6666666666666667,Atinge no ritmo atual,1
Abdon Batista - SC,4200051,SC,Sul,0.09725144987572495,Baixo,72.06,77.08,0,80.0,0.48666666666666697,Atinge no ritmo atual,2
Vila Velha - ES,3205200,ES,Sudeste,0.0972110502204347,Baixo,68.08,67.75,0,80.0,2.0416666666666665,Atinge no ritmo atual,0
Nova Itaberaba - SC,4211454,SC,Sul,0.0972061290782057,Baixo,67.4,71.17,0,80.0,1.4716666666666665,Atinge no ritmo atual,2
Rio das Ostras - RJ,3304524,RJ,Sudeste,0.0972061290782057,Baixo,65.82,68.67,0,80.0,1.888333333333333,Atinge no ritmo atual,0
Carrancas - MG,3114600,MG,Sudeste,0.0971483939936085,Baixo,70.36,89.76,0,80.0,-1.6266666666666676,Meta ja atingida,2
São Lourenço do Piauí - PI,2210359,PI,Nordeste,0.0968326080518681,Baixo,100.0,73.08,0,80.0,1.1533333333333335,Atinge no ritmo atual,1
Triunfo - PE,2615706,PE,Nordeste,0.09673053601746302,Baixo,82.65,80.64,0,80.0,-0.10666666666666676,Meta ja atingida,1
Glaucilândia - MG,3127354,MG,Sudeste,0.09635759206042634,Baixo,57.14,71.43,0,80.0,1.4283333333333321,Atinge no ritmo atual,2
Ituporanga - SC,4208500,SC,Sul,0.09618868163519445,Baixo,69.95,71.3,0,80.0,1.4500000000000004,Atinge no ritmo atual,0
Tiros - MG,3168903,MG,Sudeste,0.09617392411510059,Baixo,59.26,81.76,0,80.0,-0.29333333333333417,Meta ja atingida,2
Ponte Nova - MG,3152105,MG,Sudeste,0.09611301100474842,Baixo,49.77,78.64,0,80.0,0.22666666666666657,Atinge no ritmo atual,0
Alto Paraná - PR,4100608,PR,Sul,0.09609225248341677,Baixo,65.0,70.12,0,80.0,1.6466666666666658,Atinge no ritmo atual,2
Agrolândia - SC,4200200,SC,Sul,0.09606682837069254,Baixo,81.23,76.03,0,80.0,0.6616666666666665,Atinge no ritmo atual,2
São Raimundo Nonato - PI,2210607,PI,Nordeste,0.09596996459041285,Baixo,68.18,73.25,0,80.0,1.125,Atinge no ritmo atual,1
Celso Ramos - SC,4204152,SC,Sul,0.09533745244449317,Baixo,77.35,75.67,0,80.0,0.7216666666666663,Atinge no ritmo atual,2
Inácio Martins - PR,4110201,PR,Sul,0.09492266184014192,Baixo,73.43,70.03,0,80.0,1.6616666666666664,Atinge no ritmo atual,2
Redenção do Gurguéia - PI,2208700,PI,Nordeste,0.09477336389101096,Baixo,99.0,80.52,0,80.0,-0.086666666666666,Meta ja atingida,1
Cachoeira da Prata - MG,3109600,MG,Sudeste,0.09451454723765937,Baixo,52.4,80.0,0,80.0,0.0,Meta ja atingida,2
Lagoa Grande do Maranhão - MA,2105963,MA,Nordeste,0.0945070648585072,Baixo,81.68,97.12,0,80.0,-2.853333333333334,Meta ja atingida,1
Inimutaba - MG,3131109,MG,Sudeste,0.0945070648585072,Baixo,40.65,77.8,0,80.0,0.36666666666666714,Atinge no ritmo atual,2
Marajá do Sena - MA,2106359,MA,Nordeste,0.09438142089806142,Baixo,83.33,39.77,1,80.0,6.704999999999999,Precisa de mais de 2x o ritmo,1
Santana do Mundaú - AL,2708105,AL,Nordeste,0.09429501201027884,Baixo,98.87,97.67,0,80.0,-2.9450000000000003,Meta ja atingida,1
Sacramento - MG,3156908,MG,Sudeste,0.09413623344074472,Baixo,64.01,79.64,0,80.0,0.05999999999999991,Atinge no ritmo atual,0
Sorriso - MT,5107925,MT,Centro-Oeste,0.09413623344074472,Baixo,79.08,81.05,0,80.0,-0.17499999999999952,Meta ja atingida,0
Coronel Martins - SC,4204459,SC,Sul,0.09375721901210621,Baixo,73.68,90.43,0,80.0,-1.7383333333333344,Meta ja atingida,2
Alto Bela Vista - SC,4200754,SC,Sul,0.09375721901210621,Baixo,87.39,85.18,0,80.0,-0.8633333333333345,Meta ja atingida,2
Itapemirim - ES,3202801,ES,Sudeste,0.09371071595895784,Baixo,60.98,75.32,0,80.0,0.7800000000000011,Atinge no ritmo atual,2
Garopaba - SC,4205704,SC,Sul,0.09370086162108215,Baixo,70.59,75.75,0,80.0,0.7083333333333334,Atinge no ritmo atual,0
Governador Archer - MA,2104503,MA,Nordeste,0.09355649641074129,Baixo,88.98,78.21,0,80.0,0.2983333333333344,Atinge no ritmo atual,1
Nova Monte Verde - MT,5108956,MT,Centro-Oeste,0.09352797825109037,Baixo,77.16,92.37,0,80.0,-2.0616666666666674,Meta ja atingida,2
Mirabela - MG,3142007,MG,Sudeste,0.09333264239485381,Baixo,63.94,54.27,1,80.0,4.288333333333333,Precisa de ate 2x o ritmo,2
Palma - MG,3146701,MG,Sudeste,0.09331611004254824,Baixo,26.99,75.61,0,80.0,0.7316666666666668,Atinge no ritmo atual,2
Engenheiro Navarro - MG,3123809,MG,Sudeste,0.09325523143139933,Baixo,44.66,76.22,0,80.0,0.6300000000000002,Atinge no ritmo atual,2
Berilo - MG,3106507,MG,Sudeste,0.093070884201813,Baixo,79.27,89.12,0,,,Sem meta definida,1
Sebastião Leal - PI,2210631,PI,Nordeste,0.09304152484619539,Baixo,93.5,76.86,0,80.0,0.5233333333333334,Atinge no ritmo atual,1
Inhaúma - MG,3131000,MG,Sudeste,0.09274586168796109,Baixo,46.98,77.62,0,80.0,0.3966666666666659,Atinge no ritmo atual,2
Treze de Maio - SC,4218400,SC,Sul,0.09261267674327157,Baixo,71.87,62.38,0,80.0,2.936666666666666,Precisa de ate 2x o ritmo,2
Paraúna - GO,5216403,GO,Centro-Oeste,0.09261267674327157,Baixo,61.83,67.88,0,80.0,2.020000000000001,Atinge no ritmo atual,2
Três Corações - MG,3169307,MG,Sudeste,0.09261267674327157,Baixo,50.69,70.26,0,80.0,1.6233333333333324,Atinge no ritmo atual,0
Palmital - PR,4117800,PR,Sul,0.09247574857999294,Baixo,74.27,69.5,0,80.0,1.75,Atinge no ritmo atual,2
Mirador - PR,4115903,PR,Sul,0.09236054421768707,Baixo,70.36,56.0,1,80.0,4.0,Precisa de ate 2x o ritmo,2
Itaipava do Grajaú - MA,2105351,MA,Nordeste,0.09236054421768707,Baixo,86.12,72.99,0,80.0,1.1683333333333341,Atinge no ritmo atual,1
Divisa Alegre - MG,3122355,MG,Sudeste,0.09213753845523111,Baixo,50.93,62.69,0,80.0,2.8850000000000002,Precisa de ate 2x o ritmo,1
Paulistas - MG,3148400,MG,Sudeste,0.09188704838920046,Baixo,70.37,90.14,0,80.0,-1.6900000000000002,Meta ja atingida,1
Vitória - ES,3205309,ES,Sudeste,0.09182735904774886,Baixo,65.88,73.2,0,80.0,1.1333333333333329,Atinge no ritmo atual,0
Ventania - PR,4128534,PR,Sul,0.09156004516432421,Baixo,74.1,77.17,0,80.0,0.4716666666666664,Atinge no ritmo atual,2
Funilândia - MG,3127206,MG,Sudeste,0.09156004516432421,Baixo,56.66,68.6,0,80.0,1.900000000000001,Atinge no ritmo atual,2
Porto Amazonas - PR,4120101,PR,Sul,0.09156004516432421,Baixo,69.78,76.84,0,80.0,0.5266666666666661,Atinge no ritmo atual,2
Tabatinga - SP,3552700,SP,Sudeste,0.09153319540002824,Baixo,63.12,62.05,0,80.0,2.991666666666667,Precisa de ate 2x o ritmo,2
Sucupira do Riachão - MA,2111953,MA,Nordeste,0.09132587483492621,Baixo,75.39,80.65,0,80.0,-0.10833333333333428,Meta ja atingida,1
Novo Cruzeiro - MG,3145307,MG,Sudeste,0.09122430805784998,Baixo,71.1,77.88,0,80.0,0.3533333333333341,Atinge no ritmo atual,1
Timbaúba - PE,2615300,PE,Nordeste,0.09085327794923517,Baixo,74.11,77.57,0,80.0,0.40500000000000114,Atinge no ritmo atual,1
Chupinguaia - RO,1100924,RO,Norte,0.09085327794923517,Baixo,80.72,71.99,0,80.0,1.3350000000000009,Atinge no ritmo atual,2
Vidal Ramos - SC,4219200,SC,Sul,0.0906751025080164,Baixo,73.28,83.76,0,80.0,-0.6266666666666675,Meta ja atingida,2
Marília - SP,3529005,SP,Sudeste,0.08987461817697298,Baixo,58.79,65.47,0,80.0,2.421666666666667,Atinge no ritmo atual,0
Flor do Sertão - SC,4205357,SC,Sul,0.08981978879266288,Baixo,81.41,58.33,1,80.0,3.611666666666667,Precisa de ate 2x o ritmo,2
São Félix de Minas - MG,3161056,MG,Sudeste,0.08965439160111291,Baixo,68.09,67.09,0,80.0,2.151666666666666,Atinge no ritmo atual,1
Cocal - PI,2202703,PI,Nordeste,0.08964938846011647,Baixo,73.16,83.93,0,80.0,-0.6550000000000011,Meta ja atingida,1
São José do Divino - MG,3163300,MG,Sudeste,0.08964938846011647,Baixo,58.5,64.09,0,80.0,2.651666666666666,Precisa de ate 2x o ritmo,1
Santo Antônio do Caiuá - PR,4124202,PR,Sul,0.08964938846011647,Baixo,82.83,88.04,0,80.0,-1.340000000000001,Meta ja atingida,2
Cuparaque - MG,3120839,MG,Sudeste,0.08955630477099848,Baixo,98.0,69.0,0,80.0,1.8333333333333333,Atinge no ritmo atual,2
Pilõezinhos - PB,2511707,PB,Nordeste,0.08939336978027063,Baixo,98.55,56.06,1,80.0,3.9899999999999998,Precisa de ate 2x o ritmo,1
Lagoa dos Gatos - PE,2608701,PE,Nordeste,0.08917251461988304,Baixo,70.94,86.35,0,80.0,-1.0583333333333325,Meta ja atingida,1
Santo Inácio do Piauí - PI,2209500,PI,Nordeste,0.08914070778936375,Baixo,73.42,85.37,0,80.0,-0.8950000000000008,Meta ja atingida,1
Campina Grande do Sul - PR,4104006,PR,Sul,0.08883865778075718,Baixo,70.42,66.84,0,80.0,2.193333333333333,Atinge no ritmo atual,0
Santa Bárbara do Leste - MG,3157252,MG,Sudeste,0.08883865778075718,Baixo,61.75,70.45,0,80.0,1.5916666666666661,Atinge no ritmo atual,2
Monsenhor Hipólito - PI,2206506,PI,Nordeste,0.0883443588898144,Baixo,100.0,97.7,0,80.0,-2.9500000000000006,Meta ja atingida,1
Santa Vitória - MG,3159803,MG,Sudeste,0.08758849392393217,Baixo,69.77,62.91,0,80.0,2.848333333333334,Precisa de ate 2x o ritmo,2
Quedas do Iguaçu - PR,4120903,PR,Sul,0.08753489244834847,Baixo,70.42,61.62,0,80.0,3.063333333333334,Precisa de ate 2x o ritmo,2
Rio Novo - MG,3155405,MG,Sudeste,0.08750378015909539,Baixo,39.03,65.4,0,80.0,2.4333333333333322,Atinge no ritmo atual,2
Coivaras - PI,2202737,PI,Nordeste,0.08750378015909539,Baixo,78.14,94.47,0,80.0,-2.4116666666666666,Meta ja atingida,1
Lago do Junco - MA,2105807,MA,Nordeste,0.08730560610888041,Baixo,100.0,97.1,0,80.0,-2.849999999999999,Meta ja atingida,1
Panelas - PE,2610202,PE,Nordeste,0.08730560610888041,Baixo,76.82,94.53,0,80.0,-2.421666666666667,Meta ja atingida,1
Várzea Grande - PI,2211407,PI,Nordeste,0.08730560610888041,Baixo,93.66,76.19,0,80.0,0.6350000000000003,Atinge no ritmo atual,1
Matozinhos - MG,3141108,MG,Sudeste,0.08730560610888041,Baixo,47.4,62.97,0,80.0,2.8383333333333334,Precisa de ate 2x o ritmo,0
João Pinheiro - MG,3136306,MG,Sudeste,0.08730560610888041,Baixo,66.98,74.07,0,80.0,0.9883333333333345,Atinge no ritmo atual,0
Coroaci - MG,3119203,MG,Sudeste,0.08724631967412813,Baixo,56.22,73.42,0,80.0,1.0966666666666665,Atinge no ritmo atual,1
São Lourenço do Oeste - SC,4216909,SC,Sul,0.08724631967412813,Baixo,71.41,71.25,0,80.0,1.4583333333333333,Atinge no ritmo atual,0
Linhares - ES,3203205,ES,Sudeste,0.08724631967412813,Baixo,63.76,67.84,0,80.0,2.026666666666666,Atinge no ritmo atual,0
Araraquara - SP,3503208,SP,Sudeste,0.08724631967412813,Baixo,59.65,65.95,0,80.0,2.3416666666666663,Atinge no ritmo atual,0
Santana do Garambéu - MG,3158706,MG,Sudeste,0.0871048835075155,Baixo,47.32,87.26,0,80.0,-1.2100000000000009,Meta ja atingida,2
Custódia - PE,2605103,PE,Nordeste,0.0871048835075155,Baixo,82.05,84.57,0,80.0,-0.7616666666666655,Meta ja atingida,1
Aral Moreira - MS,5001243,MS,Centro-Oeste,0.08694379866572477,Baixo,73.91,73.43,0,80.0,1.0949999999999989,Atinge no ritmo atual,2
Santa Salete - SP,3547650,SP,Sudeste,0.08690238030242879,Baixo,93.19,95.45,0,,,Sem meta definida,2
Caldeirão Grande do Piauí - PI,2202091,PI,Nordeste,0.08690238030242879,Baixo,100.0,100.0,0,80.0,-3.3333333333333335,Meta ja atingida,1
Machacalis - MG,3138906,MG,Sudeste,0.08670165770106389,Baixo,62.01,65.94,0,80.0,2.3433333333333337,Atinge no ritmo atual,2
Delta - MG,3121258,MG,Sudeste,0.08640816326530612,Baixo,50.98,47.77,1,80.0,5.371666666666666,Precisa de mais de 2x o ritmo,2
Ibiraçu - ES,3202504,ES,Sudeste,0.08640816326530612,Baixo,67.71,81.16,0,80.0,-0.19333333333333277,Meta ja atingida,0
Governador Edison Lobão - MA,2104552,MA,Nordeste,0.08640460232676066,Baixo,80.4,67.46,0,80.0,2.090000000000001,Atinge no ritmo atual,1
Monte Formoso - MG,3143153,MG,Sudeste,0.08630327717941637,Baixo,49.86,82.61,0,80.0,-0.4349999999999999,Meta ja atingida,1
São João Batista - SC,4216305,SC,Sul,0.0862197522452102,Baixo,73.31,68.6,0,,,Sem meta definida,0
Ibaretama - CE,2305266,CE,Nordeste,0.08599141771334382,Baixo,70.3,60.53,0,80.0,3.2449999999999997,Precisa de ate 2x o ritmo,1
Abaeté - MG,3100203,MG,Sudeste,0.08556231844382595,Baixo,53.48,78.3,0,80.0,0.2833333333333338,Atinge no ritmo atual,0
Guarda-Mor - MG,3128600,MG,Sudeste,0.08540803822110538,Baixo,79.05,51.62,1,80.0,4.73,Precisa de ate 2x o ritmo,2
Josenópolis - MG,3136579,MG,Sudeste,0.08525091560897187,Baixo,90.34,90.91,0,80.0,-1.8183333333333327,Meta ja atingida,1
Santa Luzia do Paruá - MA,2110039,MA,Nordeste,0.08525091560897187,Baixo,93.66,85.76,0,80.0,-0.9600000000000009,Meta ja atingida,1
Coromandel - MG,3119302,MG,Sudeste,0.08495944531658818,Baixo,63.08,78.77,0,80.0,0.20500000000000065,Atinge no ritmo atual,0
Castanheiras - RO,1100908,RO,Norte,0.08472971315973273,Baixo,70.14,65.42,0,80.0,2.4299999999999997,Atinge no ritmo atual,2
Ramilândia - PR,4121257,PR,Sul,0.08472971315973273,Baixo,88.1,77.23,0,80.0,0.461666666666666,Atinge no ritmo atual,2
Uruana de Minas - MG,3170479,MG,Sudeste,0.08472971315973273,Baixo,54.25,80.0,0,80.0,0.0,Meta ja atingida,2
Demerval Lobão - PI,2203305,PI,Nordeste,0.08465755735492578,Baixo,70.15,73.33,0,80.0,1.111666666666667,Atinge no ritmo atual,1
Araguari - MG,3103504,MG,Sudeste,0.08424136178251664,Baixo,49.17,65.37,0,80.0,2.4383333333333326,Atinge no ritmo atual,0
Tuparetama - PE,2615904,PE,Nordeste,0.08424136178251664,Baixo,77.11,82.52,0,80.0,-0.4199999999999993,Meta ja atingida,1
Franciscópolis - MG,3126752,MG,Sudeste,0.08373576409382036,Baixo,88.58,70.75,0,80.0,1.5416666666666667,Atinge no ritmo atual,1
Urupá - RO,1101708,RO,Norte,0.08369722949024846,Baixo,70.92,61.28,0,80.0,3.1199999999999997,Precisa de ate 2x o ritmo,2
Xavantina - SC,4219606,SC,Sul,0.08319777555689067,Baixo,71.58,80.95,0,80.0,-0.1583333333333338,Meta ja atingida,2
Jatobá - MA,2105450,MA,Nordeste,0.08319777555689067,Baixo,72.81,68.34,0,80.0,1.9433333333333327,Atinge no ritmo atual,1
Itaúna do Sul - PR,4111308,PR,Sul,0.08319777555689067,Baixo,77.38,40.32,1,80.0,6.613333333333333,Precisa de mais de 2x o ritmo,2
Buenópolis - MG,3109204,MG,Sudeste,0.08319777555689067,Baixo,82.01,75.91,0,80.0,0.6816666666666672,Atinge no ritmo atual,2
Ibicaré - SC,4206801,SC,Sul,0.08319777555689067,Baixo,75.69,54.41,1,80.0,4.265000000000001,Precisa de ate 2x o ritmo,2
Porto Barreiro - PR,4120150,PR,Sul,0.08319005466889931,Baixo,100.0,86.29,0,80.0,-1.0483333333333344,Meta ja atingida,2
Tavares - PB,2516607,PB,Nordeste,0.08319005466889931,Baixo,75.27,67.47,0,80.0,2.0883333333333334,Atinge no ritmo atual,1
Coxixola - PB,2504850,PB,Nordeste,0.08319005466889931,Baixo,75.0,93.33,0,80.0,-2.2216666666666662,Meta ja atingida,1
Chiador - MG,3116209,MG,Sudeste,0.08319005466889931,Baixo,77.53,76.01,0,80.0,0.6649999999999991,Atinge no ritmo atual,2
Cachoeiro de Itapemirim - ES,3201209,ES,Sudeste,0.08308853171078102,Baixo,64.75,71.69,0,80.0,1.3850000000000005,Atinge no ritmo atual,0
Francisco Badaró - MG,3126505,MG,Sudeste,0.08304555433248131,Baixo,70.83,100.0,0,,,Sem meta definida,1
Senador Amaral - MG,3165578,MG,Sudeste,0.08279454975043907,Baixo,50.9,63.76,0,80.0,2.706666666666667,Precisa de ate 2x o ritmo,2
Alcinópolis - MS,5000252,MS,Centro-Oeste,0.08279454975043907,Baixo,76.7,63.77,0,80.0,2.7049999999999996,Precisa de ate 2x o ritmo,2
Santa Mariana - PR,4123907,PR,Sul,0.0827672858617131,Baixo,73.65,83.73,0,80.0,-0.6216666666666674,Meta ja atingida,2
Santa Inês - PR,4123600,PR,Sul,0.0827364270248452,Baixo,96.75,100.0,0,80.0,-3.3333333333333335,Meta ja atingida,2
Cumaru - PE,2604908,PE,Nordeste,0.08259382714907415,Baixo,76.43,95.06,0,80.0,-2.5100000000000002,Meta ja atingida,1
Goiânia - GO,5208707,GO,Centro-Oeste,0.0825498022611928,Baixo,66.56,69.49,0,80.0,1.7516666666666676,Atinge no ritmo atual,0
Heitoraí - GO,5209606,GO,Centro-Oeste,0.0825498022611928,Baixo,53.58,83.54,0,80.0,-0.5900000000000011,Meta ja atingida,2
Pau D'Arco do Piauí - PI,2207793,PI,Nordeste,0.08232128739012343,Baixo,100.0,51.85,1,80.0,4.691666666666666,Precisa de ate 2x o ritmo,1
Estrela do Sul - MG,3124807,MG,Sudeste,0.08224138861830144,Baixo,55.81,75.81,0,80.0,0.6983333333333329,Atinge no ritmo atual,2
Uberaba - MG,3170107,MG,Sudeste,0.08218207797509694,Baixo,49.76,60.98,0,80.0,3.1700000000000004,Precisa de ate 2x o ritmo,0
Paineiras - MG,3146404,MG,Sudeste,0.08207482993197279,Baixo,78.95,82.34,0,80.0,-0.39000000000000057,Meta ja atingida,2
Vila Nova dos Martírios - MA,2112852,MA,Nordeste,0.08207482993197279,Baixo,86.07,74.55,0,80.0,0.9083333333333338,Atinge no ritmo atual,1
Ibiraci - MG,3129707,MG,Sudeste,0.08184194192067518,Baixo,45.5,76.93,0,80.0,0.5116666666666655,Atinge no ritmo atual,2
Estrela Dalva - MG,3124609,MG,Sudeste,0.08178949444480968,Baixo,87.26,66.67,0,80.0,2.2216666666666662,Atinge no ritmo atual,2
Virginópolis - MG,3171808,MG,Sudeste,0.08172756410584864,Baixo,44.13,65.62,0,80.0,2.396666666666666,Atinge no ritmo atual,2
Carnaíba - PE,2603900,PE,Nordeste,0.08157011922693967,Baixo,91.81,92.5,0,80.0,-2.0833333333333335,Meta ja atingida,1
São José do Jacuri - MG,3163508,MG,Sudeste,0.08146310832025118,Baixo,55.27,81.45,0,80.0,-0.24166666666666714,Meta ja atingida,1
Lima Duarte - MG,3138609,MG,Sudeste,0.08134284429021271,Baixo,46.49,69.51,0,80.0,1.7483333333333324,Atinge no ritmo atual,0
Hugo Napoleão - PI,2204600,PI,Nordeste,0.08120366239670299,Baixo,82.43,81.47,0,80.0,-0.2449999999999998,Meta ja atingida,1
São Simão - SP,3550902,SP,Sudeste,0.08118204131937795,Baixo,63.04,67.73,0,80.0,2.0449999999999995,Atinge no ritmo atual,0
Queimadas - PB,2512507,PB,Nordeste,0.08118204131937795,Baixo,85.04,92.65,0,80.0,-2.1083333333333343,Meta ja atingida,1
Penápolis - SP,3537305,SP,Sudeste,0.08118204131937795,Baixo,62.92,63.0,0,80.0,2.8333333333333335,Precisa de ate 2x o ritmo,0
Sertanópolis - PR,4126504,PR,Sul,0.08118204131937795,Baixo,66.76,61.98,0,80.0,3.003333333333334,Precisa de ate 2x o ritmo,0
São Pedro da Cipa - MT,5107404,MT,Centro-Oeste,0.08118204131937795,Baixo,72.89,76.26,0,80.0,0.6233333333333325,Atinge no ritmo atual,2
Itaperuna - RJ,3302205,RJ,Sudeste,0.08118204131937795,Baixo,68.63,65.26,0,80.0,2.4566666666666657,Atinge no ritmo atual,0
Imbaú - PR,4110078,PR,Sul,0.08118204131937795,Baixo,71.92,70.26,0,80.0,1.6233333333333324,Atinge no ritmo atual,2
Fortaleza de Minas - MG,3126307,MG,Sudeste,0.08098131871801303,Baixo,70.59,62.75,0,80.0,2.875,Precisa de ate 2x o ritmo,2
Lagamar - MG,3137106,MG,Sudeste,0.08079359719826015,Baixo,84.4,56.25,1,80.0,3.9583333333333335,Precisa de ate 2x o ritmo,2
Ariranha do Ivaí - PR,4101853,PR,Sul,0.0807880026638104,Baixo,75.6,69.82,0,80.0,1.6966666666666679,Atinge no ritmo atual,2
Campo Azul - MG,3111150,MG,Sudeste,0.0807811781625458,Baixo,84.73,73.26,0,80.0,1.1233333333333324,Atinge no ritmo atual,1
Santa Mônica - PR,4123956,PR,Sul,0.0801736793940692,Baixo,78.67,80.22,0,80.0,-0.03666666666666648,Meta ja atingida,2
Fernandes Tourinho - MG,3125804,MG,Sudeste,0.0800474489895484,Baixo,63.45,52.38,1,80.0,4.603333333333333,Precisa de ate 2x o ritmo,2
Lontra - MG,3138658,MG,Sudeste,0.07953293411123437,Baixo,64.02,78.07,0,80.0,0.3216666666666678,Atinge no ritmo atual,1
São Pedro do Paraná - PR,4125902,PR,Sul,0.07925278504580405,Baixo,71.94,75.0,0,80.0,0.8333333333333334,Atinge no ritmo atual,2
Araçaí - MG,3103207,MG,Sudeste,0.07917859902296479,Baixo,84.62,72.22,0,80.0,1.2966666666666669,Atinge no ritmo atual,2
Iguatu - PR,4110052,PR,Sul,0.07857262090805917,Baixo,74.1,43.48,1,80.0,6.086666666666667,Precisa de mais de 2x o ritmo,2
Amparo - SP,3501905,SP,Sudeste,0.07855164287123281,Baixo,57.7,62.39,0,80.0,2.935,Precisa de ate 2x o ritmo,0
Montes Claros - MG,3143302,MG,Sudeste,0.07853186325497538,Baixo,62.93,74.71,0,80.0,0.8816666666666677,Atinge no ritmo atual,0
Bonfinópolis de Minas - MG,3108206,MG,Sudeste,0.07843395252837977,Baixo,74.47,68.81,0,80.0,1.8649999999999995,Atinge no ritmo atual,2
Alvorada do Norte - GO,5200803,GO,Centro-Oeste,0.07841974336184276,Baixo,64.57,64.99,0,80.0,2.5016666666666674,Atinge no ritmo atual,2
Aparecida de Goiânia - GO,5201405,GO,Centro-Oeste,0.07827048210588583,Baixo,60.67,69.22,0,80.0,1.7966666666666669,Atinge no ritmo atual,0
Itapira - SP,3522604,SP,Sudeste,0.07783146020974475,Baixo,58.07,63.24,0,80.0,2.793333333333333,Precisa de ate 2x o ritmo,0
Seritinga - MG,3166402,MG,Sudeste,0.07783146020974475,Baixo,64.0,75.0,0,80.0,0.8333333333333334,Atinge no ritmo atual,2
Imbituva - PR,4110102,PR,Sul,0.07783146020974475,Baixo,80.43,78.04,0,80.0,0.3266666666666656,Atinge no ritmo atual,2
Primavera de Rondônia - RO,1101476,RO,Norte,0.07773763353065252,Baixo,86.09,57.63,1,80.0,3.728333333333333,Precisa de ate 2x o ritmo,2
Reserva do Iguaçu - PR,4121752,PR,Sul,0.07757155739122243,Baixo,77.91,83.13,0,80.0,-0.521666666666666,Meta ja atingida,2
São José do Mantimento - MG,3163607,MG,Sudeste,0.07739749747623074,Baixo,47.74,87.17,0,80.0,-1.1950000000000003,Meta ja atingida,2
Novo Horizonte do Oeste - RO,1100502,RO,Norte,0.07739749747623074,Baixo,72.53,70.67,0,80.0,1.5549999999999997,Atinge no ritmo atual,2
Santo Antônio do Rio Abaixo - MG,3160504,MG,Sudeste,0.07739749747623074,Baixo,60.0,91.67,0,80.0,-1.9450000000000003,Meta ja atingida,2
Amaporã - PR,4100905,PR,Sul,0.07739749747623074,Baixo,71.89,76.71,0,80.0,0.5483333333333343,Atinge no ritmo atual,2
Monte Belo - MG,3143005,MG,Sudeste,0.07739749747623074,Baixo,50.21,80.85,0,80.0,-0.14166666666666572,Meta ja atingida,2
General Carneiro - PR,4108502,PR,Sul,0.07739749747623074,Baixo,79.05,55.52,1,80.0,4.079999999999999,Precisa de ate 2x o ritmo,2
Buritinópolis - GO,5203962,GO,Centro-Oeste,0.07739749747623074,Baixo,49.29,85.08,0,80.0,-0.8466666666666663,Meta ja atingida,1
Carangola - MG,3113305,MG,Sudeste,0.07739749747623074,Baixo,45.27,60.84,0,80.0,3.193333333333333,Precisa de ate 2x o ritmo,0
Reserva - PR,4121703,PR,Sul,0.07707421076738821,Baixo,72.87,81.08,0,80.0,-0.17999999999999972,Meta ja atingida,2
Rio Doce - MG,3155009,MG,Sudeste,0.07707421076738821,Baixo,87.87,90.43,0,80.0,-1.7383333333333344,Meta ja atingida,2
Eliseu Martins - PI,2203602,PI,Nordeste,0.07707421076738821,Baixo,82.88,65.85,0,80.0,2.3583333333333343,Atinge no ritmo atual,1
Ingazeira - PE,2607109,PE,Nordeste,0.07707421076738821,Baixo,78.57,89.89,0,80.0,-1.6483333333333334,Meta ja atingida,1
Itaocara - RJ,3302106,RJ,Sudeste,0.07707421076738821,Baixo,65.31,70.09,0,80.0,1.6516666666666662,Atinge no ritmo atual,0
Bom Jesus - PI,2201903,PI,Nordeste,0.07707421076738821,Baixo,99.08,98.95,0,80.0,-3.1583333333333337,Meta ja atingida,0
Campo Florido - MG,3111408,MG,Sudeste,0.07707421076738821,Baixo,75.96,52.14,1,80.0,4.6433333333333335,Precisa de ate 2x o ritmo,2
Ampére - PR,4101002,PR,Sul,0.07703056282358181,Baixo,65.51,70.06,0,80.0,1.6566666666666663,Atinge no ritmo atual,2
Formosa - GO,5208004,GO,Centro-Oeste,0.0768734881660233,Baixo,63.28,64.02,0,80.0,2.663333333333334,Precisa de ate 2x o ritmo,0
Araçuaí - MG,3103405,MG,Sudeste,0.0768734881660233,Baixo,61.31,62.93,0,80.0,2.845,Precisa de ate 2x o ritmo,2
Dona Euzébia - MG,3122900,MG,Sudeste,0.07668290594694924,Baixo,47.11,95.71,0,80.0,-2.6183333333333323,Meta ja atingida,2
Farol - PR,4107553,PR,Sul,0.07640751171950458,Baixo,75.96,96.3,0,80.0,-2.7166666666666663,Meta ja atingida,2
Terezópolis de Goiás - GO,5221197,GO,Centro-Oeste,0.07620375458203912,Baixo,57.84,71.39,0,80.0,1.4349999999999998,Atinge no ritmo atual,2
Cubati - PB,2505006,PB,Nordeste,0.07612244897959183,Baixo,71.83,97.47,0,80.0,-2.9116666666666666,Meta ja atingida,1
Bandeira - MG,3105202,MG,Sudeste,0.07612139357900652,Baixo,62.73,77.5,0,80.0,0.4166666666666667,Atinge no ritmo atual,1
Serranópolis de Minas - MG,3166956,MG,Sudeste,0.07584692089022432,Baixo,95.35,95.99,0,80.0,-2.664999999999999,Meta ja atingida,1
Lassance - MG,3138104,MG,Sudeste,0.07584692089022432,Baixo,80.16,48.0,1,80.0,5.333333333333333,Precisa de mais de 2x o ritmo,2
Pavão - MG,3148509,MG,Sudeste,0.07577838827838827,Baixo,85.08,83.75,0,80.0,-0.625,Meta ja atingida,1
Luiziana - PR,4113734,PR,Sul,0.07550594363974493,Baixo,85.27,86.61,0,80.0,-1.1016666666666666,Meta ja atingida,2
Manfrinópolis - PR,4114351,PR,Sul,0.07546886619742728,Baixo,91.01,70.91,0,80.0,1.5150000000000006,Atinge no ritmo atual,2
Guabiruba - SC,4206306,SC,Sul,0.07529900367514286,Baixo,70.17,73.93,0,80.0,1.0116666666666656,Atinge no ritmo atual,0
Rancho Queimado - SC,4214300,SC,Sul,0.07523556233151955,Baixo,74.5,80.8,0,80.0,-0.13333333333333286,Meta ja atingida,2
Amaraji - PE,2600906,PE,Nordeste,0.07517527525400851,Baixo,68.74,55.29,1,80.0,4.118333333333333,Precisa de ate 2x o ritmo,1
Arvoredo - SC,4201653,SC,Sul,0.07506669335971236,Baixo,75.71,77.94,0,80.0,0.3433333333333337,Atinge no ritmo atual,2
São Domingos - SC,4216107,SC,Sul,0.07483233652506795,Baixo,71.49,78.82,0,80.0,0.1966666666666678,Atinge no ritmo atual,0
Palma Sola - SC,4212007,SC,Sul,0.07483233652506795,Baixo,80.08,79.92,0,80.0,0.01333333333333305,Atinge no ritmo atual,2
Central do Maranhão - MA,2103125,MA,Nordeste,0.07472647271095262,Baixo,100.0,84.42,0,80.0,-0.7366666666666669,Meta ja atingida,1
Catuti - MG,3115474,MG,Sudeste,0.07472647271095262,Baixo,61.25,75.75,0,80.0,0.7083333333333334,Atinge no ritmo atual,1
Silveirânia - MG,3167301,MG,Sudeste,0.07466967756531225,Baixo,91.67,86.36,0,80.0,-1.0599999999999998,Meta ja atingida,2
Perdizes - MG,3149804,MG,Sudeste,0.07466967756531225,Baixo,67.9,83.41,0,80.0,-0.5683333333333328,Meta ja atingida,0
Concórdia - SC,4204301,SC,Sul,0.07463161392370303,Baixo,70.89,71.3,0,80.0,1.4500000000000004,Atinge no ritmo atual,0
Riachinho - MG,3154457,MG,Sudeste,0.07459010473094979,Baixo,69.58,72.81,0,80.0,1.198333333333333,Atinge no ritmo atual,2
Cafelândia - SP,3508801,SP,Sudeste,0.0744678692573823,Baixo,58.79,60.44,0,80.0,3.2600000000000002,Precisa de ate 2x o ritmo,0
Jesuítas - PR,4112751,PR,Sul,0.07440180120631248,Baixo,85.83,89.98,0,80.0,-1.663333333333334,Meta ja atingida,2
Ervália - MG,3124005,MG,Sudeste,0.07437238111058356,Baixo,54.48,85.0,0,80.0,-0.8333333333333334,Meta ja atingida,2
Vargem Alegre - MG,3170578,MG,Sudeste,0.07425434554127254,Baixo,82.74,83.44,0,80.0,-0.5733333333333329,Meta ja atingida,2
União dos Palmares - AL,2709301,AL,Nordeste,0.07362843349526635,Baixo,89.35,94.75,0,80.0,-2.4583333333333335,Meta ja atingida,1
Santa Cruz da Baixa Verde - PE,2612471,PE,Nordeste,0.07362843349526635,Baixo,75.38,87.09,0,80.0,-1.1816666666666673,Meta ja atingida,1
Ouro Verde de Minas - MG,3146206,MG,Sudeste,0.07281979315506566,Baixo,51.25,78.41,0,80.0,0.26500000000000057,Atinge no ritmo atual,1
Piúma - ES,3204203,ES,Sudeste,0.07203835676146889,Baixo,62.47,70.65,0,80.0,1.5583333333333325,Atinge no ritmo atual,0
Marilac - MG,3140100,MG,Sudeste,0.07203667319564086,Baixo,63.09,56.14,1,80.0,3.9766666666666666,Precisa de ate 2x o ritmo,2
Irati - SC,4207858,SC,Sul,0.07192417984485841,Baixo,92.86,87.82,0,80.0,-1.3033333333333321,Meta ja atingida,2
Tabira - PE,2614600,PE,Nordeste,0.07192417984485841,Baixo,72.93,69.1,0,80.0,1.8166666666666675,Atinge no ritmo atual,1
Pirapora - MG,3151206,MG,Sudeste,0.07174968904896713,Baixo,51.29,69.43,0,80.0,1.7616666666666656,Atinge no ritmo atual,0
Manoel Emídio - PI,2205904,PI,Nordeste,0.07141858215616212,Baixo,100.0,82.38,0,80.0,-0.3966666666666659,Meta ja atingida,1
Dom Joaquim - MG,3122603,MG,Sudeste,0.07128802093668891,Baixo,73.54,76.4,0,,,Sem meta definida,2
Itapissuma - PE,2607752,PE,Nordeste,0.07106181392446094,Baixo,77.69,82.95,0,80.0,-0.49166666666666714,Meta ja atingida,0
Galvão - SC,4205605,SC,Sul,0.07090002669304568,Baixo,80.83,70.47,0,80.0,1.5883333333333336,Atinge no ritmo atual,2
Descanso - SC,4204905,SC,Sul,0.07069223755023427,Baixo,82.46,64.35,0,80.0,2.6083333333333343,Precisa de ate 2x o ritmo,2
Brazópolis - MG,3108909,MG,Sudeste,0.07065164983328086,Baixo,50.86,79.14,0,80.0,0.14333333333333323,Atinge no ritmo atual,2
Caratinga - MG,3113404,MG,Sudeste,0.07065164983328086,Baixo,50.26,67.42,0,80.0,2.0966666666666662,Atinge no ritmo atual,0
Guaporema - PR,4109104,PR,Sul,0.07063611297155123,Baixo,84.38,66.67,0,80.0,2.2216666666666662,Atinge no ritmo atual,2
Barracão - PR,4102604,PR,Sul,0.07040902832970689,Baixo,72.57,73.99,0,80.0,1.0016666666666676,Atinge no ritmo atual,2
Nova Colinas - MA,2107258,MA,Nordeste,0.07040902832970689,Baixo,85.65,77.14,0,80.0,0.47666666666666657,Atinge no ritmo atual,1
Monte Horebe - PB,2509602,PB,Nordeste,0.07040902832970689,Baixo,84.33,93.4,0,80.0,-2.2333333333333343,Meta ja atingida,1
São Braz do Piauí - PI,2209559,PI,Nordeste,0.07040902832970689,Baixo,87.8,66.39,0,80.0,2.268333333333333,Atinge no ritmo atual,1
Acreúna - GO,5200134,GO,Centro-Oeste,0.07040902832970689,Baixo,58.49,81.48,0,80.0,-0.24666666666666734,Meta ja atingida,0
Palmeira - PR,4117701,PR,Sul,0.07014403626406393,Baixo,71.64,65.93,0,80.0,2.344999999999999,Atinge no ritmo atual,0
Baliza - GO,5203104,GO,Centro-Oeste,0.07014314852143307,Baixo,64.29,89.49,0,80.0,-1.5816666666666659,Meta ja atingida,2
Mauá - SP,3529401,SP,Sudeste,0.07006889227528512,Baixo,63.79,73.14,0,80.0,1.1433333333333333,Atinge no ritmo atual,0
São Miguel do Iguaçu - PR,4125704,PR,Sul,0.07006889227528512,Baixo,73.58,77.84,0,80.0,0.35999999999999943,Atinge no ritmo atual,0
Coronel Sapucaia - MS,5003157,MS,Centro-Oeste,0.07006889227528512,Baixo,78.98,60.75,0,80.0,3.2083333333333335,Precisa de ate 2x o ritmo,1
Mamborê - PR,4114005,PR,Sul,0.07005429294992763,Baixo,93.95,74.68,0,80.0,0.8866666666666655,Atinge no ritmo atual,2
Salete - SC,4215307,SC,Sul,0.06987385459696673,Baixo,76.61,67.36,0,80.0,2.106666666666667,Atinge no ritmo atual,2
Delfinópolis - MG,3121209,MG,Sudeste,0.06974949965015162,Baixo,79.23,68.3,0,80.0,1.9500000000000004,Atinge no ritmo atual,2
Nossa Senhora das Graças - PR,4116406,PR,Sul,0.06968373201917029,Baixo,79.15,94.81,0,80.0,-2.4683333333333337,Meta ja atingida,2
Capetinga - MG,3112406,MG,Sudeste,0.06964006259780907,Baixo,54.82,79.03,0,,,Sem meta definida,2
Diogo de Vasconcelos - MG,3121704,MG,Sudeste,0.06959901825433348,Baixo,78.42,76.25,0,80.0,0.625,Atinge no ritmo atual,1
Ribeiro Gonçalves - PI,2208908,PI,Nordeste,0.06956329458658883,Baixo,88.78,85.26,0,80.0,-0.8766666666666675,Meta ja atingida,1
Serra Alta - SC,4217550,SC,Sul,0.06944387755102041,Baixo,92.21,97.43,0,80.0,-2.905000000000001,Meta ja atingida,2
Ubaporanga - MG,3170057,MG,Sudeste,0.06944387755102041,Baixo,59.53,69.73,0,80.0,1.711666666666666,Atinge no ritmo atual,2
Prado Ferreira - PR,4120333,PR,Sul,0.06944387755102041,Baixo,76.64,73.85,0,80.0,1.025000000000001,Atinge no ritmo atual,2
Brasilândia de Minas - MG,3108552,MG,Sudeste,0.06925716440422322,Baixo,76.74,76.71,0,80.0,0.5483333333333343,Atinge no ritmo atual,2
Dom Aquino - MT,5103601,MT,Centro-Oeste,0.06911745783986975,Baixo,88.28,71.45,0,80.0,1.4249999999999996,Atinge no ritmo atual,2
Irineópolis - SC,4207908,SC,Sul,0.0691119975420171,Baixo,71.82,79.25,0,80.0,0.125,Atinge no ritmo atual,2
Altamira do Paraná - PR,4100459,PR,Sul,0.0691119975420171,Baixo,79.08,74.47,0,80.0,0.9216666666666669,Atinge no ritmo atual,2
Foz do Iguaçu - PR,4108304,PR,Sul,0.0691119975420171,Baixo,73.01,72.01,0,80.0,1.3316666666666659,Atinge no ritmo atual,0
Itambaracá - PR,4111001,PR,Sul,0.0691119975420171,Baixo,79.12,80.58,0,80.0,-0.09666666666666639,Meta ja atingida,2
Jaborá - SC,4208609,SC,Sul,0.0691119975420171,Baixo,73.88,77.67,0,80.0,0.38833333333333303,Atinge no ritmo atual,2
Brasilândia do Sul - PR,4103370,PR,Sul,0.0691119975420171,Baixo,74.32,77.7,0,80.0,0.38333333333333286,Atinge no ritmo atual,2
Peritiba - SC,4212601,SC,Sul,0.0691119975420171,Baixo,85.84,87.5,0,80.0,-1.25,Meta ja atingida,2
Tibagi - PR,4127502,PR,Sul,0.0691119975420171,Baixo,77.76,77.79,0,80.0,0.3683333333333323,Atinge no ritmo atual,2
Taió - SC,4217808,SC,Sul,0.0691119975420171,Baixo,78.61,72.65,0,80.0,1.224999999999999,Atinge no ritmo atual,0
Lagoa Grande - MG,3137536,MG,Sudeste,0.0691119975420171,Baixo,81.75,76.48,0,80.0,0.586666666666666,Atinge no ritmo atual,2
Nova Santa Helena - MT,5106190,MT,Centro-Oeste,0.0691119975420171,Baixo,79.22,75.07,0,80.0,0.8216666666666678,Atinge no ritmo atual,2
Rancho Alegre D'Oeste - PR,4121356,PR,Sul,0.0691119975420171,Baixo,78.04,56.92,1,80.0,3.8466666666666662,Precisa de ate 2x o ritmo,2
Boa Esperança do Iguaçu - PR,4103024,PR,Sul,0.06893746238899012,Baixo,75.0,93.1,0,80.0,-2.1833333333333322,Meta ja atingida,2
São João Evangelista - MG,3162807,MG,Sudeste,0.06893191608233101,Baixo,92.58,70.27,0,80.0,1.6216666666666673,Atinge no ritmo atual,2
Vargem Grande do Rio Pardo - MG,3170651,MG,Sudeste,0.0689301915970542,Baixo,61.64,89.89,0,80.0,-1.6483333333333334,Meta ja atingida,1
Arabutã - SC,4201273,SC,Sul,0.06891127494065218,Baixo,79.39,96.31,0,80.0,-2.7183333333333337,Meta ja atingida,2
Pires Ferreira - CE,2310951,CE,Nordeste,0.06891127494065218,Baixo,99.14,100.0,0,80.0,-3.3333333333333335,Meta ja atingida,1
Simplício Mendes - PI,2210805,PI,Nordeste,0.06891127494065218,Baixo,88.71,67.45,0,80.0,2.0916666666666663,Atinge no ritmo atual,1
Santana dos Montes - MG,3159100,MG,Sudeste,0.06891127494065218,Baixo,61.36,94.44,0,80.0,-2.4066666666666663,Meta ja atingida,2
Santos Dumont - MG,3160702,MG,Sudeste,0.06879423610622896,Baixo,56.94,72.65,0,80.0,1.224999999999999,Atinge no ritmo atual,0
Silvianópolis - MG,3167400,MG,Sudeste,0.06871407559802568,Baixo,54.05,87.91,0,80.0,-1.3183333333333327,Meta ja atingida,2
Ubaí - MG,3170008,MG,Sudeste,0.0687007342128215,Baixo,68.82,61.54,0,80.0,3.0766666666666667,Precisa de ate 2x o ritmo,1
Clevelândia - PR,4105706,PR,Sul,0.06862631900650569,Baixo,73.11,74.84,0,80.0,0.8599999999999994,Atinge no ritmo atual,2
Itamarati de Minas - MG,3132602,MG,Sudeste,0.06831299043397722,Baixo,48.03,73.68,0,80.0,1.0533333333333321,Atinge no ritmo atual,2
Corumbataí do Sul - PR,4106555,PR,Sul,0.06831299043397722,Baixo,87.28,87.98,0,80.0,-1.3300000000000007,Meta ja atingida,2
Romaria - MG,3156403,MG,Sudeste,0.06829277864992152,Baixo,57.73,70.69,0,80.0,1.551666666666667,Atinge no ritmo atual,2
Alvarenga - MG,3102209,MG,Sudeste,0.06824881632108111,Baixo,59.37,85.42,0,80.0,-0.9033333333333337,Meta ja atingida,1
Itabirinha - MG,3131802,MG,Sudeste,0.06824881632108111,Baixo,68.23,83.44,0,80.0,-0.5733333333333329,Meta ja atingida,2
Irupi - ES,3202652,ES,Sudeste,0.06824881632108111,Baixo,67.41,81.49,0,80.0,-0.2483333333333325,Meta ja atingida,2
Presidente Médici - MA,2109239,MA,Nordeste,0.06798040819041204,Baixo,75.46,74.73,0,80.0,0.8783333333333326,Atinge no ritmo atual,1
Santo Antônio do Paraíso - PR,4124301,PR,Sul,0.06794605578132829,Baixo,82.31,81.17,0,80.0,-0.19500000000000028,Meta ja atingida,2
Contenda - PR,4106209,PR,Sul,0.06738771771770957,Baixo,78.38,77.37,0,80.0,0.4383333333333326,Atinge no ritmo atual,2
Cruzeiro do Sul - PR,4106704,PR,Sul,0.06716464442197505,Baixo,71.43,71.42,0,80.0,1.4299999999999997,Atinge no ritmo atual,2
São Sebastião do Anta - MG,3164472,MG,Sudeste,0.06691652207441681,Baixo,58.19,81.32,0,80.0,-0.21999999999999886,Meta ja atingida,2
Sericita - MG,3166303,MG,Sudeste,0.066897236554057,Baixo,68.55,84.85,0,80.0,-0.8083333333333323,Meta ja atingida,2
Nova Santa Bárbara - PR,4117214,PR,Sul,0.06654789497791454,Baixo,84.94,79.18,0,80.0,0.13666666666666552,Atinge no ritmo atual,2
Cana Verde - MG,3111903,MG,Sudeste,0.06651454723765937,Baixo,50.78,93.33,0,80.0,-2.2216666666666662,Meta ja atingida,2
Araras - SP,3503307,SP,Sudeste,0.06638333197982368,Baixo,60.24,65.16,0,80.0,2.473333333333334,Atinge no ritmo atual,0
Boca da Mata - AL,2701001,AL,Nordeste,0.06638333197982368,Baixo,73.6,88.19,0,80.0,-1.3649999999999995,Meta ja atingida,1
Macaparana - PE,2609006,PE,Nordeste,0.06608050659832601,Baixo,72.61,81.95,0,80.0,-0.32500000000000046,Meta ja atingida,1
Atibaia - SP,3504107,SP,Sudeste,0.0658190470120876,Baixo,70.57,65.26,0,80.0,2.4566666666666657,Atinge no ritmo atual,0
Agudos do Sul - PR,4100301,PR,Sul,0.06558517052305872,Baixo,75.84,87.51,0,80.0,-1.2516666666666676,Meta ja atingida,2
São Raimundo das Mangabeiras - MA,2111607,MA,Nordeste,0.06530113385115595,Baixo,71.02,84.5,0,80.0,-0.75,Meta ja atingida,1
São João da Mata - MG,3162302,MG,Sudeste,0.06528529276413741,Baixo,78.13,72.0,0,80.0,1.3333333333333333,Atinge no ritmo atual,2
Mendes Pimentel - MG,3141504,MG,Sudeste,0.06528529276413741,Baixo,79.65,60.0,0,80.0,3.3333333333333335,Precisa de ate 2x o ritmo,1
Espigão D'Oeste - RO,1100098,RO,Norte,0.06513574956230891,Baixo,81.65,69.79,0,80.0,1.7016666666666656,Atinge no ritmo atual,2
Araguaiana - MT,5101001,MT,Centro-Oeste,0.06512410236756314,Baixo,100.0,91.53,0,80.0,-1.9216666666666669,Meta ja atingida,2
Gurjão - PB,2506509,PB,Nordeste,0.06509863064606926,Baixo,73.31,100.0,0,80.0,-3.3333333333333335,Meta ja atingida,1
Viçosa - MG,3171303,MG,Sudeste,0.06501661129568106,Baixo,61.85,78.22,0,80.0,0.29666666666666686,Atinge no ritmo atual,0
Glória de Dourados - MS,5004007,MS,Centro-Oeste,0.06498277175573405,Baixo,75.56,73.2,0,80.0,1.1333333333333329,Atinge no ritmo atual,2
Boa Esperança - MG,3107109,MG,Sudeste,0.06448233144837605,Baixo,57.37,74.5,0,80.0,0.9166666666666666,Atinge no ritmo atual,0
Cândido Mota - SP,3510005,SP,Sudeste,0.06434170837045629,Baixo,62.17,68.07,0,80.0,1.9883333333333344,Atinge no ritmo atual,0
Aguanil - MG,3100807,MG,Sudeste,0.06414098576909137,Baixo,100.0,88.68,0,80.0,-1.4466666666666679,Meta ja atingida,2
Machados - PE,2609105,PE,Nordeste,0.06403039080335308,Baixo,86.88,96.75,0,80.0,-2.7916666666666665,Meta ja atingida,1
Santiago do Sul - SC,4215695,SC,Sul,0.06388473254004777,Baixo,73.68,81.82,0,80.0,-0.3033333333333322,Meta ja atingida,2
Porto Firme - MG,3152303,MG,Sudeste,0.06388473254004777,Baixo,88.14,96.77,0,,,Sem meta definida,2
Volta Grande - MG,3172103,MG,Sudeste,0.06328539961364323,Baixo,50.77,76.28,0,80.0,0.6199999999999998,Atinge no ritmo atual,2
Inajá - PR,4110300,PR,Sul,0.06300559768869628,Baixo,73.73,69.71,0,80.0,1.715000000000001,Atinge no ritmo atual,2
São Francisco do Glória - MG,3161403,MG,Sudeste,0.06296791739447674,Baixo,59.41,78.59,0,80.0,0.23499999999999943,Atinge no ritmo atual,2
Tiradentes - MG,3168804,MG,Sudeste,0.06293235158766683,Baixo,62.26,68.34,0,80.0,1.9433333333333327,Atinge no ritmo atual,0
Timóteo - MG,3168705,MG,Sudeste,0.06293235158766683,Baixo,68.55,78.72,0,80.0,0.2133333333333335,Atinge no ritmo atual,0
São Tiago - MG,3165008,MG,Sudeste,0.06293235158766683,Baixo,92.29,92.5,0,80.0,-2.0833333333333335,Meta ja atingida,2
Pedra Lavrada - PB,2511103,PB,Nordeste,0.06293235158766683,Baixo,75.61,83.68,0,80.0,-0.6133333333333345,Meta ja atingida,1
Campos Verdes - GO,5204953,GO,Centro-Oeste,0.06281705508555972,Baixo,63.71,82.8,0,80.0,-0.4666666666666662,Meta ja atingida,2
Caucaia - CE,2303709,CE,Nordeste,0.06271790918672206,Baixo,66.84,68.34,0,80.0,1.9433333333333327,Atinge no ritmo atual,0
Prudente de Morais - MG,3153608,MG,Sudeste,0.0626738162950852,Baixo,51.09,63.8,0,80.0,2.7000000000000006,Precisa de ate 2x o ritmo,2
Maranhãozinho - MA,2106375,MA,Nordeste,0.06256820119352088,Baixo,76.41,97.62,0,80.0,-2.9366666666666674,Meta ja atingida,1
Ivatuba - PR,4111605,PR,Sul,0.06250305993458763,Baixo,78.82,86.72,0,80.0,-1.1199999999999999,Meta ja atingida,2
Cupira - PE,2605004,PE,Nordeste,0.06247691903113796,Baixo,77.97,88.96,0,80.0,-1.4933333333333323,Meta ja atingida,1
Leópolis - PR,4113403,PR,Sul,0.06240380526645227,Baixo,91.11,89.7,0,80.0,-1.6166666666666671,Meta ja atingida,2
Matelândia - PR,4115606,PR,Sul,0.062379071760099804,Baixo,73.52,71.4,0,80.0,1.4333333333333325,Atinge no ritmo atual,0
Antônio Olinto - PR,4101309,PR,Sul,0.06234039769754056,Baixo,91.41,88.26,0,80.0,-1.3766666666666676,Meta ja atingida,2
Ponto dos Volantes - MG,3152170,MG,Sudeste,0.06233407511390861,Baixo,72.63,67.71,0,80.0,2.0483333333333342,Atinge no ritmo atual,1
Belém do Piauí - PI,2201572,PI,Nordeste,0.062311457396863446,Baixo,100.0,100.0,0,80.0,-3.3333333333333335,Meta ja atingida,1
Divino - MG,3122009,MG,Sudeste,0.06227955798150636,Baixo,54.38,68.51,0,80.0,1.9149999999999991,Atinge no ritmo atual,2
Guanhães - MG,3128006,MG,Sudeste,0.06222800459266096,Baixo,58.73,72.64,0,80.0,1.2266666666666666,Atinge no ritmo atual,0
Colinas do Sul - GO,5205521,GO,Centro-Oeste,0.06214081786560778,Baixo,62.72,58.9,1,80.0,3.516666666666667,Precisa de ate 2x o ritmo,2
Pinhal de São Bento - PR,4119251,PR,Sul,0.061971321342441675,Baixo,91.12,97.14,0,80.0,-2.856666666666667,Meta ja atingida,2
Paiva - MG,3146602,MG,Sudeste,0.0618991115267711,Baixo,80.0,92.86,0,80.0,-2.143333333333333,Meta ja atingida,2
Dona Emma - SC,4205100,SC,Sul,0.061873854596966725,Baixo,86.17,88.51,0,80.0,-1.4183333333333341,Meta ja atingida,2
Nazária - PI,2206720,PI,Nordeste,0.0617929292929293,Baixo,77.65,52.15,1,80.0,4.641666666666667,Precisa de ate 2x o ritmo,1
Ibateguara - AL,2703007,AL,Nordeste,0.06151354187159813,Baixo,93.46,54.43,1,80.0,4.261666666666667,Precisa de ate 2x o ritmo,1
Sapopema - PR,4126207,PR,Sul,0.06140513593742425,Baixo,73.32,83.01,0,80.0,-0.5016666666666675,Meta ja atingida,2
José Bonifácio - SP,3525706,SP,Sudeste,0.06140423560728638,Baixo,63.46,59.52,1,80.0,3.4133333333333327,Precisa de ate 2x o ritmo,0
Piratuba - SC,4213104,SC,Sul,0.0612952261004311,Baixo,81.43,83.99,0,80.0,-0.6649999999999991,Meta ja atingida,2
Matias Barbosa - MG,3140803,MG,Sudeste,0.061212263469594096,Baixo,58.84,78.82,0,80.0,0.1966666666666678,Atinge no ritmo atual,0
Conceição - PB,2504405,PB,Nordeste,0.061212263469594096,Baixo,80.68,92.5,0,80.0,-2.0833333333333335,Meta ja atingida,1
Paulo Ramos - MA,2108108,MA,Nordeste,0.060836630493450936,Baixo,76.26,90.57,0,80.0,-1.7616666666666656,Meta ja atingida,1
Princesa - SC,4214151,SC,Sul,0.06081892359875708,Baixo,89.34,64.05,0,80.0,2.6583333333333337,Precisa de ate 2x o ritmo,2
Santa Cruz de Minas - MG,3157336,MG,Sudeste,0.06081892359875708,Baixo,63.86,43.82,1,80.0,6.03,Precisa de mais de 2x o ritmo,0
Marquinho - PR,4115457,PR,Sul,0.060721017189830064,Baixo,73.99,82.18,0,80.0,-0.36333333333333445,Meta ja atingida,2
Sobrália - MG,3167707,MG,Sudeste,0.06047878754433531,Baixo,66.54,75.93,0,80.0,0.6783333333333322,Atinge no ritmo atual,2
São Bento do Sul - SC,4215802,SC,Sul,0.06047878754433531,Baixo,72.63,79.21,0,80.0,0.1316666666666677,Atinge no ritmo atual,0
Aracitaba - MG,3103306,MG,Sudeste,0.06047878754433531,Baixo,80.0,86.96,0,80.0,-1.159999999999999,Meta ja atingida,2
Pitanga - PR,4119608,PR,Sul,0.06047878754433531,Baixo,72.99,73.42,0,80.0,1.0966666666666665,Atinge no ritmo atual,2
Marilândia do Sul - PR,4114906,PR,Sul,0.06042016806722689,Baixo,72.1,84.99,0,80.0,-0.8316666666666658,Meta ja atingida,2
Goioerê - PR,4108601,PR,Sul,0.060322901472976455,Baixo,70.49,63.77,0,80.0,2.7049999999999996,Precisa de ate 2x o ritmo,0
Bom Lugar - MA,2102077,MA,Nordeste,0.06023581314646187,Baixo,100.0,95.28,0,80.0,-2.546666666666667,Meta ja atingida,1
Nova Cantu - PR,4116802,PR,Sul,0.06021541950113378,Baixo,79.5,88.03,0,80.0,-1.3383333333333336,Meta ja atingida,2
Ecoporanga - ES,3202108,ES,Sudeste,0.06011372909016728,Baixo,67.33,94.08,0,80.0,-2.3466666666666662,Meta ja atingida,2
São José do Piauí - PI,2210201,PI,Nordeste,0.05999192730392017,Baixo,93.83,97.06,0,80.0,-2.8433333333333337,Meta ja atingida,1
Antônio Dias - MG,3103009,MG,Sudeste,0.059839539104931824,Baixo,78.23,84.4,0,,,Sem meta definida,2
Ibituruna - MG,3130002,MG,Sudeste,0.059687148772552504,Baixo,60.59,83.33,0,80.0,-0.5549999999999997,Meta ja atingida,2
Braúnas - MG,3108800,MG,Sudeste,0.05917756906165349,Baixo,72.23,63.3,0,80.0,2.7833333333333337,Precisa de ate 2x o ritmo,2
Lago dos Rodrigues - MA,2105948,MA,Nordeste,0.05917756906165349,Baixo,88.14,92.3,0,80.0,-2.0499999999999994,Meta ja atingida,1
Delfim Moreira - MG,3121100,MG,Sudeste,0.05917756906165349,Baixo,63.46,93.02,0,80.0,-2.1699999999999995,Meta ja atingida,2
Taquaraçu de Minas - MG,3168309,MG,Sudeste,0.05917756906165349,Baixo,66.07,94.4,0,80.0,-2.400000000000001,Meta ja atingida,2
Desterro do Melo - MG,3121506,MG,Sudeste,0.05917756906165349,Baixo,68.18,96.43,0,80.0,-2.7383333333333346,Meta ja atingida,2
Santa Bárbara do Tugúrio - MG,3157302,MG,Sudeste,0.05917756906165349,Baixo,50.6,90.92,0,80.0,-1.8200000000000003,Meta ja atingida,2
Santa Maria do Oeste - PR,4123857,PR,Sul,0.05917756906165349,Baixo,76.25,70.26,0,80.0,1.6233333333333324,Atinge no ritmo atual,2
Cândido de Abreu - PR,4104402,PR,Sul,0.05917756906165349,Baixo,83.34,85.54,0,80.0,-0.9233333333333343,Meta ja atingida,2
Morada Nova de Minas - MG,3143500,MG,Sudeste,0.05915816326530612,Baixo,86.32,64.5,0,80.0,2.5833333333333335,Precisa de ate 2x o ritmo,2
Madre de Deus de Minas - MG,3139102,MG,Sudeste,0.05914586304758072,Baixo,69.45,71.05,0,80.0,1.4916666666666671,Atinge no ritmo atual,2
Catas Altas - MG,3115359,MG,Sudeste,0.05914586304758072,Baixo,67.35,71.35,0,80.0,1.4416666666666675,Atinge no ritmo atual,2
Manhuaçu - MG,3139409,MG,Sudeste,0.05905962062451915,Baixo,57.2,75.92,0,80.0,0.6799999999999997,Atinge no ritmo atual,0
Pocrane - MG,3151909,MG,Sudeste,0.05884232471498241,Baixo,90.55,88.29,0,80.0,-1.3816666666666677,Meta ja atingida,2
Raposos - MG,3153905,MG,Sudeste,0.05876199246532521,Baixo,48.4,69.66,0,80.0,1.7233333333333338,Atinge no ritmo atual,0
Coronel Pacheco - MG,3119609,MG,Sudeste,0.058525185590733365,Baixo,100.0,59.91,1,80.0,3.348333333333334,Precisa de ate 2x o ritmo,2
Cruzmaltina - PR,4106852,PR,Sul,0.05838658447076054,Baixo,95.74,94.52,0,80.0,-2.4199999999999995,Meta ja atingida,2
Amparo do Serra - MG,3102506,MG,Sudeste,0.05831181218761992,Baixo,66.97,73.86,0,,,Sem meta definida,2
Serro - MG,3167103,MG,Sudeste,0.05831181218761992,Baixo,66.85,66.49,0,,,Sem meta definida,1
Queluzito - MG,3153806,MG,Sudeste,0.05827728989250726,Baixo,61.54,95.0,0,80.0,-2.5,Meta ja atingida,2
Abadia de Goiás - GO,5200050,GO,Centro-Oeste,0.05823583417473149,Baixo,59.84,64.46,0,80.0,2.590000000000001,Precisa de ate 2x o ritmo,2
Casinhas - PE,2604155,PE,Nordeste,0.058131802870105345,Baixo,79.46,84.85,0,80.0,-0.8083333333333323,Meta ja atingida,1
Varre-Sai - RJ,3306156,RJ,Sudeste,0.05811481275483175,Baixo,92.37,82.96,0,80.0,-0.4933333333333323,Meta ja atingida,2
Bituruna - PR,4102901,PR,Sul,0.05799319727891156,Baixo,80.76,70.06,0,80.0,1.6566666666666663,Atinge no ritmo atual,2
Novo Itacolomi - PR,4117297,PR,Sul,0.05799319727891156,Baixo,87.42,97.3,0,80.0,-2.883333333333333,Meta ja atingida,2
Candói - PR,4104428,PR,Sul,0.05761643398434637,Baixo,73.37,64.69,0,80.0,2.551666666666667,Precisa de ate 2x o ritmo,2
Ji-Paraná - RO,1100122,RO,Norte,0.05730678206492633,Baixo,70.52,66.41,0,80.0,2.2650000000000006,Atinge no ritmo atual,0
Carnaubeira da Penha - PE,2603926,PE,Nordeste,0.05703056282358181,Baixo,84.31,100.0,0,80.0,-3.3333333333333335,Meta ja atingida,1
Santana do Manhuaçu - MG,3158904,MG,Sudeste,0.0567962264530469,Baixo,90.59,77.24,0,80.0,0.46000000000000085,Atinge no ritmo atual,2
Alto Piquiri - PR,4100707,PR,Sul,0.05661582024113994,Baixo,74.73,64.66,0,80.0,2.556666666666667,Precisa de ate 2x o ritmo,2
Rio Formoso - PE,2611903,PE,Nordeste,0.05637949514508517,Baixo,93.31,90.91,0,80.0,-1.8183333333333327,Meta ja atingida,1
Angélica - MS,5000856,MS,Centro-Oeste,0.05637949514508517,Baixo,92.96,84.52,0,80.0,-0.7533333333333326,Meta ja atingida,2
Santa Amélia - PR,4123105,PR,Sul,0.056342477570738445,Baixo,100.0,91.5,0,80.0,-1.9166666666666667,Meta ja atingida,2
Brás Pires - MG,3108701,MG,Sudeste,0.0562546544933763,Baixo,53.68,81.16,0,80.0,-0.19333333333333277,Meta ja atingida,1
Caibi - SC,4203105,SC,Sul,0.05617877254372026,Baixo,76.68,50.58,1,80.0,4.903333333333333,Precisa de ate 2x o ritmo,2
Luzerna - SC,4210035,SC,Sul,0.05617877254372026,Baixo,72.91,79.74,0,80.0,0.04333333333333419,Atinge no ritmo atual,0
Maravilha - SC,4210506,SC,Sul,0.05617877254372026,Baixo,85.56,75.87,0,80.0,0.6883333333333326,Atinge no ritmo atual,0
Ouro - SC,4211801,SC,Sul,0.05617877254372026,Baixo,72.58,82.18,0,80.0,-0.36333333333333445,Meta ja atingida,2
Massaranduba - SC,4210605,SC,Sul,0.05617877254372026,Baixo,72.49,76.77,0,80.0,0.538333333333334,Atinge no ritmo atual,2
Antônio Carlos - SC,4201208,SC,Sul,0.05617877254372026,Baixo,72.85,73.55,0,80.0,1.0750000000000004,Atinge no ritmo atual,2
Lamim - MG,3137908,MG,Sudeste,0.05614731002311775,Baixo,100.0,94.74,0,,,Sem meta definida,2
São Pedro do Iguaçu - PR,4125753,PR,Sul,0.05609582340781627,Baixo,74.73,80.66,0,80.0,-0.10999999999999943,Meta ja atingida,2
Três Barras do Paraná - PR,4127858,PR,Sul,0.056088015792768064,Baixo,79.37,75.42,0,80.0,0.7633333333333331,Atinge no ritmo atual,2
Divisa Nova - MG,3122405,MG,Sudeste,0.056088015792768064,Baixo,64.28,67.64,0,80.0,2.06,Atinge no ritmo atual,2
Varjota - CE,2313955,CE,Nordeste,0.05576867009866195,Baixo,99.57,98.06,0,80.0,-3.0100000000000002,Meta ja atingida,1
Jaguaraçu - MG,3135001,MG,Sudeste,0.05554564483135911,Baixo,62.35,84.51,0,80.0,-0.7516666666666675,Meta ja atingida,2
Cajuri - MG,3110202,MG,Sudeste,0.05554564483135911,Baixo,64.21,69.57,0,80.0,1.7383333333333344,Atinge no ritmo atual,2
Vertente do Lério - PE,2616183,PE,Nordeste,0.055515411308430296,Baixo,83.71,82.94,0,80.0,-0.4899999999999996,Meta ja atingida,1
Botuverá - SC,4202701,SC,Sul,0.055463832519586996,Baixo,75.54,64.54,0,80.0,2.5766666666666658,Precisa de ate 2x o ritmo,2
Rio Espera - MG,3155207,MG,Sudeste,0.05535381543921917,Baixo,82.0,83.87,0,,,Sem meta definida,1
Dom Inocêncio - PI,2203453,PI,Nordeste,0.05505316017522397,Baixo,97.37,87.27,0,80.0,-1.211666666666666,Meta ja atingida,1
Caputira - MG,3112901,MG,Sudeste,0.05498743892088983,Baixo,59.39,83.3,0,80.0,-0.5499999999999995,Meta ja atingida,1
Santana do Itararé - PR,4124004,PR,Sul,0.05498686096512184,Baixo,78.27,54.43,1,80.0,4.261666666666667,Precisa de ate 2x o ritmo,2
Governador Luiz Rocha - MA,2104628,MA,Nordeste,0.05466967756531225,Baixo,98.32,91.67,0,80.0,-1.9450000000000003,Meta ja atingida,1
Monsenhor Paulo - MG,3142601,MG,Sudeste,0.05459908588960244,Baixo,62.69,78.89,0,80.0,0.18499999999999991,Atinge no ritmo atual,2
São Manoel do Paraná - PR,4125555,PR,Sul,0.05453369204102267,Baixo,95.44,73.08,0,80.0,1.1533333333333335,Atinge no ritmo atual,2
Lindóia do Sul - SC,4209854,SC,Sul,0.054403805266452276,Baixo,87.38,84.61,0,80.0,-0.7683333333333332,Meta ja atingida,2
Desterro de Entre Rios - MG,3121407,MG,Sudeste,0.0543755738760199,Baixo,80.91,79.93,0,80.0,0.01166666666666553,Atinge no ritmo atual,2
Sooretama - ES,3205010,ES,Sudeste,0.0541988238556443,Baixo,67.21,70.81,0,80.0,1.5316666666666663,Atinge no ritmo atual,2
Rosana - SP,3544251,SP,Sudeste,0.05416134813778632,Baixo,70.24,82.37,0,80.0,-0.39500000000000074,Meta ja atingida,0
Curiúva - PR,4107009,PR,Sul,0.05403090790671563,Baixo,80.2,68.88,0,80.0,1.8533333333333342,Atinge no ritmo atual,2
Guaraniaçu - PR,4109302,PR,Sul,0.05395097815336124,Baixo,80.03,71.17,0,80.0,1.4716666666666665,Atinge no ritmo atual,2
Rosário do Ivaí - PR,4122651,PR,Sul,0.05370902686151928,Baixo,69.4,77.0,0,80.0,0.5,Atinge no ritmo atual,2
Planalto Alegre - SC,4213153,SC,Sul,0.05339241198888443,Baixo,79.57,90.38,0,80.0,-1.7299999999999993,Meta ja atingida,2
Antônio Prado de Minas - MG,3103108,MG,Sudeste,0.05339241198888443,Baixo,78.57,86.67,0,80.0,-1.111666666666667,Meta ja atingida,2
Guapirama - PR,4109005,PR,Sul,0.05339241198888443,Baixo,87.9,75.09,0,80.0,0.8183333333333328,Atinge no ritmo atual,2
Belo Horizonte - MG,3106200,MG,Sudeste,0.05339241198888443,Baixo,60.07,70.13,0,80.0,1.6450000000000007,Atinge no ritmo atual,0
Limoeiro - PE,2608909,PE,Nordeste,0.05339241198888443,Baixo,72.23,67.03,0,80.0,2.1616666666666666,Atinge no ritmo atual,0
Pirajuba - MG,3150703,MG,Sudeste,0.05339241198888443,Baixo,63.4,76.8,0,80.0,0.5333333333333338,Atinge no ritmo atual,2
Ressaquinha - MG,3154408,MG,Sudeste,0.05339241198888443,Baixo,55.59,82.0,0,80.0,-0.3333333333333333,Meta ja atingida,2
Santa Luzia D'Oeste - RO,1100296,RO,Norte,0.05339241198888443,Baixo,76.11,83.36,0,80.0,-0.5599999999999999,Meta ja atingida,2
Mário Campos - MG,3140159,MG,Sudeste,0.05336658116293649,Baixo,70.35,74.09,0,80.0,0.9849999999999994,Atinge no ritmo atual,0
Axixá - MA,2101103,MA,Nordeste,0.05336658116293649,Baixo,81.88,71.88,0,80.0,1.3533333333333342,Atinge no ritmo atual,1
Fronteiras - PI,2204303,PI,Nordeste,0.05328404175594018,Baixo,98.26,96.63,0,80.0,-2.771666666666666,Meta ja atingida,1
Rio Bom - PR,4122107,PR,Sul,0.05322695035460993,Baixo,94.5,69.55,0,80.0,1.7416666666666671,Atinge no ritmo atual,2
Goioxim - PR,4108650,PR,Sul,0.053205782312925165,Baixo,92.63,90.42,0,80.0,-1.736666666666667,Meta ja atingida,2
Londrina - PR,4113700,PR,Sul,0.052886814300188156,Baixo,73.98,72.91,0,80.0,1.1816666666666673,Atinge no ritmo atual,0
Altônia - PR,4100509,PR,Sul,0.052886814300188156,Baixo,70.4,78.17,0,80.0,0.3049999999999997,Atinge no ritmo atual,2
São Sebastião do Rio Verde - MG,3164902,MG,Sudeste,0.052886814300188156,Baixo,68.42,91.3,0,80.0,-1.8833333333333329,Meta ja atingida,2
Ritápolis - MG,3156106,MG,Sudeste,0.052886814300188156,Baixo,64.3,81.94,0,80.0,-0.323333333333333,Meta ja atingida,2
Canoinhas - SC,4203808,SC,Sul,0.052886814300188156,Baixo,75.63,77.81,0,80.0,0.3649999999999996,Atinge no ritmo atual,0
Arantina - MG,3103603,MG,Sudeste,0.052886814300188156,Baixo,75.0,57.09,1,80.0,3.818333333333333,Precisa de ate 2x o ritmo,2
Boa Esperança - PR,4103008,PR,Sul,0.052886814300188156,Baixo,93.75,92.95,0,80.0,-2.1583333333333337,Meta ja atingida,2
Jaraguá do Sul - SC,4208906,SC,Sul,0.052765445800961895,Baixo,72.77,72.53,0,80.0,1.2449999999999999,Atinge no ritmo atual,0
Ouro Preto do Oeste - RO,1100155,RO,Norte,0.052518708739344055,Baixo,72.39,66.4,0,80.0,2.2666666666666657,Atinge no ritmo atual,0
Joanésia - MG,3136108,MG,Sudeste,0.052518708739344055,Baixo,95.06,85.58,0,80.0,-0.9299999999999997,Meta ja atingida,2
Aurora - SC,4201901,SC,Sul,0.05231993496699379,Baixo,72.91,76.68,0,80.0,0.5533333333333322,Atinge no ritmo atual,2
Ibiá - MG,3129509,MG,Sudeste,0.05229413368060813,Baixo,52.52,78.1,0,80.0,0.3166666666666676,Atinge no ritmo atual,0
São Gonçalo do Rio Preto - MG,3125507,MG,Sudeste,0.05166740658527562,Baixo,80.13,83.33,0,80.0,-0.5549999999999997,Meta ja atingida,2
Paraopeba - MG,3147402,MG,Sudeste,0.05166740658527562,Baixo,45.79,72.26,0,80.0,1.2899999999999991,Atinge no ritmo atual,0
Cunha Porã - SC,4204707,SC,Sul,0.05165183809376493,Baixo,76.72,74.18,0,80.0,0.9699999999999989,Atinge no ritmo atual,2
Witmarsum - SC,4219408,SC,Sul,0.051416078437647283,Baixo,79.96,77.27,0,80.0,0.4550000000000007,Atinge no ritmo atual,2
Bom Sucesso do Sul - PR,4103222,PR,Sul,0.051416078437647283,Baixo,82.0,71.33,0,80.0,1.4450000000000003,Atinge no ritmo atual,2
Ângulo - PR,4101150,PR,Sul,0.051416078437647283,Baixo,90.09,86.15,0,80.0,-1.025000000000001,Meta ja atingida,2
Campina do Simão - PR,4103958,PR,Sul,0.051416078437647283,Baixo,85.54,84.25,0,80.0,-0.7083333333333334,Meta ja atingida,2
São Gonçalo do Piauí - PI,2209807,PI,Nordeste,0.051416078437647283,Baixo,94.18,64.04,0,80.0,2.659999999999999,Precisa de ate 2x o ritmo,1
Guimarães - MA,2104909,MA,Nordeste,0.051215355836282374,Baixo,89.07,86.95,0,80.0,-1.1583333333333339,Meta ja atingida,1
Matutina - MG,3141207,MG,Sudeste,0.051215355836282374,Baixo,91.3,91.94,0,80.0,-1.9899999999999995,Meta ja atingida,2
Salgueiro - PE,2612208,PE,Nordeste,0.051215355836282374,Baixo,75.94,75.13,0,80.0,0.8116666666666674,Atinge no ritmo atual,0
Tapira - PR,4126900,PR,Sul,0.051215355836282374,Baixo,90.52,77.42,0,80.0,0.4299999999999997,Atinge no ritmo atual,2
Janiópolis - PR,4112207,PR,Sul,0.051215355836282374,Baixo,82.58,77.3,0,80.0,0.45000000000000046,Atinge no ritmo atual,2
Juramento - MG,3136801,MG,Sudeste,0.05117368550133643,Baixo,63.23,55.56,1,80.0,4.073333333333333,Precisa de ate 2x o ritmo,2
Elói Mendes - MG,3123601,MG,Sudeste,0.05102843719938087,Baixo,57.91,64.98,0,80.0,2.5033333333333325,Atinge no ritmo atual,0
Liberdade - MG,3138500,MG,Sudeste,0.05094485954133199,Baixo,56.17,71.21,0,80.0,1.465000000000001,Atinge no ritmo atual,2
Penaforte - CE,2310605,CE,Nordeste,0.05094485954133199,Baixo,77.7,63.67,0,80.0,2.7216666666666662,Precisa de ate 2x o ritmo,1
Anchieta - SC,4200804,SC,Sul,0.05094485954133199,Baixo,77.78,82.02,0,80.0,-0.336666666666666,Meta ja atingida,2
Itapiranga - SC,4208401,SC,Sul,0.05094485954133199,Baixo,76.43,81.61,0,80.0,-0.26833333333333326,Meta ja atingida,0
Ipiranga - PR,4110508,PR,Sul,0.05094485954133199,Baixo,88.2,82.28,0,80.0,-0.38000000000000017,Meta ja atingida,2
Itueta - MG,3134103,MG,Sudeste,0.05094485954133199,Baixo,69.92,78.77,0,80.0,0.20500000000000065,Atinge no ritmo atual,2
Serranópolis - GO,5220504,GO,Centro-Oeste,0.05057201388400674,Baixo,54.47,66.65,0,80.0,2.224999999999999,Atinge no ritmo atual,2
Santana do Deserto - MG,3158607,MG,Sudeste,0.05055289721671129,Baixo,58.32,80.09,0,80.0,-0.015000000000000568,Meta ja atingida,2
Carmo do Rio Claro - MG,3114402,MG,Sudeste,0.05052283951068459,Baixo,63.2,68.35,0,80.0,1.9416666666666675,Atinge no ritmo atual,0
São José da Lapa - MG,3162955,MG,Sudeste,0.050451701757132296,Baixo,62.41,75.09,0,80.0,0.8183333333333328,Atinge no ritmo atual,0
Janaúba - MG,3135100,MG,Sudeste,0.05043926185263571,Baixo,52.76,67.7,0,80.0,2.0499999999999994,Atinge no ritmo atual,0
Alfenas - MG,3101607,MG,Sudeste,0.05043926185263571,Baixo,55.04,73.41,0,80.0,1.0983333333333338,Atinge no ritmo atual,0
São Gotardo - MG,3162104,MG,Sudeste,0.05043926185263571,Baixo,53.98,75.31,0,80.0,0.7816666666666663,Atinge no ritmo atual,0
Turvolândia - MG,3169802,MG,Sudeste,0.05043926185263571,Baixo,61.67,67.31,0,80.0,2.1149999999999998,Atinge no ritmo atual,2
Bom Repouso - MG,3107901,MG,Sudeste,0.05043926185263571,Baixo,56.55,68.27,0,80.0,1.9550000000000007,Atinge no ritmo atual,2
Rio Casca - MG,3154903,MG,Sudeste,0.05043926185263571,Baixo,59.63,62.76,0,80.0,2.8733333333333335,Precisa de ate 2x o ritmo,2
Virgínia - MG,3171709,MG,Sudeste,0.05043926185263571,Baixo,57.94,74.66,0,80.0,0.8900000000000006,Atinge no ritmo atual,2
Pitangueiras - PR,4119657,PR,Sul,0.05043926185263571,Baixo,94.13,83.19,0,80.0,-0.5316666666666663,Meta ja atingida,2
Santa Lúcia - PR,4123824,PR,Sul,0.05043926185263571,Baixo,79.5,85.71,0,80.0,-0.9516666666666657,Meta ja atingida,2
São Vicente de Minas - MG,3165305,MG,Sudeste,0.05043926185263571,Baixo,60.1,81.64,0,80.0,-0.27333333333333343,Meta ja atingida,2
Dores de Campos - MG,3123007,MG,Sudeste,0.05043926185263571,Baixo,54.67,76.43,0,80.0,0.5949999999999989,Atinge no ritmo atual,2
Minduri - MG,3141900,MG,Sudeste,0.05040393871465352,Baixo,51.89,76.32,0,80.0,0.6133333333333345,Atinge no ritmo atual,2
São Pedro de Alcântara - SC,4217253,SC,Sul,0.05035420657484189,Baixo,74.22,61.13,0,80.0,3.1449999999999996,Precisa de ate 2x o ritmo,2
Cardoso - SP,3510708,SP,Sudeste,0.05030271995954041,Baixo,69.75,59.86,1,80.0,3.356666666666667,Precisa de ate 2x o ritmo,2
Guairaçá - PR,4108908,PR,Sul,0.05030271995954041,Baixo,72.56,80.71,0,80.0,-0.11833333333333229,Meta ja atingida,2
Rochedo de Minas - MG,3156205,MG,Sudeste,0.05030271995954041,Baixo,56.55,58.33,1,80.0,3.611666666666667,Precisa de ate 2x o ritmo,2
Mangueirinha - PR,4114401,PR,Sul,0.05026684636118599,Baixo,72.22,66.1,0,80.0,2.3166666666666678,Atinge no ritmo atual,2
Santana do Paraíso - MG,3158953,MG,Sudeste,0.05026684636118599,Baixo,69.78,69.95,0,80.0,1.6749999999999996,Atinge no ritmo atual,0
Boqueirão do Piauí - PI,2201945,PI,Nordeste,0.05026684636118599,Baixo,96.48,77.1,0,80.0,0.4833333333333343,Atinge no ritmo atual,1
Aiuruoca - MG,3101201,MG,Sudeste,0.05026684636118599,Baixo,55.3,85.71,0,80.0,-0.9516666666666657,Meta ja atingida,2
Iretama - PR,4110805,PR,Sul,0.05022741498474561,Baixo,87.59,80.07,0,80.0,-0.01166666666666553,Meta ja atingida,2
Santana de Cataguases - MG,3158409,MG,Sudeste,0.05007564628565016,Baixo,85.23,73.26,0,80.0,1.1233333333333324,Atinge no ritmo atual,2
Coluna - MG,3116803,MG,Sudeste,0.05007564628565016,Baixo,64.06,91.21,0,80.0,-1.8683333333333323,Meta ja atingida,1
Pedras Grandes - SC,4212403,SC,Sul,0.04993724881256851,Baixo,81.73,69.2,0,80.0,1.7999999999999996,Atinge no ritmo atual,2
São Carlos - SC,4216008,SC,Sul,0.04993724881256851,Baixo,71.49,71.17,0,80.0,1.4716666666666665,Atinge no ritmo atual,0
Capitólio - MG,3112802,MG,Sudeste,0.04959901825433349,Baixo,79.21,84.65,0,80.0,-0.7750000000000009,Meta ja atingida,2
Brejetuba - ES,3201159,ES,Sudeste,0.0495359034012745,Baixo,72.75,88.47,0,80.0,-1.4116666666666664,Meta ja atingida,2
Piumhi - MG,3151503,MG,Sudeste,0.049522732169790994,Baixo,57.27,73.46,0,80.0,1.090000000000001,Atinge no ritmo atual,0
Tuneiras do Oeste - PR,4127908,PR,Sul,0.0494353195823784,Baixo,71.46,68.12,0,80.0,1.9799999999999993,Atinge no ritmo atual,2
Rio Piracicaba - MG,3155702,MG,Sudeste,0.04940143448683822,Baixo,79.25,79.95,0,80.0,0.00833333333333286,Atinge no ritmo atual,2
Itaverava - MG,3133907,MG,Sudeste,0.04940143448683822,Baixo,100.0,85.76,0,80.0,-0.9600000000000009,Meta ja atingida,2
São João do Manteninha - MG,3162575,MG,Sudeste,0.04940143448683822,Baixo,79.89,71.7,0,80.0,1.3833333333333329,Atinge no ritmo atual,2
Alto Jequitibá - MG,3153509,MG,Sudeste,0.04940143448683822,Baixo,50.82,78.73,0,80.0,0.211666666666666,Atinge no ritmo atual,2
Nova Lima - MG,3144805,MG,Sudeste,0.04932617712253245,Baixo,56.76,79.6,0,80.0,0.06666666666666761,Atinge no ritmo atual,0
João Monlevade - MG,3136207,MG,Sudeste,0.04931446540880503,Baixo,67.06,82.75,0,80.0,-0.4583333333333333,Meta ja atingida,0
Miraselva - PR,4116000,PR,Sul,0.04931446540880503,Baixo,77.05,51.38,1,80.0,4.77,Precisa de ate 2x o ritmo,2
Canaã - MG,3111705,MG,Sudeste,0.04931446540880503,Baixo,57.75,85.85,0,80.0,-0.9749999999999991,Meta ja atingida,2
Santa Cruz do Piauí - PI,2209104,PI,Nordeste,0.04931446540880503,Baixo,95.61,98.15,0,80.0,-3.025000000000001,Meta ja atingida,1
Lima Campos - MA,2106003,MA,Nordeste,0.04931446540880503,Baixo,86.67,90.91,0,80.0,-1.8183333333333327,Meta ja atingida,1
Gonçalves - MG,3127404,MG,Sudeste,0.04903030571257822,Baixo,62.15,77.02,0,80.0,0.4966666666666673,Atinge no ritmo atual,2
Eugenópolis - MG,3124906,MG,Sudeste,0.04902516159724168,Baixo,56.5,68.59,0,80.0,1.9016666666666662,Atinge no ritmo atual,2
Barra Longa - MG,3105707,MG,Sudeste,0.048996580572253735,Baixo,79.77,94.29,0,,,Sem meta definida,2
Lidianópolis - PR,4113429,PR,Sul,0.048851975873544715,Baixo,92.58,83.47,0,80.0,-0.5783333333333331,Meta ja atingida,2
Pedra do Anta - MG,3148806,MG,Sudeste,0.048820744324865835,Baixo,85.38,85.51,0,80.0,-0.9183333333333342,Meta ja atingida,2
União da Vitória - PR,4128203,PR,Sul,0.04876904669982729,Baixo,74.94,73.17,0,80.0,1.138333333333333,Atinge no ritmo atual,0
Armazém - SC,4201505,SC,Sul,0.04858131108864173,Baixo,76.92,78.79,0,80.0,0.20166666666666563,Atinge no ritmo atual,2
Cruzeiro da Fortaleza - MG,3120706,MG,Sudeste,0.04858131108864173,Baixo,62.42,80.92,0,80.0,-0.15333333333333363,Meta ja atingida,2
Coruripe - AL,2702306,AL,Nordeste,0.04858131108864173,Baixo,94.13,92.03,0,80.0,-2.0050000000000003,Meta ja atingida,1
Piranguçu - MG,3150901,MG,Sudeste,0.04858131108864173,Baixo,66.27,78.97,0,80.0,0.17166666666666686,Atinge no ritmo atual,2
Pescador - MG,3150000,MG,Sudeste,0.04858131108864173,Baixo,88.06,77.59,0,80.0,0.4016666666666661,Atinge no ritmo atual,2
Rio Preto - MG,3155900,MG,Sudeste,0.04848565989903375,Baixo,71.16,62.04,0,80.0,2.9933333333333336,Precisa de ate 2x o ritmo,2
Divinolândia de Minas - MG,3122207,MG,Sudeste,0.04848565989903375,Baixo,67.53,87.1,0,80.0,-1.1833333333333325,Meta ja atingida,2
Santa Rita do Itueto - MG,3159506,MG,Sudeste,0.048419011331433955,Baixo,83.38,87.19,0,80.0,-1.198333333333333,Meta ja atingida,2
Vargem Alta - ES,3205036,ES,Sudeste,0.048419011331433955,Baixo,70.93,72.05,0,80.0,1.3250000000000004,Atinge no ritmo atual,2
Mariópolis - PR,4115309,PR,Sul,0.048419011331433955,Baixo,76.4,66.98,0,80.0,2.1699999999999995,Atinge no ritmo atual,2
Bom Jesus do Sul - PR,4103156,PR,Sul,0.048419011331433955,Baixo,87.35,93.48,0,80.0,-2.2466666666666675,Meta ja atingida,2
Riqueza - SC,4215075,SC,Sul,0.048419011331433955,Baixo,83.43,72.07,0,80.0,1.3216666666666679,Atinge no ritmo atual,2
Lagoa Santa - MG,3137601,MG,Sudeste,0.048289375356414185,Baixo,62.69,73.13,0,80.0,1.1450000000000007,Atinge no ritmo atual,0
Jequitibá - MG,3135704,MG,Sudeste,0.04823780445843977,Baixo,52.44,65.96,0,80.0,2.340000000000001,Atinge no ritmo atual,2
Paula Freitas - PR,4118600,PR,Sul,0.04813821779503824,Baixo,77.55,74.56,0,80.0,0.9066666666666663,Atinge no ritmo atual,2
Loanda - PR,4113502,PR,Sul,0.04813821779503824,Baixo,72.42,73.8,0,80.0,1.0333333333333339,Atinge no ritmo atual,0
Japira - PR,4112306,PR,Sul,0.04813821779503824,Baixo,75.69,64.46,0,80.0,2.590000000000001,Precisa de ate 2x o ritmo,2
Virmond - PR,4128658,PR,Sul,0.04813821779503824,Baixo,78.69,81.54,0,80.0,-0.2566666666666677,Meta ja atingida,2
Jandaia do Sul - PR,4112108,PR,Sul,0.04813821779503824,Baixo,76.99,68.64,0,80.0,1.8933333333333333,Atinge no ritmo atual,0
Icaraí de Minas - MG,3130051,MG,Sudeste,0.04813821779503824,Baixo,53.69,75.59,0,80.0,0.7349999999999994,Atinge no ritmo atual,1
Capanema - PR,4104501,PR,Sul,0.04813821779503824,Baixo,78.46,79.5,0,80.0,0.08333333333333333,Atinge no ritmo atual,2
Luislândia - MG,3138682,MG,Sudeste,0.04813821779503824,Baixo,59.68,78.7,0,80.0,0.2166666666666662,Atinge no ritmo atual,1
Mariana - MG,3140001,MG,Sudeste,0.04813821779503824,Baixo,55.06,67.81,0,80.0,2.0316666666666663,Atinge no ritmo atual,0
Floraí - PR,4107801,PR,Sul,0.04813821779503824,Baixo,77.34,85.2,0,80.0,-0.8666666666666671,Meta ja atingida,2
Pinhalão - PR,4119202,PR,Sul,0.04813821779503824,Baixo,73.96,76.88,0,80.0,0.5200000000000008,Atinge no ritmo atual,2
Planalto - PR,4119806,PR,Sul,0.04808801579276807,Baixo,87.64,78.93,0,80.0,0.1783333333333322,Atinge no ritmo atual,2
Juquitiba - SP,3526209,SP,Sudeste,0.04805232558139535,Baixo,69.27,64.05,0,80.0,2.6583333333333337,Precisa de ate 2x o ritmo,0
Alvinópolis - MG,3102308,MG,Sudeste,0.04772270510917957,Baixo,48.49,80.55,0,80.0,-0.09166666666666619,Meta ja atingida,2
Doresópolis - MG,3123403,MG,Sudeste,0.04772270510917957,Baixo,38.46,66.67,0,80.0,2.2216666666666662,Atinge no ritmo atual,2
Conceição das Alagoas - MG,3117306,MG,Sudeste,0.04772270510917957,Baixo,55.38,58.64,1,80.0,3.56,Precisa de ate 2x o ritmo,0
Nova Módica - MG,3144904,MG,Sudeste,0.04772270510917957,Baixo,83.33,89.37,0,80.0,-1.5616666666666674,Meta ja atingida,1
Unaí - MG,3170404,MG,Sudeste,0.04772270510917957,Baixo,55.92,67.21,0,80.0,2.1316666666666677,Atinge no ritmo atual,0
Irani - SC,4207809,SC,Sul,0.04755972552663555,Baixo,72.03,65.74,0,80.0,2.3766666666666674,Atinge no ritmo atual,2
Frutal - MG,3127107,MG,Sudeste,0.04721206485558486,Baixo,53.92,73.59,0,80.0,1.0683333333333327,Atinge no ritmo atual,0
Feira Nova - PE,2605400,PE,Nordeste,0.04701845110734432,Baixo,85.66,83.27,0,80.0,-0.5449999999999994,Meta ja atingida,1
Santa Maria de Jetibá - ES,3204559,ES,Sudeste,0.04701845110734432,Baixo,85.64,85.41,0,80.0,-0.9016666666666661,Meta ja atingida,2
Alto Rio Novo - ES,3200359,ES,Sudeste,0.04701845110734432,Baixo,64.65,83.48,0,80.0,-0.5800000000000006,Meta ja atingida,2
Batatais - SP,3505906,SP,Sudeste,0.04682725103180849,Baixo,64.89,58.95,1,80.0,3.508333333333333,Precisa de ate 2x o ritmo,0
Marataízes - ES,3203320,ES,Sudeste,0.04682725103180849,Baixo,73.28,69.4,0,80.0,1.7666666666666657,Atinge no ritmo atual,0
Cantagalo - MG,3112059,MG,Sudeste,0.046691948687964356,Baixo,60.18,65.99,0,80.0,2.335000000000001,Atinge no ritmo atual,2
Treze Tílias - SC,4218509,SC,Sul,0.046691948687964356,Baixo,74.33,71.92,0,80.0,1.3466666666666665,Atinge no ritmo atual,0
Vieiras - MG,3171402,MG,Sudeste,0.046691948687964356,Baixo,50.44,74.62,0,80.0,0.896666666666666,Atinge no ritmo atual,2
Seara - SC,4217501,SC,Sul,0.046691948687964356,Baixo,73.9,62.5,0,80.0,2.9166666666666665,Precisa de ate 2x o ritmo,0
Mandirituba - PR,4114302,PR,Sul,0.04654471544715447,Baixo,79.38,64.48,0,80.0,2.586666666666666,Precisa de ate 2x o ritmo,2
Sengés - PR,4126306,PR,Sul,0.046461271912799654,Baixo,80.66,81.96,0,80.0,-0.3266666666666656,Meta ja atingida,2
Ivaí - PR,4111407,PR,Sul,0.046461271912799654,Baixo,84.6,82.65,0,80.0,-0.4416666666666676,Meta ja atingida,2
Guamiranga - PR,4108957,PR,Sul,0.046461271912799654,Baixo,79.53,71.55,0,80.0,1.4083333333333339,Atinge no ritmo atual,2
Flor da Serra do Sul - PR,4107850,PR,Sul,0.046461271912799654,Baixo,85.72,85.55,0,80.0,-0.9249999999999995,Meta ja atingida,2
Acaiaca - MG,3100401,MG,Sudeste,0.04644506666472156,Baixo,87.39,73.93,0,80.0,1.0116666666666656,Atinge no ritmo atual,2
Pirapetinga - MG,3151107,MG,Sudeste,0.046413360650648786,Baixo,62.67,66.15,0,80.0,2.3083333333333322,Atinge no ritmo atual,0
Mantena - MG,3139607,MG,Sudeste,0.046340497737556566,Baixo,49.94,71.17,0,80.0,1.4716666666666665,Atinge no ritmo atual,2
Guapé - MG,3128105,MG,Sudeste,0.04619630628171001,Baixo,58.55,80.4,0,80.0,-0.06666666666666761,Meta ja atingida,2
Morrinhos - GO,5213806,GO,Centro-Oeste,0.04609076821175499,Baixo,62.28,65.87,0,80.0,2.354999999999999,Atinge no ritmo atual,0
Arroio Trinta - SC,4201604,SC,Sul,0.04606607015496336,Baixo,92.0,76.24,0,80.0,0.6266666666666675,Atinge no ritmo atual,2
Castro - PR,4104907,PR,Sul,0.04606607015496336,Baixo,74.26,74.56,0,80.0,0.9066666666666663,Atinge no ritmo atual,0
Capela Nova - MG,3112208,MG,Sudeste,0.04602181567863613,Baixo,83.06,77.37,0,80.0,0.4383333333333326,Atinge no ritmo atual,2
Cachoeira Dourada - MG,3109808,MG,Sudeste,0.04596894020766201,Baixo,80.57,94.74,0,80.0,-2.4566666666666657,Meta ja atingida,2
Fortuna de Minas - MG,3126406,MG,Sudeste,0.04596894020766201,Baixo,59.25,90.83,0,80.0,-1.8049999999999997,Meta ja atingida,2
Olímpio Noronha - MG,3145505,MG,Sudeste,0.04596894020766201,Baixo,62.27,94.29,0,80.0,-2.3816666666666677,Meta ja atingida,2
Santa Tereza do Oeste - PR,4124020,PR,Sul,0.045585170523058716,Baixo,73.31,77.75,0,80.0,0.375,Atinge no ritmo atual,2
Floresta - PR,4107900,PR,Sul,0.045585170523058716,Baixo,76.39,74.01,0,80.0,0.9983333333333325,Atinge no ritmo atual,0
Curral de Dentro - MG,3120870,MG,Sudeste,0.045585170523058716,Baixo,79.25,80.36,0,80.0,-0.05999999999999991,Meta ja atingida,1
Caconde - SP,3508702,SP,Sudeste,0.04557234907102417,Baixo,70.13,70.02,0,80.0,1.663333333333334,Atinge no ritmo atual,2
Urucânia - MG,3170503,MG,Sudeste,0.04537618288351352,Baixo,47.49,81.2,0,80.0,-0.20000000000000048,Meta ja atingida,2
Ubá - MG,3169901,MG,Sudeste,0.04498973441200487,Baixo,65.24,78.84,0,80.0,0.19333333333333277,Atinge no ritmo atual,0
Teófilo Otoni - MG,3168606,MG,Sudeste,0.044984560013629785,Baixo,52.62,65.96,0,80.0,2.340000000000001,Atinge no ritmo atual,0
Campos Belos - GO,5204904,GO,Centro-Oeste,0.04477891043573088,Baixo,65.21,75.75,0,80.0,0.7083333333333334,Atinge no ritmo atual,0
Serrania - MG,3166907,MG,Sudeste,0.044617947995869704,Baixo,63.81,80.88,0,80.0,-0.14666666666666592,Meta ja atingida,2
São Sebastião da Vargem Alegre - MG,3164431,MG,Sudeste,0.0446027606882983,Baixo,53.38,93.1,0,80.0,-2.1833333333333322,Meta ja atingida,2
Laranjeiras do Sul - PR,4113304,PR,Sul,0.044474309855337894,Baixo,72.14,68.0,0,80.0,2.0,Atinge no ritmo atual,0
Nhandeara - SP,3532603,SP,Sudeste,0.044474309855337894,Baixo,70.73,70.29,0,80.0,1.6183333333333323,Atinge no ritmo atual,0
Nova Esperança - PR,4116901,PR,Sul,0.044474309855337894,Baixo,74.13,74.65,0,80.0,0.8916666666666657,Atinge no ritmo atual,0
Pequi - MG,3149606,MG,Sudeste,0.044435694819333224,Baixo,64.18,81.37,0,80.0,-0.22833333333333408,Meta ja atingida,2
Prudentópolis - PR,4120606,PR,Sul,0.04434486979639753,Baixo,82.7,82.91,0,80.0,-0.48499999999999943,Meta ja atingida,2
Quatiguá - PR,4120705,PR,Sul,0.04426439475311656,Baixo,91.58,90.26,0,80.0,-1.7100000000000009,Meta ja atingida,2
Águas Mornas - SC,4200606,SC,Sul,0.04424797775530839,Baixo,81.28,79.3,0,80.0,0.11666666666666714,Atinge no ritmo atual,2
Leme do Prado - MG,3138351,MG,Sudeste,0.04417553529785881,Baixo,52.94,82.62,0,80.0,-0.4366666666666674,Meta ja atingida,2
Coronel Freitas - SC,4204400,SC,Sul,0.04416566012722011,Baixo,74.28,86.74,0,80.0,-1.1233333333333324,Meta ja atingida,2
Horizonte - CE,2305233,CE,Nordeste,0.043997717908366624,Baixo,93.36,96.2,0,80.0,-2.7000000000000006,Meta ja atingida,0
São Francisco de Paula - MG,3161205,MG,Sudeste,0.04398486786018756,Baixo,78.67,90.73,0,80.0,-1.788333333333334,Meta ja atingida,2
Viana - ES,3205101,ES,Sudeste,0.04397856864862519,Baixo,70.14,68.8,0,80.0,1.8666666666666671,Atinge no ritmo atual,0
Albertina - MG,3101409,MG,Sudeste,0.043925345828289414,Baixo,69.57,92.62,0,80.0,-2.103333333333334,Meta ja atingida,2
Rio do Oeste - SC,4214607,SC,Sul,0.043855323705245745,Baixo,80.3,63.06,0,80.0,2.823333333333333,Precisa de ate 2x o ritmo,2
Medina - MG,3141405,MG,Sudeste,0.043722493918498626,Baixo,71.99,64.77,0,80.0,2.538333333333334,Atinge no ritmo atual,1
Vila Valério - ES,3205176,ES,Sudeste,0.04344620872237144,Baixo,85.33,79.61,0,80.0,0.0650000000000001,Atinge no ritmo atual,2
Bugre - MG,3109253,MG,Sudeste,0.04344427135492007,Baixo,100.0,85.0,0,80.0,-0.8333333333333334,Meta ja atingida,2
Caetanópolis - MG,3109907,MG,Sudeste,0.04323063902577067,Baixo,55.11,72.48,0,80.0,1.2533333333333327,Atinge no ritmo atual,2
Baldim - MG,3105004,MG,Sudeste,0.043026187696244236,Baixo,74.25,89.89,0,80.0,-1.6483333333333334,Meta ja atingida,2
São Sebastião da Bela Vista - MG,3164407,MG,Sudeste,0.043026187696244236,Baixo,66.97,90.92,0,80.0,-1.8200000000000003,Meta ja atingida,2
Cachoeira de Goiás - GO,5204201,GO,Centro-Oeste,0.043026187696244236,Baixo,65.0,64.29,0,80.0,2.6183333333333323,Precisa de ate 2x o ritmo,2
Mateus Leme - MG,3140704,MG,Sudeste,0.043026187696244236,Baixo,56.77,75.26,0,80.0,0.7899999999999991,Atinge no ritmo atual,0
Foz do Jordão - PR,4108452,PR,Sul,0.04283376895908865,Baixo,83.19,78.1,0,80.0,0.3166666666666676,Atinge no ritmo atual,2
Areial - PB,2501203,PB,Nordeste,0.04267654992001069,Baixo,92.86,70.75,0,80.0,1.5416666666666667,Atinge no ritmo atual,1
Vassouras - RJ,3306206,RJ,Sudeste,0.04261440827122871,Baixo,65.42,60.33,0,80.0,3.2783333333333338,Precisa de ate 2x o ritmo,0
Tomazina - PR,4127809,PR,Sul,0.042321933694408995,Baixo,91.65,83.7,0,80.0,-0.6166666666666671,Meta ja atingida,2
Marmelópolis - MG,3140407,MG,Sudeste,0.0422803224056421,Baixo,76.82,84.57,0,80.0,-0.7616666666666655,Meta ja atingida,2
Araporã - MG,3103751,MG,Sudeste,0.042174972314507196,Baixo,62.72,73.61,0,80.0,1.0650000000000002,Atinge no ritmo atual,0
Bom Jesus do Norte - ES,3201100,ES,Sudeste,0.042099944629014396,Baixo,67.14,67.33,0,80.0,2.111666666666667,Atinge no ritmo atual,0
Nepomuceno - MG,3144607,MG,Sudeste,0.042099944629014396,Baixo,53.67,77.99,0,80.0,0.33500000000000085,Atinge no ritmo atual,2
Bonfinópolis - GO,5203559,GO,Centro-Oeste,0.042099944629014396,Baixo,58.03,86.32,0,80.0,-1.0533333333333321,Meta ja atingida,2
Presidente Bernardes - MG,3153103,MG,Sudeste,0.04194617040935074,Baixo,69.97,88.0,0,80.0,-1.3333333333333333,Meta ja atingida,2
São Jorge d'Oeste - PR,4125209,PR,Sul,0.04194393015712734,Baixo,88.28,84.59,0,80.0,-0.7650000000000006,Meta ja atingida,2
Itápolis - SP,3522703,SP,Sudeste,0.04187952099639809,Baixo,68.72,76.17,0,80.0,0.6383333333333331,Atinge no ritmo atual,0
Martins Soares - MG,3140530,MG,Sudeste,0.04187952099639809,Baixo,76.55,83.69,0,80.0,-0.6149999999999997,Meta ja atingida,2
Bias Fortes - MG,3106804,MG,Sudeste,0.041438332468431066,Baixo,68.75,100.0,0,80.0,-3.3333333333333335,Meta ja atingida,2
Promissão - SP,3541604,SP,Sudeste,0.041438332468431066,Baixo,64.05,73.51,0,80.0,1.0816666666666659,Atinge no ritmo atual,0
Jesuânia - MG,3135902,MG,Sudeste,0.041438332468431066,Baixo,62.05,81.14,0,80.0,-0.19000000000000009,Meta ja atingida,2
Deodápolis - MS,5003454,MS,Centro-Oeste,0.04136955274202804,Baixo,95.9,66.24,0,80.0,2.2933333333333343,Atinge no ritmo atual,2
Cruz Machado - PR,4106803,PR,Sul,0.04136955274202804,Baixo,80.66,84.49,0,80.0,-0.7483333333333325,Meta ja atingida,2
Porto Vitória - PR,4120309,PR,Sul,0.04134835276172662,Baixo,84.62,75.0,0,80.0,0.8333333333333334,Atinge no ritmo atual,2
Quinta do Sol - PR,4121109,PR,Sul,0.041204809683070553,Baixo,76.75,74.15,0,80.0,0.9749999999999991,Atinge no ritmo atual,2
Igarapé Grande - MA,2105203,MA,Nordeste,0.04109344145850334,Baixo,97.77,89.11,0,80.0,-1.5183333333333333,Meta ja atingida,1
Campo do Tenente - PR,4104105,PR,Sul,0.040937462388990126,Baixo,80.36,80.98,0,80.0,-0.163333333333334,Meta ja atingida,2
Modelo - SC,4210902,SC,Sul,0.040927140044017145,Baixo,81.55,94.86,0,80.0,-2.4766666666666666,Meta ja atingida,2
Guidoval - MG,3128808,MG,Sudeste,0.040913522691818464,Baixo,61.83,58.58,1,80.0,3.5700000000000003,Precisa de ate 2x o ritmo,2
Resplendor - MG,3154309,MG,Sudeste,0.04076775512792532,Baixo,71.54,61.12,0,80.0,3.146666666666667,Precisa de ate 2x o ritmo,2
Vila Pavão - ES,3205150,ES,Sudeste,0.04073017339478353,Baixo,74.58,61.4,0,80.0,3.1,Precisa de ate 2x o ritmo,2
Arapongas - PR,4101507,PR,Sul,0.04073017339478353,Baixo,75.98,70.97,0,80.0,1.5050000000000001,Atinge no ritmo atual,0
Pinheiros - ES,3204104,ES,Sudeste,0.04073017339478353,Baixo,77.7,84.33,0,80.0,-0.7216666666666663,Meta ja atingida,2
Assaí - PR,4101903,PR,Sul,0.04066816846452379,Baixo,88.72,80.24,0,80.0,-0.03999999999999915,Meta ja atingida,0
Moreira Sales - PR,4116109,PR,Sul,0.04066816846452379,Baixo,79.33,78.01,0,80.0,0.33166666666666583,Atinge no ritmo atual,2
Capitão Leônidas Marques - PR,4104600,PR,Sul,0.04066816846452379,Baixo,72.97,78.04,0,80.0,0.3266666666666656,Atinge no ritmo atual,2
Extrema - MG,3125101,MG,Sudeste,0.04066816846452379,Baixo,57.68,69.33,0,80.0,1.7783333333333335,Atinge no ritmo atual,0
Mutum - MG,3144003,MG,Sudeste,0.04066816846452379,Baixo,73.21,79.68,0,80.0,0.0533333333333322,Atinge no ritmo atual,2
Governador Valadares - MG,3127701,MG,Sudeste,0.04066816846452379,Baixo,58.73,69.38,0,80.0,1.7700000000000007,Atinge no ritmo atual,0
Santo Antônio do Sudoeste - PR,4124400,PR,Sul,0.04066816846452379,Baixo,79.51,81.43,0,80.0,-0.23833333333333448,Meta ja atingida,2
Uraí - PR,4128401,PR,Sul,0.04066816846452379,Baixo,76.55,66.07,0,80.0,2.3216666666666677,Atinge no ritmo atual,2
Carambeí - PR,4104659,PR,Sul,0.04066816846452379,Baixo,75.09,69.2,0,80.0,1.7999999999999996,Atinge no ritmo atual,0
Ponto Belo - ES,3204252,ES,Sudeste,0.04066816846452379,Baixo,81.8,80.01,0,80.0,-0.0016666666666675194,Meta ja atingida,2
Puxinanã - PB,2512408,PB,Nordeste,0.04066816846452379,Baixo,75.57,62.11,0,80.0,2.981666666666667,Precisa de ate 2x o ritmo,1
Arapuá - MG,3103801,MG,Sudeste,0.04055237358101135,Baixo,84.21,92.02,0,80.0,-2.0033333333333325,Meta ja atingida,2
Pindoretama - CE,2310852,CE,Nordeste,0.04031105672443058,Baixo,90.29,88.62,0,80.0,-1.4366666666666674,Meta ja atingida,1
Nova Esperança do Sudoeste - PR,4116950,PR,Sul,0.0401043823326432,Baixo,97.38,88.59,0,80.0,-1.4316666666666673,Meta ja atingida,2
Petrolina de Goiás - GO,5216809,GO,Centro-Oeste,0.04004246011215213,Baixo,59.28,85.41,0,80.0,-0.9016666666666661,Meta ja atingida,2
Califórnia - PR,4103503,PR,Sul,0.03977779244240258,Baixo,81.85,69.28,0,80.0,1.7866666666666664,Atinge no ritmo atual,2
Turvo - PR,4127965,PR,Sul,0.03977779244240258,Baixo,82.63,84.81,0,80.0,-0.8016666666666671,Meta ja atingida,2
São José das Palmeiras - PR,4125456,PR,Sul,0.03977779244240258,Baixo,83.2,74.36,0,80.0,0.9400000000000001,Atinge no ritmo atual,2
São Luís do Curu - CE,2312601,CE,Nordeste,0.03977779244240258,Baixo,81.66,65.1,0,80.0,2.4833333333333343,Atinge no ritmo atual,1
Lins - SP,3527108,SP,Sudeste,0.0397495737425405,Baixo,65.12,81.06,0,80.0,-0.17666666666666705,Meta ja atingida,0
Chopinzinho - PR,4105409,PR,Sul,0.039484730514829106,Baixo,80.73,70.85,0,80.0,1.525000000000001,Atinge no ritmo atual,0
Angelândia - MG,3102852,MG,Sudeste,0.039482193079990076,Baixo,59.72,84.97,0,80.0,-0.8283333333333331,Meta ja atingida,1
Itapeva - MG,3133600,MG,Sudeste,0.03948177838421741,Baixo,52.0,67.89,0,80.0,2.018333333333333,Atinge no ritmo atual,2
Conceição da Barra de Minas - MG,3115201,MG,Sudeste,0.03947901788492349,Baixo,68.75,70.43,0,80.0,1.5949999999999989,Atinge no ritmo atual,2
São Francisco de Goiás - GO,5219902,GO,Centro-Oeste,0.039434768117931514,Baixo,58.94,75.57,0,80.0,0.7383333333333345,Atinge no ritmo atual,2
Guimarânia - MG,3128907,MG,Sudeste,0.03918231412317403,Baixo,60.59,85.1,0,80.0,-0.8499999999999991,Meta ja atingida,2
São Miguel do Anta - MG,3163805,MG,Sudeste,0.03899078002087862,Baixo,74.87,78.02,0,80.0,0.3300000000000007,Atinge no ritmo atual,2
Nanuque - MG,3144300,MG,Sudeste,0.03899078002087862,Baixo,60.97,60.09,0,80.0,3.318333333333333,Precisa de ate 2x o ritmo,0
Mundo Novo - MS,5005681,MS,Centro-Oeste,0.03899078002087862,Baixo,82.5,49.43,1,80.0,5.095,Precisa de mais de 2x o ritmo,0
Conquista - MG,3118205,MG,Sudeste,0.03899078002087862,Baixo,68.73,65.5,0,80.0,2.4166666666666665,Atinge no ritmo atual,2
Naque - MG,3144359,MG,Sudeste,0.03899078002087862,Baixo,79.54,64.96,0,80.0,2.5066666666666677,Atinge no ritmo atual,2
Bandeirantes - PR,4102406,PR,Sul,0.03899078002087862,Baixo,75.41,72.78,0,80.0,1.2033333333333331,Atinge no ritmo atual,0
Diamantina - MG,3121605,MG,Sudeste,0.03899078002087862,Baixo,59.25,72.02,0,80.0,1.3300000000000007,Atinge no ritmo atual,0
Itamarandiba - MG,3132503,MG,Sudeste,0.03899078002087862,Baixo,67.93,82.8,0,80.0,-0.4666666666666662,Meta ja atingida,2
Engenheiro Beltrão - PR,4107504,PR,Sul,0.03895305408041276,Baixo,87.33,82.06,0,80.0,-0.3433333333333337,Meta ja atingida,0
Guaranésia - MG,3128303,MG,Sudeste,0.03894431495179571,Baixo,67.19,65.21,0,80.0,2.465000000000001,Atinge no ritmo atual,0
São Brás do Suaçuí - MG,3160900,MG,Sudeste,0.03883272508496378,Baixo,68.37,81.31,0,80.0,-0.2183333333333337,Meta ja atingida,2
Jaguapitã - PR,4111902,PR,Sul,0.03871698530221614,Baixo,76.25,62.26,0,80.0,2.956666666666667,Precisa de ate 2x o ritmo,0
São João do Oeste - SC,4216255,SC,Sul,0.03868357604071536,Baixo,96.02,92.42,0,80.0,-2.0700000000000003,Meta ja atingida,2
Marialva - PR,4114807,PR,Sul,0.03858209477188924,Baixo,73.24,73.09,0,80.0,1.1516666666666662,Atinge no ritmo atual,0
Capinzal - SC,4203907,SC,Sul,0.03856078573140044,Baixo,72.28,69.54,0,80.0,1.7433333333333323,Atinge no ritmo atual,0
Xambrê - PR,4128807,PR,Sul,0.03855176634812167,Baixo,73.84,55.19,1,80.0,4.135000000000001,Precisa de ate 2x o ritmo,2
Pinhalzinho - SC,4212908,SC,Sul,0.03855176634812167,Baixo,72.34,75.07,0,80.0,0.8216666666666678,Atinge no ritmo atual,0
São João do Caiuá - PR,4124905,PR,Sul,0.03855176634812167,Baixo,93.33,93.06,0,80.0,-2.176666666666667,Meta ja atingida,2
Fernandes Pinheiro - PR,4107736,PR,Sul,0.03855176634812167,Baixo,80.92,79.81,0,80.0,0.03166666666666629,Atinge no ritmo atual,2
Trajano de Moraes - RJ,3305901,RJ,Sudeste,0.038498794967607844,Baixo,77.24,79.23,0,80.0,0.12833333333333266,Atinge no ritmo atual,2
Bela Vista de Goiás - GO,5203302,GO,Centro-Oeste,0.038498794967607844,Baixo,61.22,62.27,0,80.0,2.9549999999999996,Precisa de ate 2x o ritmo,0
Matrinchã - GO,5212956,GO,Centro-Oeste,0.038498794967607844,Baixo,59.71,52.82,1,80.0,4.53,Precisa de ate 2x o ritmo,2
Itamonte - MG,3133006,MG,Sudeste,0.03848285343935044,Baixo,57.59,81.86,0,80.0,-0.3099999999999999,Meta ja atingida,2
Canápolis - MG,3111804,MG,Sudeste,0.03848285343935044,Baixo,47.61,70.31,0,80.0,1.6149999999999995,Atinge no ritmo atual,0
Arapoti - PR,4101606,PR,Sul,0.03848285343935044,Baixo,75.42,67.63,0,80.0,2.0616666666666674,Atinge no ritmo atual,0
Caparaó - MG,3112109,MG,Sudeste,0.03829559680292744,Baixo,60.15,67.92,0,80.0,2.013333333333333,Atinge no ritmo atual,2
Pedralva - MG,3149101,MG,Sudeste,0.03829559680292744,Baixo,50.09,85.5,0,80.0,-0.9166666666666666,Meta ja atingida,2
Andrelândia - MG,3102803,MG,Sudeste,0.03829559680292744,Baixo,63.11,67.03,0,,,Sem meta definida,2
São José dos Quatro Marcos - MT,5107107,MT,Centro-Oeste,0.03829559680292744,Baixo,90.1,68.7,0,80.0,1.8833333333333329,Atinge no ritmo atual,0
Ouro Verde do Oeste - PR,4117453,PR,Sul,0.03824564639588361,Baixo,86.73,90.05,0,80.0,-1.6749999999999996,Meta ja atingida,2
Iturama - MG,3134400,MG,Sudeste,0.03819592009106294,Baixo,55.84,69.61,0,80.0,1.7316666666666667,Atinge no ritmo atual,0
Araponga - MG,3103702,MG,Sudeste,0.03799319727891156,Baixo,73.3,93.2,0,80.0,-2.2000000000000006,Meta ja atingida,1
Campo Largo - PR,4104204,PR,Sul,0.03799319727891156,Baixo,73.34,69.19,0,80.0,1.801666666666667,Atinge no ritmo atual,0
Araruna - PR,4101705,PR,Sul,0.03799319727891156,Baixo,76.05,77.54,0,80.0,0.409999999999999,Atinge no ritmo atual,2
Ituiutaba - MG,3134202,MG,Sudeste,0.03799319727891156,Baixo,62.19,63.63,0,80.0,2.728333333333333,Precisa de ate 2x o ritmo,0
Santa Cecília do Pavão - PR,4123204,PR,Sul,0.037946989072308764,Baixo,87.42,80.09,0,80.0,-0.015000000000000568,Meta ja atingida,2
Godofredo Viana - MA,2104305,MA,Nordeste,0.037503501400560225,Baixo,82.97,88.4,0,80.0,-1.400000000000001,Meta ja atingida,2
Coração de Jesus - MG,3118809,MG,Sudeste,0.037503501400560225,Baixo,76.22,79.4,0,80.0,0.09999999999999905,Atinge no ritmo atual,1
Itajubá - MG,3132404,MG,Sudeste,0.03748246156630795,Baixo,59.76,79.1,0,80.0,0.15000000000000094,Atinge no ritmo atual,0
Doutor Camargo - PR,4107306,PR,Sul,0.037240323636096716,Baixo,79.12,60.84,0,80.0,3.193333333333333,Precisa de ate 2x o ritmo,2
Santa Leopoldina - ES,3204500,ES,Sudeste,0.03718300358346278,Baixo,83.8,74.54,0,80.0,0.9099999999999989,Atinge no ritmo atual,2
Santana do Jacaré - MG,3158805,MG,Sudeste,0.03715896541033058,Baixo,76.26,86.67,0,80.0,-1.111666666666667,Meta ja atingida,2
São Sebastião do Oeste - MG,3164605,MG,Sudeste,0.03703717806727666,Baixo,71.5,76.46,0,80.0,0.5900000000000011,Atinge no ritmo atual,2
Presidente Kennedy - ES,3204302,ES,Sudeste,0.03695824280896567,Baixo,68.35,69.85,0,80.0,1.6916666666666675,Atinge no ritmo atual,2
Caiana - MG,3110103,MG,Sudeste,0.03695824280896567,Baixo,58.54,76.5,0,80.0,0.5833333333333334,Atinge no ritmo atual,2
São Bento Abade - MG,3160801,MG,Sudeste,0.03695824280896567,Baixo,58.23,76.67,0,80.0,0.5549999999999997,Atinge no ritmo atual,2
Mimoso do Sul - ES,3203403,ES,Sudeste,0.03695824280896567,Baixo,68.04,65.32,0,80.0,2.4466666666666677,Atinge no ritmo atual,2
Ourizona - PR,4117404,PR,Sul,0.03659105134838198,Baixo,88.82,57.5,1,80.0,3.75,Precisa de ate 2x o ritmo,2
Gonzaga - MG,3127503,MG,Sudeste,0.03638967648127953,Baixo,66.42,82.31,0,80.0,-0.3850000000000004,Meta ja atingida,1
Planaltina - GO,5217609,GO,Centro-Oeste,0.036351784440677645,Baixo,65.51,75.11,0,80.0,0.8150000000000001,Atinge no ritmo atual,0
Novorizonte - MG,3145372,MG,Sudeste,0.036317079463364293,Baixo,68.05,92.71,0,80.0,-2.1183333333333323,Meta ja atingida,1
São Pedro do Suaçuí - MG,3164100,MG,Sudeste,0.03623062263108182,Baixo,61.26,88.29,0,80.0,-1.3816666666666677,Meta ja atingida,1
Saudade do Iguaçu - PR,4126272,PR,Sul,0.03623062263108182,Baixo,92.53,85.49,0,80.0,-0.9149999999999991,Meta ja atingida,2
São João do Oriente - MG,3162609,MG,Sudeste,0.03623062263108182,Baixo,83.42,67.66,0,80.0,2.056666666666667,Atinge no ritmo atual,2
Mimoso de Goiás - GO,5213053,GO,Centro-Oeste,0.036160584365141815,Baixo,66.67,80.0,0,80.0,0.0,Meta ja atingida,2
Luiz Alves - SC,4210001,SC,Sul,0.03603959532530961,Baixo,70.7,61.55,0,80.0,3.0750000000000006,Precisa de ate 2x o ritmo,2
Malacacheta - MG,3139201,MG,Sudeste,0.03603959532530961,Baixo,68.29,75.44,0,80.0,0.7600000000000003,Atinge no ritmo atual,1
Dom Viçoso - MG,3122801,MG,Sudeste,0.03603959532530961,Baixo,94.28,84.85,0,80.0,-0.8083333333333323,Meta ja atingida,2
Casa Grande - MG,3114907,MG,Sudeste,0.03601700567382612,Baixo,68.75,94.12,0,80.0,-2.353333333333334,Meta ja atingida,2
Campos Altos - MG,3111507,MG,Sudeste,0.0359811320754717,Baixo,58.27,65.27,0,80.0,2.4550000000000005,Atinge no ritmo atual,2
Iracema do Oeste - PR,4110656,PR,Sul,0.0359811320754717,Baixo,92.86,85.71,0,80.0,-0.9516666666666657,Meta ja atingida,2
Boa Vista da Aparecida - PR,4103057,PR,Sul,0.03591875087524788,Baixo,72.39,53.35,1,80.0,4.441666666666666,Precisa de ate 2x o ritmo,2
Astorga - PR,4102109,PR,Sul,0.03591875087524788,Baixo,79.57,75.21,0,80.0,0.7983333333333343,Atinge no ritmo atual,0
Cornélio Procópio - PR,4106407,PR,Sul,0.03591875087524788,Baixo,76.78,73.21,0,80.0,1.1316666666666677,Atinge no ritmo atual,0
Pato Branco - PR,4118501,PR,Sul,0.03591875087524788,Baixo,78.22,71.14,0,80.0,1.4766666666666666,Atinge no ritmo atual,0
Iconha - ES,3202603,ES,Sudeste,0.03591875087524788,Baixo,76.34,75.87,0,80.0,0.6883333333333326,Atinge no ritmo atual,2
Cambé - PR,4103701,PR,Sul,0.03591875087524788,Baixo,79.11,76.35,0,80.0,0.6083333333333343,Atinge no ritmo atual,0
Guaraci - PR,4109203,PR,Sul,0.03591875087524788,Baixo,72.75,72.67,0,80.0,1.2216666666666665,Atinge no ritmo atual,2
Nova Londrina - PR,4117107,PR,Sul,0.03591875087524788,Baixo,77.67,74.05,0,80.0,0.9916666666666671,Atinge no ritmo atual,0
Ibaiti - PR,4109708,PR,Sul,0.03591875087524788,Baixo,72.88,71.64,0,80.0,1.3933333333333333,Atinge no ritmo atual,0
Ponta Grossa - PR,4119905,PR,Sul,0.03591875087524788,Baixo,75.79,75.9,0,80.0,0.6833333333333323,Atinge no ritmo atual,0
Mucurici - ES,3203601,ES,Sudeste,0.03587454212454212,Baixo,83.71,84.09,0,80.0,-0.6816666666666672,Meta ja atingida,2
Claro dos Poções - MG,3116506,MG,Sudeste,0.035545644831359115,Baixo,70.05,68.63,0,80.0,1.8950000000000007,Atinge no ritmo atual,2
Ipatinga - MG,3131307,MG,Sudeste,0.035545644831359115,Baixo,66.94,75.61,0,80.0,0.7316666666666668,Atinge no ritmo atual,0
Aparecida do Rio Doce - GO,5201454,GO,Centro-Oeste,0.035545644831359115,Baixo,59.59,87.09,0,80.0,-1.1816666666666673,Meta ja atingida,2
Cristina - MG,3120508,MG,Sudeste,0.035545644831359115,Baixo,55.83,81.73,0,80.0,-0.288333333333334,Meta ja atingida,2
Mirinzal - MA,2106805,MA,Nordeste,0.035545644831359115,Baixo,91.54,69.37,0,80.0,1.7716666666666658,Atinge no ritmo atual,1
Pérola d'Oeste - PR,4119004,PR,Sul,0.035545644831359115,Baixo,88.85,88.78,0,80.0,-1.4633333333333336,Meta ja atingida,2
Rolândia - PR,4122404,PR,Sul,0.035545644831359115,Baixo,73.4,71.84,0,80.0,1.3599999999999994,Atinge no ritmo atual,0
Tupãssi - PR,4127957,PR,Sul,0.035545644831359115,Baixo,70.71,79.06,0,80.0,0.1566666666666663,Atinge no ritmo atual,2
Cachoeira de Minas - MG,3109709,MG,Sudeste,0.03548255721023237,Baixo,61.69,81.11,0,80.0,-0.18499999999999991,Meta ja atingida,2
Aracruz - ES,3200607,ES,Sudeste,0.035144358940714264,Baixo,70.92,74.36,0,80.0,0.9400000000000001,Atinge no ritmo atual,0
Aragarças - GO,5201702,GO,Centro-Oeste,0.035144358940714264,Baixo,63.56,72.16,0,80.0,1.3066666666666673,Atinge no ritmo atual,0
Jataí - GO,5211909,GO,Centro-Oeste,0.035144358940714264,Baixo,64.01,69.92,0,80.0,1.6799999999999997,Atinge no ritmo atual,0
Alagoa - MG,3101300,MG,Sudeste,0.035144358940714264,Baixo,67.0,89.66,0,80.0,-1.6099999999999994,Meta ja atingida,2
Itutinga - MG,3134509,MG,Sudeste,0.035144358940714264,Baixo,51.36,76.33,0,80.0,0.6116666666666669,Atinge no ritmo atual,2
Santa Isabel do Ivaí - PR,4123709,PR,Sul,0.035144358940714264,Baixo,84.22,75.13,0,80.0,0.8116666666666674,Atinge no ritmo atual,2
Dores do Turvo - MG,3123304,MG,Sudeste,0.035144358940714264,Baixo,76.7,95.99,0,80.0,-2.664999999999999,Meta ja atingida,2
Estrela do Norte - GO,5207501,GO,Centro-Oeste,0.035144358940714264,Baixo,67.18,98.0,0,80.0,-3.0,Meta ja atingida,2
Bonfim - MG,3108107,MG,Sudeste,0.03509046859779923,Baixo,69.27,85.95,0,80.0,-0.9916666666666671,Meta ja atingida,2
Sardoá - MG,3165503,MG,Sudeste,0.03486310252375124,Baixo,45.8,85.12,0,80.0,-0.853333333333334,Meta ja atingida,2
Iporã do Oeste - SC,4207650,SC,Sul,0.03486310252375124,Baixo,87.74,89.65,0,80.0,-1.6083333333333343,Meta ja atingida,2
Nova Crixás - GO,5214838,GO,Centro-Oeste,0.0348483333082387,Baixo,64.36,71.87,0,80.0,1.3549999999999993,Atinge no ritmo atual,2
Ouro Preto - MG,3146107,MG,Sudeste,0.03481981686490718,Baixo,64.92,74.25,0,80.0,0.9583333333333334,Atinge no ritmo atual,0
Senhora dos Remédios - MG,3166204,MG,Sudeste,0.03422517431677737,Baixo,97.12,80.52,0,80.0,-0.086666666666666,Meta ja atingida,2
Belo Oriente - MG,3106309,MG,Sudeste,0.03411273124039081,Baixo,57.1,65.94,0,80.0,2.3433333333333337,Atinge no ritmo atual,0
Congonhas - MG,3118007,MG,Sudeste,0.03390040438409988,Baixo,56.15,74.01,0,80.0,0.9983333333333325,Atinge no ritmo atual,0
Piracanjuba - GO,5217104,GO,Centro-Oeste,0.03380764318867123,Baixo,67.69,71.69,0,80.0,1.3850000000000005,Atinge no ritmo atual,0
Turvelândia - GO,5221551,GO,Centro-Oeste,0.03380764318867123,Baixo,68.16,86.88,0,80.0,-1.1466666666666658,Meta ja atingida,2
Trombas - GO,5221452,GO,Centro-Oeste,0.03380764318867123,Baixo,90.94,94.47,0,80.0,-2.4116666666666666,Meta ja atingida,2
Faina - GO,5207535,GO,Centro-Oeste,0.03380764318867123,Baixo,73.62,70.81,0,80.0,1.5316666666666663,Atinge no ritmo atual,2
São José da Boa Vista - PR,4125407,PR,Sul,0.03369915357447327,Baixo,80.7,76.15,0,80.0,0.6416666666666657,Atinge no ritmo atual,2
Presidente Epitácio - SP,3541307,SP,Sudeste,0.03369915357447327,Baixo,65.73,72.17,0,80.0,1.3049999999999997,Atinge no ritmo atual,0
Guiricema - MG,3129004,MG,Sudeste,0.03369915357447327,Baixo,44.72,82.89,0,80.0,-0.48166666666666674,Meta ja atingida,2
Braganey - PR,4103354,PR,Sul,0.03369915357447327,Baixo,84.89,85.11,0,80.0,-0.8516666666666666,Meta ja atingida,2
Sapucaí-Mirim - MG,3165404,MG,Sudeste,0.03369915357447327,Baixo,52.93,75.07,0,80.0,0.8216666666666678,Atinge no ritmo atual,2
Piracuruca - PI,2208304,PI,Nordeste,0.03369915357447327,Baixo,75.64,82.48,0,80.0,-0.413333333333334,Meta ja atingida,1
Rio Bonito do Iguaçu - PR,4122156,PR,Sul,0.03369915357447327,Baixo,79.84,75.32,0,80.0,0.7800000000000011,Atinge no ritmo atual,2
Missal - PR,4116059,PR,Sul,0.03369915357447327,Baixo,88.67,83.28,0,80.0,-0.5466666666666669,Meta ja atingida,2
Ibiporã - PR,4109807,PR,Sul,0.03369915357447327,Baixo,73.36,64.9,0,80.0,2.5166666666666657,Atinge no ritmo atual,0
Itaquiraí - MS,5004601,MS,Centro-Oeste,0.03369915357447327,Baixo,73.35,79.41,0,80.0,0.0983333333333339,Atinge no ritmo atual,2
Saudades - SC,4217303,SC,Sul,0.03369915357447327,Baixo,81.03,82.27,0,80.0,-0.3783333333333327,Meta ja atingida,2
Lupionópolis - PR,4113809,PR,Sul,0.03369915357447327,Baixo,86.97,77.71,0,80.0,0.3816666666666677,Atinge no ritmo atual,2
Luziânia - GO,5212501,GO,Centro-Oeste,0.03369915357447327,Baixo,64.05,66.27,0,80.0,2.288333333333334,Atinge no ritmo atual,0
Planaltina do Paraná - PR,4119707,PR,Sul,0.03369915357447327,Baixo,79.79,80.42,0,80.0,-0.07000000000000028,Meta ja atingida,2
Monte Sião - MG,3143401,MG,Sudeste,0.03369915357447327,Baixo,53.93,74.18,0,80.0,0.9699999999999989,Atinge no ritmo atual,0
Teixeira Soares - PR,4127007,PR,Sul,0.03369915357447327,Baixo,77.31,88.2,0,80.0,-1.3666666666666671,Meta ja atingida,2
São João - PR,4124806,PR,Sul,0.03369915357447327,Baixo,87.03,87.16,0,80.0,-1.1933333333333327,Meta ja atingida,2
Itumirim - MG,3134301,MG,Sudeste,0.03369915357447327,Baixo,61.21,82.59,0,80.0,-0.43166666666666725,Meta ja atingida,2
São João del Rei - MG,3162500,MG,Sudeste,0.03369915357447327,Baixo,60.89,77.27,0,80.0,0.4550000000000007,Atinge no ritmo atual,0
Guarapuava - PR,4109401,PR,Sul,0.03369915357447327,Baixo,74.41,67.0,0,80.0,2.1666666666666665,Atinge no ritmo atual,0
Dom Expedito Lopes - PI,2203404,PI,Nordeste,0.03369915357447327,Baixo,77.13,76.45,0,80.0,0.5916666666666662,Atinge no ritmo atual,1
Pedro Canário - ES,3204054,ES,Sudeste,0.03369915357447327,Baixo,68.97,81.35,0,80.0,-0.22499999999999906,Meta ja atingida,2
Tocantins - MG,3169000,MG,Sudeste,0.03369915357447327,Baixo,58.37,71.46,0,80.0,1.4233333333333344,Atinge no ritmo atual,2
São João do Triunfo - PR,4125100,PR,Sul,0.03369915357447327,Baixo,78.58,79.45,0,80.0,0.09166666666666619,Atinge no ritmo atual,2
São Pedro dos Ferros - MG,3164001,MG,Sudeste,0.03369915357447327,Baixo,81.45,68.34,0,80.0,1.9433333333333327,Atinge no ritmo atual,2
Tocos do Moji - MG,3169059,MG,Sudeste,0.03368982580359657,Baixo,78.4,93.75,0,80.0,-2.2916666666666665,Meta ja atingida,2
Curvelo - MG,3120904,MG,Sudeste,0.03359204287775717,Baixo,65.98,72.55,0,80.0,1.2416666666666671,Atinge no ritmo atual,0
Três Marias - MG,3169356,MG,Sudeste,0.03359204287775717,Baixo,70.3,83.47,0,80.0,-0.5783333333333331,Meta ja atingida,0
Fama - MG,3125200,MG,Sudeste,0.03359204287775717,Baixo,71.98,86.96,0,80.0,-1.159999999999999,Meta ja atingida,2
Sertaneja - PR,4126405,PR,Sul,0.03350886863119214,Baixo,92.04,90.98,0,80.0,-1.8300000000000007,Meta ja atingida,0
Turmalina - MG,3169703,MG,Sudeste,0.03339401012688575,Baixo,54.4,82.52,0,80.0,-0.4199999999999993,Meta ja atingida,2
Toledo - MG,3169109,MG,Sudeste,0.03315855706920578,Baixo,63.11,89.2,0,80.0,-1.5333333333333339,Meta ja atingida,2
Guarujá do Sul - SC,4206603,SC,Sul,0.03266816846452379,Baixo,88.63,59.9,1,80.0,3.35,Precisa de ate 2x o ritmo,2
Ipira - SC,4207601,SC,Sul,0.03266816846452379,Baixo,83.23,84.43,0,80.0,-0.7383333333333345,Meta ja atingida,2
Salgado Filho - PR,4122800,PR,Sul,0.03266816846452379,Baixo,89.42,93.11,0,80.0,-2.185,Meta ja atingida,2
Roncador - PR,4122503,PR,Sul,0.03239799679724313,Baixo,83.73,76.32,0,80.0,0.6133333333333345,Atinge no ritmo atual,2
Matipó - MG,3140902,MG,Sudeste,0.03215912928678886,Baixo,72.02,80.73,0,80.0,-0.12166666666666733,Meta ja atingida,2
Bela Vista da Caroba - PR,4102752,PR,Sul,0.03207019429845517,Baixo,76.84,88.13,0,80.0,-1.3549999999999993,Meta ja atingida,2
Santa Terezinha de Itaipu - PR,4124053,PR,Sul,0.03207019429845517,Baixo,81.3,79.46,0,80.0,0.09000000000000104,Atinge no ritmo atual,0
Luz - MG,3138807,MG,Sudeste,0.03199460811992781,Baixo,61.76,86.87,0,80.0,-1.1450000000000007,Meta ja atingida,0
Nova Brasilândia D'Oeste - RO,1100148,RO,Norte,0.03170319242240129,Baixo,74.81,75.61,0,80.0,0.7316666666666668,Atinge no ritmo atual,2
Paulo Frontin - PR,4118709,PR,Sul,0.03170319242240129,Baixo,90.71,84.51,0,80.0,-0.7516666666666675,Meta ja atingida,2
Candeias - MG,3112000,MG,Sudeste,0.031657974318623036,Baixo,88.88,90.37,0,80.0,-1.7283333333333342,Meta ja atingida,2
Água Branca - PI,2200202,PI,Nordeste,0.031140976522004565,Baixo,90.64,91.98,0,80.0,-1.9966666666666673,Meta ja atingida,1
Coronel Vivida - PR,4106506,PR,Sul,0.030564206268958543,Baixo,80.52,74.6,0,80.0,0.9000000000000009,Atinge no ritmo atual,0
Baixo Guandu - ES,3200805,ES,Sudeste,0.030564206268958543,Baixo,68.83,74.59,0,80.0,0.9016666666666661,Atinge no ritmo atual,0
Varjão de Minas - MG,3170750,MG,Sudeste,0.03055176634812168,Baixo,57.22,93.29,0,80.0,-2.215000000000001,Meta ja atingida,2
Atalaia - PR,4102208,PR,Sul,0.03055176634812168,Baixo,91.91,88.32,0,80.0,-1.3866666666666656,Meta ja atingida,2
Campo Mourão - PR,4104303,PR,Sul,0.030494025369345062,Baixo,77.59,76.77,0,80.0,0.538333333333334,Atinge no ritmo atual,0
Várzea da Palma - MG,3170800,MG,Sudeste,0.030494025369345062,Baixo,61.71,70.34,0,80.0,1.6099999999999994,Atinge no ritmo atual,0
Visconde do Rio Branco - MG,3172004,MG,Sudeste,0.030494025369345062,Baixo,59.69,74.81,0,80.0,0.8649999999999997,Atinge no ritmo atual,0
Campo do Meio - MG,3111309,MG,Sudeste,0.030494025369345062,Baixo,67.54,76.54,0,80.0,0.5766666666666657,Atinge no ritmo atual,2
Paula Cândido - MG,3148301,MG,Sudeste,0.030494025369345062,Baixo,58.26,91.23,0,80.0,-1.8716666666666673,Meta ja atingida,2
Recreio - MG,3154101,MG,Sudeste,0.030494025369345062,Baixo,68.72,61.02,0,80.0,3.1633333333333327,Precisa de ate 2x o ritmo,2
Dores do Indaiá - MG,3123205,MG,Sudeste,0.030494025369345062,Baixo,65.78,85.44,0,80.0,-0.9066666666666663,Meta ja atingida,0
Enéas Marques - PR,4107405,PR,Sul,0.030494025369345062,Baixo,83.61,85.24,0,80.0,-0.8733333333333325,Meta ja atingida,2
Santa Rita de Minas - MG,3159357,MG,Sudeste,0.03037265178552214,Baixo,61.31,58.94,1,80.0,3.5100000000000002,Precisa de ate 2x o ritmo,2
Guaraciaba - SC,4206405,SC,Sul,0.030266659295297066,Baixo,83.28,83.69,0,80.0,-0.6149999999999997,Meta ja atingida,2
Princesa Isabel - PB,2512309,PB,Nordeste,0.030266659295297066,Baixo,96.69,86.55,0,80.0,-1.0916666666666661,Meta ja atingida,1
Campo Grande do Piauí - PI,2202133,PI,Nordeste,0.030266659295297066,Baixo,85.6,95.8,0,80.0,-2.633333333333333,Meta ja atingida,1
Novo Planalto - GO,5215256,GO,Centro-Oeste,0.030260473377350477,Baixo,84.74,94.54,0,80.0,-2.4233333333333342,Meta ja atingida,2
São Mateus - ES,3204906,ES,Sudeste,0.029897539602291877,Baixo,68.39,70.65,0,80.0,1.5583333333333325,Atinge no ritmo atual,0
Pilar de Goiás - GO,5216908,GO,Centro-Oeste,0.029897539602291877,Baixo,96.02,80.87,0,80.0,-0.14500000000000077,Meta ja atingida,2
Santa Tereza de Goiás - GO,5219605,GO,Centro-Oeste,0.029826529483349927,Baixo,96.21,91.67,0,80.0,-1.9450000000000003,Meta ja atingida,2
Água Limpa - GO,5200209,GO,Centro-Oeste,0.029826529483349927,Baixo,69.57,78.26,0,80.0,0.28999999999999915,Atinge no ritmo atual,2
Itabira - MG,3131703,MG,Sudeste,0.029810996889789554,Baixo,57.13,69.81,0,80.0,1.698333333333333,Atinge no ritmo atual,0
Potengi - CE,2311207,CE,Nordeste,0.029692854362910907,Baixo,90.85,91.04,0,80.0,-1.840000000000001,Meta ja atingida,1
Conceição do Pará - MG,3117603,MG,Sudeste,0.029692854362910907,Baixo,63.62,92.75,0,,,Sem meta definida,2
Nova Serrana - MG,3145208,MG,Sudeste,0.029196752184959464,Baixo,54.95,72.47,0,80.0,1.2550000000000001,Atinge no ritmo atual,0
Virgolândia - MG,3171907,MG,Sudeste,0.02916207760504209,Baixo,87.28,70.97,0,80.0,1.5050000000000001,Atinge no ritmo atual,1
Quitandinha - PR,4121208,PR,Sul,0.029139089858298727,Baixo,71.76,75.8,0,80.0,0.7000000000000005,Atinge no ritmo atual,2
Guarapari - ES,3202405,ES,Sudeste,0.029139089858298727,Baixo,71.81,75.99,0,80.0,0.6683333333333342,Atinge no ritmo atual,0
Jacutinga - MG,3134905,MG,Sudeste,0.029097679290292076,Baixo,62.51,79.14,0,80.0,0.14333333333333323,Atinge no ritmo atual,0
Sarzedo - MG,3165537,MG,Sudeste,0.02899602958359455,Baixo,80.06,82.39,0,80.0,-0.39833333333333343,Meta ja atingida,0
Pouso Alegre - MG,3152501,MG,Sudeste,0.02899602958359455,Baixo,55.18,68.72,0,80.0,1.8800000000000001,Atinge no ritmo atual,0
Carvalhópolis - MG,3114709,MG,Sudeste,0.02899602958359455,Baixo,76.96,100.0,0,80.0,-3.3333333333333335,Meta ja atingida,2
Capinópolis - MG,3112604,MG,Sudeste,0.02899602958359455,Baixo,51.19,73.04,0,80.0,1.159999999999999,Atinge no ritmo atual,0
Iguatama - MG,3130309,MG,Sudeste,0.02899602958359455,Baixo,98.44,94.08,0,80.0,-2.3466666666666662,Meta ja atingida,2
Serranópolis do Iguaçu - PR,4126355,PR,Sul,0.02899602958359455,Baixo,100.0,82.66,0,80.0,-0.44333333333333275,Meta ja atingida,2
Wenceslau Braz - MG,3172202,MG,Sudeste,0.02899602958359455,Baixo,48.66,70.34,0,80.0,1.6099999999999994,Atinge no ritmo atual,2
Divinópolis - MG,3122306,MG,Sudeste,0.02899602958359455,Baixo,69.78,77.35,0,80.0,0.4416666666666676,Atinge no ritmo atual,0
Guaxupé - MG,3128709,MG,Sudeste,0.02899602958359455,Baixo,53.45,66.93,0,80.0,2.1783333333333323,Atinge no ritmo atual,0
Conceição das Pedras - MG,3117207,MG,Sudeste,0.02899602958359455,Baixo,57.92,76.67,0,80.0,0.5549999999999997,Atinge no ritmo atual,2
Bela Vista de Minas - MG,3106002,MG,Sudeste,0.02899602958359455,Baixo,59.1,73.01,0,80.0,1.1649999999999991,Atinge no ritmo atual,2
Lavras - MG,3138203,MG,Sudeste,0.02899602958359455,Baixo,58.0,68.67,0,80.0,1.888333333333333,Atinge no ritmo atual,0
Salto Veloso - SC,4215406,SC,Sul,0.02899602958359455,Baixo,85.44,72.08,0,80.0,1.3200000000000003,Atinge no ritmo atual,0
Porteirinha - MG,3152204,MG,Sudeste,0.02899602958359455,Baixo,65.15,71.77,0,80.0,1.3716666666666673,Atinge no ritmo atual,1
Maripá de Minas - MG,3140209,MG,Sudeste,0.02899602958359455,Baixo,65.47,59.26,1,80.0,3.456666666666667,Precisa de ate 2x o ritmo,2
Andradas - MG,3102605,MG,Sudeste,0.02899602958359455,Baixo,56.29,75.04,0,80.0,0.8266666666666657,Atinge no ritmo atual,0
Venda Nova do Imigrante - ES,3205069,ES,Sudeste,0.028865066093326962,Baixo,83.84,87.97,0,80.0,-1.3283333333333331,Meta ja atingida,0
Rio Negro - PR,4122305,PR,Sul,0.028865066093326962,Baixo,85.17,88.56,0,80.0,-1.426666666666667,Meta ja atingida,0
Santa Rosa da Serra - MG,3159704,MG,Sudeste,0.02878947991479961,Baixo,72.97,79.88,0,80.0,0.020000000000000757,Atinge no ritmo atual,2
Porto Rico do Maranhão - MA,2109056,MA,Nordeste,0.028717441546278977,Baixo,73.83,34.42,1,80.0,7.596666666666667,Precisa de mais de 2x o ritmo,1
Durandé - MG,3123528,MG,Sudeste,0.028717441546278977,Baixo,62.74,71.43,0,80.0,1.4283333333333321,Atinge no ritmo atual,2
Simonésia - MG,3167608,MG,Sudeste,0.028717441546278977,Baixo,74.09,72.42,0,80.0,1.263333333333333,Atinge no ritmo atual,2
Borrazópolis - PR,4103305,PR,Sul,0.028637700019278966,Baixo,87.15,75.03,0,80.0,0.8283333333333331,Atinge no ritmo atual,2
Marilena - PR,4115002,PR,Sul,0.028637700019278966,Baixo,84.46,75.36,0,80.0,0.7733333333333334,Atinge no ritmo atual,2
Ouvidor - GO,5215504,GO,Centro-Oeste,0.028562113840751607,Baixo,65.43,90.09,0,80.0,-1.6816666666666673,Meta ja atingida,0
São Gonçalo do Rio Abaixo - MG,3161908,MG,Sudeste,0.028562113840751607,Baixo,80.53,91.6,0,80.0,-1.9333333333333325,Meta ja atingida,2
Paramoti - CE,2310407,CE,Nordeste,0.028036219408694708,Baixo,98.85,94.2,0,80.0,-2.366666666666667,Meta ja atingida,1
Aquiraz - CE,2301000,CE,Nordeste,0.027946268976367573,Baixo,87.89,83.99,0,80.0,-0.6649999999999991,Meta ja atingida,0
São João Batista do Glória - MG,3162203,MG,Sudeste,0.02773744485121562,Baixo,82.43,84.26,0,80.0,-0.7100000000000009,Meta ja atingida,2
Fortaleza - CE,2304400,CE,Nordeste,0.02759380671068381,Baixo,74.16,75.03,0,80.0,0.8283333333333331,Atinge no ritmo atual,0
Alto Rio Doce - MG,3102100,MG,Sudeste,0.027192830915894202,Baixo,83.05,86.89,0,,,Sem meta definida,2
Rio Paranaíba - MG,3155504,MG,Sudeste,0.02714435894071427,Baixo,78.7,60.21,0,80.0,3.2983333333333333,Precisa de ate 2x o ritmo,2
Moiporá - GO,5213400,GO,Centro-Oeste,0.027129423579414398,Baixo,68.61,84.62,0,80.0,-0.7700000000000008,Meta ja atingida,2
Lapa - PR,4113205,PR,Sul,0.027061531090168862,Baixo,81.08,74.83,0,80.0,0.8616666666666669,Atinge no ritmo atual,2
Barão de Cocais - MG,3105400,MG,Sudeste,0.027061531090168862,Baixo,58.76,62.71,0,80.0,2.8816666666666664,Precisa de ate 2x o ritmo,0
Lagoa Formosa - MG,3137502,MG,Sudeste,0.027061531090168862,Baixo,60.53,82.01,0,80.0,-0.33500000000000085,Meta ja atingida,2
Maravilhas - MG,3139706,MG,Sudeste,0.027061531090168862,Baixo,69.85,76.79,0,80.0,0.5349999999999989,Atinge no ritmo atual,2
Paraguaçu - MG,3147204,MG,Sudeste,0.027061531090168862,Baixo,62.45,69.21,0,80.0,1.7983333333333344,Atinge no ritmo atual,0
Rosário da Limeira - MG,3156452,MG,Sudeste,0.027061531090168862,Baixo,55.93,78.18,0,80.0,0.3033333333333322,Atinge no ritmo atual,2
Conselheiro Pena - MG,3118403,MG,Sudeste,0.027061531090168862,Baixo,69.86,54.72,1,80.0,4.213333333333334,Precisa de ate 2x o ritmo,2
Cipotânea - MG,3116308,MG,Sudeste,0.02705031313585075,Baixo,77.76,80.5,0,80.0,-0.08333333333333333,Meta ja atingida,1
Teodoro Sampaio - SP,3554300,SP,Sudeste,0.026933154564733514,Baixo,70.86,72.78,0,80.0,1.2033333333333331,Atinge no ritmo atual,0
Cruzeiro do Oeste - PR,4106605,PR,Sul,0.026755124986262924,Baixo,74.06,73.47,0,80.0,1.0883333333333336,Atinge no ritmo atual,0
São João Nepomuceno - MG,3162906,MG,Sudeste,0.026755124986262924,Baixo,68.55,69.83,0,80.0,1.6950000000000003,Atinge no ritmo atual,0
Santa Juliana - MG,3157708,MG,Sudeste,0.02654471544715447,Baixo,62.9,58.13,1,80.0,3.6449999999999996,Precisa de ate 2x o ritmo,2
Rio Azul - PR,4122008,PR,Sul,0.02654471544715447,Baixo,89.62,89.22,0,80.0,-1.5366666666666664,Meta ja atingida,2
Ipaba - MG,3131158,MG,Sudeste,0.02654471544715447,Baixo,62.96,77.71,0,80.0,0.3816666666666677,Atinge no ritmo atual,2
Piên - PR,4119103,PR,Sul,0.02654471544715447,Baixo,85.9,83.34,0,80.0,-0.5566666666666672,Meta ja atingida,2
Faxinal - PR,4107603,PR,Sul,0.02654471544715447,Baixo,83.44,71.76,0,80.0,1.3733333333333324,Atinge no ritmo atual,2
Paraíso do Norte - PR,4118006,PR,Sul,0.02644445910906924,Baixo,74.89,67.76,0,80.0,2.039999999999999,Atinge no ritmo atual,0
Corbélia - PR,4106308,PR,Sul,0.02644445910906924,Baixo,74.62,85.26,0,80.0,-0.8766666666666675,Meta ja atingida,0
Poços de Caldas - MG,3151800,MG,Sudeste,0.02644445910906924,Baixo,58.12,78.32,0,80.0,0.28000000000000114,Atinge no ritmo atual,0
Barbacena - MG,3105608,MG,Sudeste,0.02644445910906924,Baixo,64.56,83.52,0,80.0,-0.586666666666666,Meta ja atingida,0
Medianeira - PR,4115804,PR,Sul,0.02644445910906924,Baixo,79.22,79.1,0,80.0,0.15000000000000094,Atinge no ritmo atual,0
Diamante do Norte - PR,4107108,PR,Sul,0.026431927019491985,Baixo,72.99,78.26,0,80.0,0.28999999999999915,Atinge no ritmo atual,2
Wenceslau Braz - PR,4128500,PR,Sul,0.026431927019491985,Baixo,81.05,74.37,0,80.0,0.9383333333333326,Atinge no ritmo atual,2
Nova Olímpia - PR,4117206,PR,Sul,0.026431927019491985,Baixo,79.22,91.63,0,80.0,-1.9383333333333326,Meta ja atingida,2
Ribeirão Claro - PR,4121802,PR,Sul,0.026431927019491985,Baixo,74.58,85.68,0,80.0,-0.9466666666666678,Meta ja atingida,2
Carlópolis - PR,4104709,PR,Sul,0.026431927019491985,Baixo,73.7,66.18,0,80.0,2.3033333333333323,Atinge no ritmo atual,2
Marechal Cândido Rondon - PR,4114609,PR,Sul,0.026431927019491985,Baixo,75.3,76.44,0,80.0,0.5933333333333337,Atinge no ritmo atual,0
Cianorte - PR,4105508,PR,Sul,0.026431927019491985,Baixo,79.56,74.95,0,80.0,0.8416666666666662,Atinge no ritmo atual,0
Careaçu - MG,3113602,MG,Sudeste,0.026431927019491985,Baixo,97.42,74.18,0,80.0,0.9699999999999989,Atinge no ritmo atual,2
Leopoldina - MG,3138401,MG,Sudeste,0.026431927019491985,Baixo,57.05,65.12,0,80.0,2.479999999999999,Atinge no ritmo atual,0
Muriaé - MG,3143906,MG,Sudeste,0.026431927019491985,Baixo,59.1,75.48,0,80.0,0.7533333333333326,Atinge no ritmo atual,0
Japurá - PR,4112405,PR,Sul,0.026431927019491985,Baixo,73.42,80.87,0,80.0,-0.14500000000000077,Meta ja atingida,2
Francisco Beltrão - PR,4108403,PR,Sul,0.026431927019491985,Baixo,79.67,76.41,0,80.0,0.5983333333333339,Atinge no ritmo atual,0
Resende Costa - MG,3154200,MG,Sudeste,0.026145684551590154,Baixo,57.85,82.11,0,80.0,-0.35166666666666657,Meta ja atingida,2
Nova Tebas - PR,4117271,PR,Sul,0.026145684551590154,Baixo,89.19,84.88,0,80.0,-0.8133333333333326,Meta ja atingida,2
Ribeirão do Pinhal - PR,4121901,PR,Sul,0.025432571814150762,Baixo,86.67,84.51,0,80.0,-0.7516666666666675,Meta ja atingida,2
Balsa Nova - PR,4102307,PR,Sul,0.025432571814150762,Baixo,75.83,75.18,0,80.0,0.8033333333333322,Atinge no ritmo atual,2
Mauá da Serra - PR,4115754,PR,Sul,0.025432571814150762,Baixo,81.13,80.48,0,80.0,-0.08000000000000067,Meta ja atingida,2
Santa Izabel do Oeste - PR,4123808,PR,Sul,0.025432571814150762,Baixo,82.42,82.63,0,80.0,-0.4383333333333326,Meta ja atingida,2
Tabuleiro - MG,3167905,MG,Sudeste,0.025356985635623407,Baixo,80.53,74.43,0,80.0,0.9283333333333322,Atinge no ritmo atual,2
Florestal - MG,3126000,MG,Sudeste,0.025356985635623407,Baixo,57.15,85.73,0,80.0,-0.9550000000000006,Meta ja atingida,2
Catunda - CE,2303659,CE,Nordeste,0.025356985635623407,Baixo,100.0,100.0,0,80.0,-3.3333333333333335,Meta ja atingida,1
Goiatuba - GO,5209101,GO,Centro-Oeste,0.025307478686828023,Baixo,68.19,77.63,0,80.0,0.39500000000000074,Atinge no ritmo atual,0
Piranguinho - MG,3151008,MG,Sudeste,0.025246376811594202,Baixo,69.35,85.01,0,80.0,-0.8350000000000009,Meta ja atingida,2
Arenópolis - GO,5202353,GO,Centro-Oeste,0.025246376811594202,Baixo,91.53,83.64,0,80.0,-0.6066666666666668,Meta ja atingida,2
Martinho Campos - MG,3140506,MG,Sudeste,0.025031231777308954,Baixo,61.19,78.23,0,80.0,0.2949999999999993,Atinge no ritmo atual,2
São Jorge do Ivaí - PR,4125308,PR,Sul,0.025003501400560225,Baixo,82.98,70.73,0,80.0,1.5449999999999993,Atinge no ritmo atual,2
Pará de Minas - MG,3147105,MG,Sudeste,0.025003501400560225,Baixo,61.39,76.29,0,80.0,0.6183333333333323,Atinge no ritmo atual,0
São Lourenço - MG,3163706,MG,Sudeste,0.025003501400560225,Baixo,64.43,85.37,0,80.0,-0.8950000000000008,Meta ja atingida,0
Lindoeste - PR,4113452,PR,Sul,0.024638722869860807,Baixo,86.49,72.9,0,80.0,1.1833333333333325,Atinge no ritmo atual,2
Realeza - PR,4121406,PR,Sul,0.0246027606882983,Baixo,88.32,79.84,0,80.0,0.0266666666666661,Atinge no ritmo atual,2
Aiuaba - CE,2300408,CE,Nordeste,0.0246027606882983,Baixo,75.14,75.83,0,80.0,0.6950000000000003,Atinge no ritmo atual,1
Pastos Bons - MA,2108009,MA,Nordeste,0.0246027606882983,Baixo,74.16,64.01,0,80.0,2.664999999999999,Precisa de ate 2x o ritmo,1
Itaipulândia - PR,4110953,PR,Sul,0.0246027606882983,Baixo,86.91,84.64,0,80.0,-0.7733333333333334,Meta ja atingida,2
Pouso Alto - MG,3152600,MG,Sudeste,0.0246027606882983,Baixo,78.44,79.55,0,80.0,0.07500000000000047,Atinge no ritmo atual,2
Quatro Pontes - PR,4120853,PR,Sul,0.02459111349355252,Baixo,91.8,89.52,0,80.0,-1.586666666666666,Meta ja atingida,2
Palhano - CE,2310001,CE,Nordeste,0.024545372589732824,Baixo,70.54,74.59,0,80.0,0.9016666666666661,Atinge no ritmo atual,1
Flores de Goiás - GO,5207907,GO,Centro-Oeste,0.02452100045093478,Baixo,66.75,65.41,0,80.0,2.431666666666667,Atinge no ritmo atual,1
Aurilândia - GO,5202601,GO,Centro-Oeste,0.02443190514156634,Baixo,75.98,93.75,0,80.0,-2.2916666666666665,Meta ja atingida,2
Entre Folhas - MG,3123858,MG,Sudeste,0.02410877220037525,Baixo,78.64,77.45,0,80.0,0.42499999999999954,Atinge no ritmo atual,2
Nova Santa Rosa - PR,4117222,PR,Sul,0.024097162999602025,Baixo,77.8,72.16,0,80.0,1.3066666666666673,Atinge no ritmo atual,2
São José de Ubá - RJ,3305133,RJ,Sudeste,0.024097162999602025,Baixo,75.12,80.39,0,80.0,-0.0650000000000001,Meta ja atingida,2
Luisburgo - MG,3138674,MG,Sudeste,0.024097162999602025,Baixo,81.62,87.7,0,80.0,-1.2833333333333339,Meta ja atingida,2
São Mateus do Sul - PR,4125605,PR,Sul,0.024097162999602025,Baixo,83.07,70.57,0,80.0,1.5716666666666679,Atinge no ritmo atual,0
Nova Fátima - PR,4117008,PR,Sul,0.024097162999602025,Baixo,81.68,79.65,0,80.0,0.058333333333332384,Atinge no ritmo atual,2
Estiva - MG,3124500,MG,Sudeste,0.024097162999602025,Baixo,63.11,81.08,0,80.0,-0.17999999999999972,Meta ja atingida,2
Tombos - MG,3169208,MG,Sudeste,0.024097162999602025,Baixo,56.82,80.55,0,80.0,-0.09166666666666619,Meta ja atingida,2
Águia Branca - ES,3200136,ES,Sudeste,0.024097162999602025,Baixo,92.32,94.55,0,80.0,-2.4249999999999994,Meta ja atingida,2
Cláudio - MG,3116605,MG,Sudeste,0.024097162999602025,Baixo,61.05,82.99,0,80.0,-0.49833333333333246,Meta ja atingida,0
Matão - SP,3529302,SP,Sudeste,0.024097162999602025,Baixo,74.93,71.72,0,80.0,1.3800000000000001,Atinge no ritmo atual,0
São Gonçalo do Pará - MG,3161809,MG,Sudeste,0.024097162999602025,Baixo,61.12,78.82,0,80.0,0.1966666666666678,Atinge no ritmo atual,2
Santo Inácio - PR,4124509,PR,Sul,0.024097162999602025,Baixo,91.05,80.07,0,80.0,-0.01166666666666553,Meta ja atingida,2
Ipiranga do Piauí - PI,2204808,PI,Nordeste,0.024097162999602025,Baixo,85.43,95.83,0,80.0,-2.638333333333333,Meta ja atingida,1
Paraisópolis - MG,3147303,MG,Sudeste,0.024097162999602025,Baixo,60.77,81.68,0,80.0,-0.28000000000000114,Meta ja atingida,0
Caturaí - GO,5205208,GO,Centro-Oeste,0.0240749063670412,Baixo,68.4,87.17,0,80.0,-1.1950000000000003,Meta ja atingida,2
São Tomé das Letras - MG,3165206,MG,Sudeste,0.024016659295297064,Baixo,87.42,89.73,0,80.0,-1.6216666666666673,Meta ja atingida,2
Sabáudia - PR,4122701,PR,Sul,0.02372802635960531,Baixo,81.51,78.98,0,80.0,0.16999999999999935,Atinge no ritmo atual,2
Água Doce do Norte - ES,3200169,ES,Sudeste,0.023661274786594477,Baixo,77.35,81.68,0,80.0,-0.28000000000000114,Meta ja atingida,2
Goiás - GO,5208905,GO,Centro-Oeste,0.023661274786594477,Baixo,67.46,87.52,0,80.0,-1.2533333333333327,Meta ja atingida,0
Carvalhos - MG,3114808,MG,Sudeste,0.023589236418073846,Baixo,80.29,72.5,0,80.0,1.25,Atinge no ritmo atual,2
Jacuí - MG,3134806,MG,Sudeste,0.023589236418073846,Baixo,70.85,85.13,0,80.0,-0.8549999999999992,Meta ja atingida,2
Pérola - PR,4118907,PR,Sul,0.023374542124542125,Baixo,78.4,62.28,0,80.0,2.953333333333333,Precisa de ate 2x o ritmo,2
São Jorge do Patrocínio - PR,4125357,PR,Sul,0.023374542124542125,Baixo,74.33,90.23,0,80.0,-1.7050000000000007,Meta ja atingida,2
Mirante do Paranapanema - SP,3530201,SP,Sudeste,0.023298955946014766,Baixo,87.77,87.42,0,80.0,-1.236666666666667,Meta ja atingida,2
Conceição dos Ouros - MG,3117801,MG,Sudeste,0.023298955946014766,Baixo,61.94,77.03,0,80.0,0.49499999999999983,Atinge no ritmo atual,2
Itamogi - MG,3132909,MG,Sudeste,0.022897289297748487,Baixo,61.13,80.11,0,80.0,-0.01833333333333324,Meta ja atingida,2
Pains - MG,3146503,MG,Sudeste,0.022897289297748487,Baixo,67.53,86.83,0,80.0,-1.138333333333333,Meta ja atingida,2
Borda da Mata - MG,3108305,MG,Sudeste,0.022897289297748487,Baixo,69.5,80.39,0,80.0,-0.0650000000000001,Meta ja atingida,0
Cambuí - MG,3110608,MG,Sudeste,0.022897289297748487,Baixo,65.17,81.94,0,80.0,-0.323333333333333,Meta ja atingida,0
Centralina - MG,3115805,MG,Sudeste,0.022897289297748487,Baixo,82.74,91.99,0,80.0,-1.9983333333333324,Meta ja atingida,2
Itapejara d'Oeste - PR,4111209,PR,Sul,0.022897289297748487,Baixo,75.48,75.37,0,80.0,0.771666666666666,Atinge no ritmo atual,2
São Geraldo - MG,3161502,MG,Sudeste,0.022897289297748487,Baixo,79.39,87.65,0,80.0,-1.275000000000001,Meta ja atingida,2
Araxá - MG,3104007,MG,Sudeste,0.022713391532429773,Baixo,68.79,75.35,0,80.0,0.7750000000000009,Atinge no ritmo atual,0
Poço Fundo - MG,3151701,MG,Sudeste,0.022493196150016596,Baixo,81.87,70.92,0,80.0,1.513333333333333,Atinge no ritmo atual,2
Bom Jesus da Penha - MG,3107604,MG,Sudeste,0.022493196150016596,Baixo,51.25,87.21,0,80.0,-1.2016666666666656,Meta ja atingida,2
Hidrolândia - GO,5209705,GO,Centro-Oeste,0.022216368566645394,Baixo,68.97,65.56,0,80.0,2.4066666666666663,Atinge no ritmo atual,2
Espírito Santo do Pinhal - SP,3515186,SP,Sudeste,0.02214356104600007,Baixo,63.86,75.49,0,80.0,0.7516666666666675,Atinge no ritmo atual,0
Paracatu - MG,3147006,MG,Sudeste,0.02214356104600007,Baixo,67.07,68.16,0,80.0,1.9733333333333338,Atinge no ritmo atual,0
Marmeleiro - PR,4115408,PR,Sul,0.02214356104600007,Baixo,78.32,85.08,0,80.0,-0.8466666666666663,Meta ja atingida,2
Ivaté - PR,4111555,PR,Sul,0.02214356104600007,Baixo,84.34,77.24,0,80.0,0.46000000000000085,Atinge no ritmo atual,2
Itambé - PR,4111100,PR,Sul,0.02214356104600007,Baixo,89.72,86.9,0,80.0,-1.150000000000001,Meta ja atingida,2
Sem-Peixe - MG,3165560,MG,Sudeste,0.02210396219556525,Baixo,76.47,84.62,0,80.0,-0.7700000000000008,Meta ja atingida,2
Moeda - MG,3142304,MG,Sudeste,0.02210396219556525,Baixo,77.89,90.58,0,80.0,-1.763333333333333,Meta ja atingida,2
Cristais - MG,3120201,MG,Sudeste,0.021937780529329824,Baixo,67.27,86.07,0,80.0,-1.0116666666666656,Meta ja atingida,2
Pompéu - MG,3152006,MG,Sudeste,0.02193332596196373,Baixo,69.14,66.01,0,80.0,2.3316666666666657,Atinge no ritmo atual,0
Capelinha - MG,3112307,MG,Sudeste,0.02193332596196373,Baixo,70.01,82.5,0,80.0,-0.4166666666666667,Meta ja atingida,2
Quixelô - CE,2311355,CE,Nordeste,0.021850652398385427,Baixo,79.3,88.46,0,80.0,-1.409999999999999,Meta ja atingida,1
São José do Alegre - MG,3163201,MG,Sudeste,0.021826529483349927,Baixo,77.36,86.26,0,80.0,-1.0433333333333341,Meta ja atingida,2
Nova América - GO,5214705,GO,Centro-Oeste,0.021826529483349927,Baixo,89.9,95.24,0,80.0,-2.539999999999999,Meta ja atingida,2
Cambira - PR,4103800,PR,Sul,0.021669996669996673,Baixo,86.17,83.63,0,80.0,-0.6049999999999992,Meta ja atingida,2
São Pedro do Ivaí - PR,4125803,PR,Sul,0.021669996669996673,Baixo,83.61,85.66,0,80.0,-0.9433333333333328,Meta ja atingida,2
São Tomé - PR,4126108,PR,Sul,0.021669996669996673,Baixo,88.97,69.88,0,80.0,1.6866666666666674,Atinge no ritmo atual,2
Parambu - CE,2310308,CE,Nordeste,0.02158813649515115,Baixo,83.15,88.35,0,80.0,-1.3916666666666657,Meta ja atingida,1
Consolação - MG,3118502,MG,Sudeste,0.021231315462453403,Baixo,62.5,38.89,1,80.0,6.851666666666667,Precisa de mais de 2x o ritmo,2
Tarrafas - CE,2313252,CE,Nordeste,0.021231315462453403,Baixo,95.11,91.6,0,80.0,-1.9333333333333325,Meta ja atingida,1
Rio Pomba - MG,3155801,MG,Sudeste,0.021231315462453403,Baixo,65.31,78.55,0,80.0,0.24166666666666714,Atinge no ritmo atual,0
Bueno Brandão - MG,3109105,MG,Sudeste,0.021231315462453403,Baixo,63.01,82.56,0,80.0,-0.426666666666667,Meta ja atingida,2
Pedra Dourada - MG,3149002,MG,Sudeste,0.021231315462453403,Baixo,53.74,80.0,0,80.0,0.0,Meta ja atingida,2
Pedro Leopoldo - MG,3149309,MG,Sudeste,0.021231315462453403,Baixo,58.7,75.11,0,80.0,0.8150000000000001,Atinge no ritmo atual,0
Ministro Andreazza - RO,1101203,RO,Norte,0.021231315462453403,Baixo,72.5,69.17,0,80.0,1.8049999999999997,Atinge no ritmo atual,2
Maracanaú - CE,2307650,CE,Nordeste,0.020852233676975945,Baixo,82.5,84.66,0,80.0,-0.7766666666666661,Meta ja atingida,0
Pranchita - PR,4120358,PR,Sul,0.020651103282682232,Baixo,84.27,79.55,0,80.0,0.07500000000000047,Atinge no ritmo atual,2
Quarto Centenário - PR,4120655,PR,Sul,0.020651103282682232,Baixo,79.88,61.75,0,80.0,3.0416666666666665,Precisa de ate 2x o ritmo,2
Ipameri - GO,5210109,GO,Centro-Oeste,0.020566832972260717,Baixo,64.1,74.13,0,80.0,0.978333333333334,Atinge no ritmo atual,0
Mairipotaba - GO,5212600,GO,Centro-Oeste,0.020564648795786733,Baixo,97.33,71.43,0,80.0,1.4283333333333321,Atinge no ritmo atual,2
Campina da Lagoa - PR,4103909,PR,Sul,0.020474309855337897,Baixo,80.15,77.67,0,80.0,0.38833333333333303,Atinge no ritmo atual,2
Perolândia - GO,5216452,GO,Centro-Oeste,0.020474309855337897,Baixo,77.62,77.78,0,80.0,0.36999999999999983,Atinge no ritmo atual,2
Panamá - GO,5216007,GO,Centro-Oeste,0.020474309855337897,Baixo,75.33,84.18,0,80.0,-0.6966666666666678,Meta ja atingida,2
Porecatu - PR,4120002,PR,Sul,0.020474309855337897,Baixo,74.34,87.25,0,80.0,-1.2083333333333333,Meta ja atingida,0
Orós - CE,2309508,CE,Nordeste,0.02030436668594563,Baixo,90.9,90.75,0,80.0,-1.7916666666666667,Meta ja atingida,1
Santa Rita do Novo Destino - GO,5219456,GO,Centro-Oeste,0.020228780507418276,Baixo,87.69,95.83,0,80.0,-2.638333333333333,Meta ja atingida,2
Aporé - GO,5201504,GO,Centro-Oeste,0.020228780507418276,Baixo,61.96,65.8,0,80.0,2.366666666666667,Atinge no ritmo atual,2
Crixás - GO,5206404,GO,Centro-Oeste,0.020228780507418276,Baixo,66.73,78.62,0,80.0,0.22999999999999923,Atinge no ritmo atual,0
São Sebastião do Paraíso - MG,3164704,MG,Sudeste,0.020093827740886566,Baixo,65.48,81.09,0,80.0,-0.18166666666666723,Meta ja atingida,0
Ouro Fino - MG,3146008,MG,Sudeste,0.020093827740886566,Baixo,64.5,85.47,0,80.0,-0.9116666666666665,Meta ja atingida,0
Saboeiro - CE,2311900,CE,Nordeste,0.020089614371887936,Baixo,75.38,81.55,0,80.0,-0.25833333333333286,Meta ja atingida,1
Mulungu - CE,2309102,CE,Nordeste,0.02002182214948172,Baixo,85.81,88.89,0,80.0,-1.4816666666666667,Meta ja atingida,1
Indiara - GO,5209952,GO,Centro-Oeste,0.0198398576242255,Baixo,67.15,82.75,0,80.0,-0.4583333333333333,Meta ja atingida,2
Cascavel - PR,4104808,PR,Sul,0.019702886075361376,Baixo,80.11,74.34,0,80.0,0.9433333333333328,Atinge no ritmo atual,0
Cruzeiro do Iguaçu - PR,4106571,PR,Sul,0.019702886075361376,Baixo,81.66,86.52,0,80.0,-1.086666666666666,Meta ja atingida,2
Nova Prata do Iguaçu - PR,4117255,PR,Sul,0.019702886075361376,Baixo,80.81,72.83,0,80.0,1.1950000000000003,Atinge no ritmo atual,2
Davinópolis - GO,5206909,GO,Centro-Oeste,0.019652266002542832,Baixo,87.08,83.12,0,80.0,-0.5200000000000008,Meta ja atingida,2
Jaupaci - GO,5212006,GO,Centro-Oeste,0.019652266002542832,Baixo,97.43,100.0,0,80.0,-3.3333333333333335,Meta ja atingida,2
Israelândia - GO,5210307,GO,Centro-Oeste,0.019652266002542832,Baixo,88.14,92.59,0,80.0,-2.098333333333334,Meta ja atingida,2
Assis Chateaubriand - PR,4102000,PR,Sul,0.019652266002542832,Baixo,80.21,80.31,0,80.0,-0.05166666666666705,Meta ja atingida,0
Diorama - GO,5207105,GO,Centro-Oeste,0.019652266002542832,Baixo,100.0,77.27,0,80.0,0.4550000000000007,Atinge no ritmo atual,2
Taquaral de Goiás - GO,5221007,GO,Centro-Oeste,0.019652266002542832,Baixo,69.59,75.0,0,80.0,0.8333333333333334,Atinge no ritmo atual,2
Icaraíma - PR,4109906,PR,Sul,0.019652266002542832,Baixo,73.26,51.76,1,80.0,4.706666666666667,Precisa de ate 2x o ritmo,2
Conceição do Castelo - ES,3201704,ES,Sudeste,0.019652266002542832,Baixo,77.46,84.19,0,80.0,-0.6983333333333329,Meta ja atingida,2
Catarina - CE,2303600,CE,Nordeste,0.019373677965227258,Baixo,79.24,81.25,0,80.0,-0.20833333333333334,Meta ja atingida,1
Além Paraíba - MG,3101508,MG,Sudeste,0.01923061769052308,Baixo,68.94,55.1,1,80.0,4.1499999999999995,Precisa de ate 2x o ritmo,0
Manhumirim - MG,3139508,MG,Sudeste,0.01923061769052308,Baixo,68.6,68.84,0,80.0,1.8599999999999994,Atinge no ritmo atual,0
Santo Antônio do Grama - MG,3160108,MG,Sudeste,0.01923061769052308,Baixo,82.71,94.3,0,80.0,-2.383333333333333,Meta ja atingida,2
Munhoz - MG,3143807,MG,Sudeste,0.01923061769052308,Baixo,77.93,82.36,0,80.0,-0.39333333333333326,Meta ja atingida,2
Confins - MG,3117876,MG,Sudeste,0.01923061769052308,Baixo,52.52,69.15,0,80.0,1.8083333333333325,Atinge no ritmo atual,0
Inhapim - MG,3130903,MG,Sudeste,0.01923061769052308,Baixo,68.56,84.81,0,80.0,-0.8016666666666671,Meta ja atingida,2
Campos Gerais - MG,3111606,MG,Sudeste,0.01923061769052308,Baixo,65.56,71.94,0,80.0,1.3433333333333337,Atinge no ritmo atual,2
Maria da Fé - MG,3139904,MG,Sudeste,0.01923061769052308,Baixo,60.99,78.16,0,80.0,0.30666666666666725,Atinge no ritmo atual,2
Raul Soares - MG,3154002,MG,Sudeste,0.01923061769052308,Baixo,65.61,83.91,0,80.0,-0.6516666666666661,Meta ja atingida,2
Montes Claros de Goiás - GO,5213707,GO,Centro-Oeste,0.01923061769052308,Baixo,66.57,75.02,0,80.0,0.8300000000000006,Atinge no ritmo atual,2
Santa Teresa - ES,3204609,ES,Sudeste,0.01921911421911422,Baixo,85.59,82.52,0,80.0,-0.4199999999999993,Meta ja atingida,2
Piracema - MG,3150604,MG,Sudeste,0.01921911421911422,Baixo,66.97,76.35,0,80.0,0.6083333333333343,Atinge no ritmo atual,2
Espinosa - MG,3124302,MG,Sudeste,0.01921911421911422,Baixo,77.62,72.28,0,80.0,1.2866666666666664,Atinge no ritmo atual,1
São Tomás de Aquino - MG,3165107,MG,Sudeste,0.01921911421911422,Baixo,68.13,82.09,0,80.0,-0.3483333333333339,Meta ja atingida,2
Jequeri - MG,3135506,MG,Sudeste,0.018897289297748487,Baixo,61.41,85.23,0,80.0,-0.8716666666666674,Meta ja atingida,1
Itabirito - MG,3131901,MG,Sudeste,0.018897289297748487,Baixo,55.59,80.39,0,80.0,-0.0650000000000001,Meta ja atingida,0
Nazareno - MG,3144508,MG,Sudeste,0.018897289297748487,Baixo,87.42,85.36,0,80.0,-0.8933333333333332,Meta ja atingida,2
Alterosa - MG,3102001,MG,Sudeste,0.018897289297748487,Baixo,61.55,85.54,0,80.0,-0.9233333333333343,Meta ja atingida,2
Ibertioga - MG,3129400,MG,Sudeste,0.018897289297748487,Baixo,89.43,87.87,0,80.0,-1.3116666666666674,Meta ja atingida,2
Mercês - MG,3141603,MG,Sudeste,0.018755124986262924,Baixo,98.41,84.85,0,80.0,-0.8083333333333323,Meta ja atingida,2
Borborema - SP,3507407,SP,Sudeste,0.018753501400560223,Baixo,82.47,85.16,0,80.0,-0.8599999999999994,Meta ja atingida,0
Entre Rios de Minas - MG,3123908,MG,Sudeste,0.018753501400560223,Baixo,84.92,88.18,0,80.0,-1.3633333333333344,Meta ja atingida,2
Rio Novo do Sul - ES,3204401,ES,Sudeste,0.018599821231400176,Baixo,78.04,77.38,0,80.0,0.4366666666666674,Atinge no ritmo atual,2
Maripá - PR,4115358,PR,Sul,0.018464868464868466,Baixo,80.97,76.69,0,80.0,0.5516666666666671,Atinge no ritmo atual,2
Rio Manso - MG,3155306,MG,Sudeste,0.018464868464868466,Baixo,71.24,98.05,0,80.0,-3.008333333333333,Meta ja atingida,2
Jaguaruana - CE,2307007,CE,Nordeste,0.01806822019587977,Baixo,84.18,88.24,0,80.0,-1.3733333333333324,Meta ja atingida,1
São Gabriel da Palha - ES,3204708,ES,Sudeste,0.01726551226551227,Baixo,73.1,80.69,0,80.0,-0.11499999999999962,Meta ja atingida,0
Perdigão - MG,3149705,MG,Sudeste,0.01726551226551227,Baixo,80.06,80.71,0,80.0,-0.11833333333333229,Meta ja atingida,2
Marechal Floriano - ES,3203346,ES,Sudeste,0.01726551226551227,Baixo,78.21,86.57,0,80.0,-1.0949999999999989,Meta ja atingida,2
Jaguariaíva - PR,4112009,PR,Sul,0.01726551226551227,Baixo,80.92,79.14,0,80.0,0.14333333333333323,Atinge no ritmo atual,0
Pratápolis - MG,3152907,MG,Sudeste,0.017143561046000073,Baixo,64.14,76.97,0,80.0,0.5050000000000002,Atinge no ritmo atual,2
Morro Agudo de Goiás - GO,5213855,GO,Centro-Oeste,0.017124542124542126,Baixo,100.0,96.88,0,80.0,-2.8133333333333326,Meta ja atingida,2
Caridade - CE,2303006,CE,Nordeste,0.016927140044017144,Baixo,96.73,98.73,0,80.0,-3.1216666666666675,Meta ja atingida,1
Patos de Minas - MG,3148004,MG,Sudeste,0.016927140044017144,Baixo,70.3,79.64,0,80.0,0.05999999999999991,Atinge no ritmo atual,0
Nova Era - MG,3144706,MG,Sudeste,0.016927140044017144,Baixo,60.32,72.22,0,80.0,1.2966666666666669,Atinge no ritmo atual,0
Granja - CE,2304707,CE,Nordeste,0.016927140044017144,Baixo,93.26,97.78,0,80.0,-2.9633333333333334,Meta ja atingida,1
Itaguara - MG,3132206,MG,Sudeste,0.016927140044017144,Baixo,56.99,90.91,0,80.0,-1.8183333333333327,Meta ja atingida,2
Pato Bragado - PR,4118451,PR,Sul,0.016927140044017144,Baixo,90.47,90.41,0,80.0,-1.7349999999999994,Meta ja atingida,2
Araripe - CE,2301307,CE,Nordeste,0.016711722287439206,Baixo,75.5,77.22,0,80.0,0.46333333333333354,Atinge no ritmo atual,1
Alto Caparaó - MG,3102050,MG,Sudeste,0.016711722287439206,Baixo,93.75,87.17,0,80.0,-1.1950000000000003,Meta ja atingida,2
Patis - MG,3147956,MG,Sudeste,0.016711722287439206,Baixo,82.27,85.08,0,80.0,-0.8466666666666663,Meta ja atingida,1
José Raydan - MG,3136553,MG,Sudeste,0.016711722287439206,Baixo,79.09,77.36,0,80.0,0.4400000000000001,Atinge no ritmo atual,1
Jaguaré - ES,3203056,ES,Sudeste,0.016711722287439206,Baixo,72.19,80.31,0,80.0,-0.05166666666666705,Meta ja atingida,2
Joaquim Távora - PR,4112801,PR,Sul,0.016711722287439206,Baixo,85.53,85.12,0,80.0,-0.853333333333334,Meta ja atingida,2
Santa Bárbara - MG,3157203,MG,Sudeste,0.016666515126420516,Baixo,69.91,66.55,0,80.0,2.241666666666667,Atinge no ritmo atual,0
Campestre - MG,3111002,MG,Sudeste,0.016666515126420516,Baixo,69.98,81.73,0,80.0,-0.288333333333334,Meta ja atingida,2
Coronel Xavier Chaves - MG,3119708,MG,Sudeste,0.016666515126420516,Baixo,72.49,92.31,0,80.0,-2.051666666666667,Meta ja atingida,2
Rebouças - PR,4121505,PR,Sul,0.016666515126420516,Baixo,86.33,77.0,0,80.0,0.5,Atinge no ritmo atual,2
Montividiu - GO,5213756,GO,Centro-Oeste,0.016651162790697675,Baixo,65.97,78.69,0,80.0,0.2183333333333337,Atinge no ritmo atual,0
Peçanha - MG,3148608,MG,Sudeste,0.016638722869860807,Baixo,80.49,74.72,0,80.0,0.8800000000000002,Atinge no ritmo atual,1
Igaratinga - MG,3130200,MG,Sudeste,0.016638722869860807,Baixo,68.89,79.48,0,80.0,0.086666666666666,Atinge no ritmo atual,2
Miraíma - CE,2308377,CE,Nordeste,0.016580152671755728,Baixo,86.66,85.6,0,80.0,-0.9333333333333323,Meta ja atingida,1
Lavras da Mangabeira - CE,2307502,CE,Nordeste,0.016580152671755728,Baixo,75.38,74.29,0,80.0,0.9516666666666657,Atinge no ritmo atual,1
Camacho - MG,3110400,MG,Sudeste,0.016580152671755728,Baixo,91.3,86.64,0,80.0,-1.1066666666666667,Meta ja atingida,2
Itaúna - MG,3133808,MG,Sudeste,0.016580152671755728,Baixo,69.71,87.39,0,80.0,-1.2316666666666667,Meta ja atingida,0
Espírito Santo do Dourado - MG,3124401,MG,Sudeste,0.016580152671755728,Baixo,66.49,66.53,0,80.0,2.2449999999999997,Atinge no ritmo atual,2
Santana do Acaraú - CE,2312007,CE,Nordeste,0.016580152671755728,Baixo,99.18,98.26,0,80.0,-3.0433333333333343,Meta ja atingida,1
Luminárias - MG,3138708,MG,Sudeste,0.016155716264040623,Baixo,67.26,97.5,0,80.0,-2.9166666666666665,Meta ja atingida,2
Cristalina - GO,5206206,GO,Centro-Oeste,0.015984496124031005,Baixo,67.92,69.1,0,80.0,1.8166666666666675,Atinge no ritmo atual,0
Palmeiras de Goiás - GO,5215702,GO,Centro-Oeste,0.015984496124031005,Baixo,67.97,81.01,0,80.0,-0.1683333333333342,Meta ja atingida,0
Minas Novas - MG,3141801,MG,Sudeste,0.01591348600508906,Baixo,70.15,78.82,0,80.0,0.1966666666666678,Atinge no ritmo atual,1
Mutunópolis - GO,5214101,GO,Centro-Oeste,0.01591348600508906,Baixo,92.95,100.0,0,80.0,-3.3333333333333335,Meta ja atingida,2
Varjão - GO,5221908,GO,Centro-Oeste,0.015880503144654088,Baixo,97.74,84.78,0,80.0,-0.7966666666666669,Meta ja atingida,2
Três Pontas - MG,3169406,MG,Sudeste,0.015548373195432019,Baixo,58.33,81.67,0,80.0,-0.2783333333333336,Meta ja atingida,0
Natércia - MG,3144409,MG,Sudeste,0.015548373195432019,Baixo,70.18,86.3,0,80.0,-1.0499999999999996,Meta ja atingida,2
Coimbra - MG,3116704,MG,Sudeste,0.015522898154477102,Baixo,76.92,83.5,0,80.0,-0.5833333333333334,Meta ja atingida,2
Salitre - CE,2311959,CE,Nordeste,0.01538794538794539,Baixo,96.62,98.39,0,80.0,-3.065,Meta ja atingida,1
Caxambu - MG,3115508,MG,Sudeste,0.015006253908692934,Baixo,75.23,74.74,0,80.0,0.8766666666666675,Atinge no ritmo atual,0
Guapó - GO,5209200,GO,Centro-Oeste,0.015006253908692934,Baixo,64.19,70.28,0,80.0,1.6199999999999999,Atinge no ritmo atual,0
Dionísio - MG,3121803,MG,Sudeste,0.015006253908692934,Baixo,85.38,72.13,0,80.0,1.3116666666666674,Atinge no ritmo atual,2
Itaitinga - CE,2306256,CE,Nordeste,0.014666666666666666,Baixo,85.82,85.11,0,80.0,-0.8516666666666666,Meta ja atingida,0
Córrego do Ouro - GO,5205703,GO,Centro-Oeste,0.014288742845028618,Baixo,77.4,100.0,0,80.0,-3.3333333333333335,Meta ja atingida,2
Cristianópolis - GO,5206305,GO,Centro-Oeste,0.014288742845028618,Baixo,88.62,82.2,0,80.0,-0.36666666666666714,Meta ja atingida,2
Laranja da Terra - ES,3203163,ES,Sudeste,0.014219114219114221,Baixo,85.84,89.86,0,80.0,-1.6433333333333333,Meta ja atingida,2
Barbosa Ferraz - PR,4102505,PR,Sul,0.014103962195565247,Baixo,91.0,77.65,0,80.0,0.3916666666666657,Atinge no ritmo atual,2
Carmo da Cachoeira - MG,3113909,MG,Sudeste,0.014103962195565247,Baixo,74.34,78.88,0,80.0,0.18666666666666742,Atinge no ritmo atual,2
São João do Manhuaçu - MG,3162559,MG,Sudeste,0.014102412562317954,Baixo,76.73,71.72,0,80.0,1.3800000000000001,Atinge no ritmo atual,2
São Pedro da União - MG,3163904,MG,Sudeste,0.014102412562317954,Baixo,76.97,97.05,0,80.0,-2.8416666666666663,Meta ja atingida,2
Lambari - MG,3137809,MG,Sudeste,0.014090909090909093,Baixo,68.51,70.13,0,80.0,1.6450000000000007,Atinge no ritmo atual,0
Coqueiral - MG,3118700,MG,Sudeste,0.013968957871396898,Baixo,71.3,82.47,0,80.0,-0.41166666666666646,Meta ja atingida,2
Santa Helena - PR,4123501,PR,Sul,0.01391941391941392,Baixo,79.21,79.37,0,80.0,0.10499999999999925,Atinge no ritmo atual,0
Goianá - MG,3127388,MG,Sudeste,0.01391941391941392,Baixo,75.0,80.51,0,80.0,-0.08500000000000085,Meta ja atingida,2
Lajinha - MG,3137700,MG,Sudeste,0.013336663336663335,Baixo,72.03,69.27,0,80.0,1.788333333333334,Atinge no ritmo atual,2
Espera Feliz - MG,3124203,MG,Sudeste,0.013336663336663335,Baixo,71.64,59.04,1,80.0,3.4933333333333336,Precisa de ate 2x o ritmo,2
Datas - MG,3121001,MG,Sudeste,0.013231315462453399,Baixo,80.04,90.32,0,80.0,-1.7199999999999989,Meta ja atingida,2
Paranacity - PR,4118105,PR,Sul,0.013231315462453399,Baixo,83.27,80.03,0,80.0,-0.005000000000000189,Meta ja atingida,2
Missão Velha - CE,2308401,CE,Nordeste,0.013231315462453399,Baixo,74.75,82.37,0,80.0,-0.39500000000000074,Meta ja atingida,1
Colorado - PR,4105904,PR,Sul,0.013231315462453399,Baixo,84.01,78.22,0,80.0,0.29666666666666686,Atinge no ritmo atual,0
Santana da Vargem - MG,3158300,MG,Sudeste,0.013231315462453399,Baixo,67.84,87.88,0,80.0,-1.3133333333333326,Meta ja atingida,2
Apucarana - PR,4101408,PR,Sul,0.013231315462453399,Baixo,82.14,78.78,0,80.0,0.20333333333333314,Atinge no ritmo atual,0
Paranavaí - PR,4118402,PR,Sul,0.013231315462453399,Baixo,80.45,74.3,0,80.0,0.9500000000000005,Atinge no ritmo atual,0
Toledo - PR,4127700,PR,Sul,0.013231315462453399,Baixo,79.58,81.69,0,80.0,-0.2816666666666663,Meta ja atingida,0
Rubim - MG,3156601,MG,Sudeste,0.013144222223849113,Baixo,86.74,63.6,0,80.0,2.733333333333333,Precisa de ate 2x o ritmo,1
Damianópolis - GO,5206701,GO,Centro-Oeste,0.01305265195509098,Baixo,70.55,83.93,0,80.0,-0.6550000000000011,Meta ja atingida,2
Santa Rita do Sapucaí - MG,3159605,MG,Sudeste,0.012927140044017144,Baixo,58.99,77.94,0,80.0,0.3433333333333337,Atinge no ritmo atual,0
Entre Rios do Oeste - PR,4107538,PR,Sul,0.012927140044017144,Baixo,88.83,96.25,0,80.0,-2.7083333333333335,Meta ja atingida,2
Machado - MG,3139003,MG,Sudeste,0.012927140044017144,Baixo,65.0,89.31,0,80.0,-1.551666666666667,Meta ja atingida,0
Ipueiras - CE,2305902,CE,Nordeste,0.012927140044017144,Baixo,97.9,99.54,0,80.0,-3.2566666666666677,Meta ja atingida,1
São José da Varginha - MG,3163102,MG,Sudeste,0.012564648795786731,Baixo,55.14,82.68,0,80.0,-0.4466666666666678,Meta ja atingida,2
Governador Lindenberg - ES,3202256,ES,Sudeste,0.012564648795786731,Baixo,65.64,82.07,0,80.0,-0.34499999999999886,Meta ja atingida,2
Muqui - ES,3203809,ES,Sudeste,0.012564648795786731,Baixo,63.47,75.56,0,80.0,0.7399999999999997,Atinge no ritmo atual,2
Passa Tempo - MG,3147709,MG,Sudeste,0.01249489450542857,Baixo,80.61,78.42,0,80.0,0.26333333333333303,Atinge no ritmo atual,2
Acaraú - CE,2300200,CE,Nordeste,0.012450956673573928,Baixo,95.81,97.71,0,80.0,-2.9516666666666658,Meta ja atingida,1
Senador Firmino - MG,3165701,MG,Sudeste,0.012450956673573928,Baixo,66.34,91.79,0,80.0,-1.965000000000001,Meta ja atingida,2
Conselheiro Lafaiete - MG,3118304,MG,Sudeste,0.012450956673573928,Baixo,68.74,83.19,0,80.0,-0.5316666666666663,Meta ja atingida,0
Iúna - ES,3203007,ES,Sudeste,0.012450956673573928,Baixo,71.91,70.08,0,80.0,1.6533333333333335,Atinge no ritmo atual,2
Formoso - GO,5208103,GO,Centro-Oeste,0.012450956673573928,Baixo,70.81,86.67,0,80.0,-1.111666666666667,Meta ja atingida,2
Rio Pardo de Minas - MG,3155603,MG,Sudeste,0.012450956673573928,Baixo,74.16,87.03,0,80.0,-1.1716666666666669,Meta ja atingida,1
Taiobeiras - MG,3168002,MG,Sudeste,0.012450956673573928,Baixo,66.19,85.52,0,80.0,-0.9199999999999994,Meta ja atingida,2
Itatira - CE,2306603,CE,Nordeste,0.012450956673573928,Baixo,99.62,99.06,0,80.0,-3.176666666666667,Meta ja atingida,1
Felício dos Santos - MG,3125408,MG,Sudeste,0.012450956673573928,Baixo,82.12,79.38,0,80.0,0.1033333333333341,Atinge no ritmo atual,1
Dom Silvério - MG,3122702,MG,Sudeste,0.012265512265512266,Baixo,66.83,92.48,0,80.0,-2.0800000000000005,Meta ja atingida,2
Muniz Freire - ES,3203700,ES,Sudeste,0.012155716264040623,Baixo,86.15,81.47,0,80.0,-0.2449999999999998,Meta ja atingida,2
Guarani - MG,3128402,MG,Sudeste,0.012155716264040623,Baixo,80.48,77.84,0,80.0,0.35999999999999943,Atinge no ritmo atual,2
Dom Cavati - MG,3122504,MG,Sudeste,0.012155716264040623,Baixo,74.74,73.35,0,80.0,1.1083333333333343,Atinge no ritmo atual,2
Patrocínio do Muriaé - MG,3148202,MG,Sudeste,0.01153830999821539,Baixo,72.64,80.53,0,80.0,-0.08833333333333353,Meta ja atingida,2
Santo Antônio do Amparo - MG,3159902,MG,Sudeste,0.01153830999821539,Baixo,83.75,80.3,0,80.0,-0.049999999999999524,Meta ja atingida,2
Figueira - PR,4107751,PR,Sul,0.01153830999821539,Baixo,82.1,77.82,0,80.0,0.36333333333333445,Atinge no ritmo atual,2
Inconfidentes - MG,3130606,MG,Sudeste,0.01153830999821539,Baixo,81.42,86.18,0,80.0,-1.0300000000000011,Meta ja atingida,2
Cumari - GO,5206602,GO,Centro-Oeste,0.011333333333333334,Baixo,76.19,72.73,0,80.0,1.211666666666666,Atinge no ritmo atual,2
Gameleira de Goiás - GO,5208152,GO,Centro-Oeste,0.011333333333333334,Baixo,98.15,79.76,0,80.0,0.03999999999999915,Atinge no ritmo atual,2
Uruoca - CE,2313906,CE,Nordeste,0.011333333333333334,Baixo,95.51,99.01,0,80.0,-3.1683333333333343,Meta ja atingida,1
Barra de São Francisco - ES,3200904,ES,Sudeste,0.010936937961967699,Baixo,78.53,87.1,0,80.0,-1.1833333333333325,Meta ja atingida,2
Afonso Cláudio - ES,3200102,ES,Sudeste,0.010842490842490842,Baixo,87.36,91.7,0,80.0,-1.9500000000000004,Meta ja atingida,2
Mara Rosa - GO,5212808,GO,Centro-Oeste,0.010842490842490842,Baixo,69.6,87.78,0,80.0,-1.2966666666666669,Meta ja atingida,2
Cristiano Otoni - MG,3120409,MG,Sudeste,0.010741573033707865,Baixo,72.12,89.96,0,80.0,-1.659999999999999,Meta ja atingida,2
Croatá - CE,2304236,CE,Nordeste,0.010741573033707865,Baixo,98.5,99.14,0,80.0,-3.19,Meta ja atingida,1
Ibatiba - ES,3202454,ES,Sudeste,0.010741573033707865,Baixo,80.52,82.36,0,80.0,-0.39333333333333326,Meta ja atingida,2
Poranga - CE,2311009,CE,Nordeste,0.010741573033707865,Baixo,91.88,100.0,0,80.0,-3.3333333333333335,Meta ja atingida,1
Ararendá - CE,2301257,CE,Nordeste,0.010741573033707865,Baixo,98.92,99.34,0,80.0,-3.223333333333334,Meta ja atingida,1
Quirinópolis - GO,5218508,GO,Centro-Oeste,0.010509209100758397,Baixo,66.97,80.29,0,80.0,-0.04833333333333437,Meta ja atingida,0
Bom Sucesso - MG,3108008,MG,Sudeste,0.010447466262208804,Baixo,67.28,83.73,0,80.0,-0.6216666666666674,Meta ja atingida,2
Conceição do Rio Verde - MG,3117702,MG,Sudeste,0.01042016806722689,Baixo,89.94,78.17,0,80.0,0.3049999999999997,Atinge no ritmo atual,2
Nova Iguaçu de Goiás - GO,5214879,GO,Centro-Oeste,0.01042016806722689,Baixo,92.68,95.12,0,80.0,-2.520000000000001,Meta ja atingida,2
Ipanema - MG,3131208,MG,Sudeste,0.01042016806722689,Baixo,78.85,77.67,0,80.0,0.38833333333333303,Atinge no ritmo atual,2
Nerópolis - GO,5214507,GO,Centro-Oeste,0.01042016806722689,Baixo,68.08,71.18,0,80.0,1.4699999999999989,Atinge no ritmo atual,0
Nova Resende - MG,3145109,MG,Sudeste,0.01042016806722689,Baixo,69.3,86.57,0,80.0,-1.0949999999999989,Meta ja atingida,2
Buriti de Goiás - GO,5203939,GO,Centro-Oeste,0.010377142392306082,Baixo,95.35,96.46,0,80.0,-2.7433333333333323,Meta ja atingida,2
São João d'Aliança - GO,5220009,GO,Centro-Oeste,0.010185567010309279,Baixo,81.82,89.53,0,80.0,-1.5883333333333336,Meta ja atingida,2
Palestina de Goiás - GO,5215652,GO,Centro-Oeste,0.010185567010309279,Baixo,79.55,74.42,0,80.0,0.9299999999999997,Atinge no ritmo atual,2
Kaloré - PR,4113106,PR,Sul,0.010185567010309279,Baixo,83.41,77.98,0,80.0,0.336666666666666,Atinge no ritmo atual,2
Bocaiúva - MG,3107307,MG,Sudeste,0.010128205128205128,Baixo,72.96,78.27,0,80.0,0.288333333333334,Atinge no ritmo atual,0
Formosa do Oeste - PR,4108205,PR,Sul,0.010128205128205128,Baixo,88.15,85.18,0,80.0,-0.8633333333333345,Meta ja atingida,2
Maringá - PR,4115200,PR,Sul,0.010006253908692933,Baixo,80.65,78.37,0,80.0,0.2716666666666659,Atinge no ritmo atual,0
Limoeiro do Norte - CE,2307601,CE,Nordeste,0.009970149253731343,Baixo,87.84,89.65,0,80.0,-1.6083333333333343,Meta ja atingida,0
Salto do Lontra - PR,4123006,PR,Sul,0.009970149253731343,Baixo,85.46,76.46,0,80.0,0.5900000000000011,Atinge no ritmo atual,2
Rio Bananal - ES,3204351,ES,Sudeste,0.009886854109471366,Baixo,74.62,83.06,0,80.0,-0.5100000000000003,Meta ja atingida,2
Itaguaçu - ES,3202702,ES,Sudeste,0.009886854109471366,Baixo,74.64,87.07,0,80.0,-1.1783333333333321,Meta ja atingida,2
Choró - CE,2303931,CE,Nordeste,0.009886854109471366,Baixo,97.81,95.42,0,80.0,-2.5700000000000003,Meta ja atingida,1
Cafelândia - PR,4103453,PR,Sul,0.009886854109471366,Baixo,87.02,78.14,0,80.0,0.3099999999999999,Atinge no ritmo atual,0
Brumadinho - MG,3109006,MG,Sudeste,0.009886854109471366,Baixo,70.28,87.73,0,80.0,-1.288333333333334,Meta ja atingida,0
Castelo - ES,3201407,ES,Sudeste,0.009886854109471366,Baixo,72.21,82.7,0,80.0,-0.45000000000000046,Meta ja atingida,0
Ivolândia - GO,5211602,GO,Centro-Oeste,0.009886854109471366,Baixo,80.84,73.91,0,80.0,1.0150000000000006,Atinge no ritmo atual,2
Goianira - GO,5208806,GO,Centro-Oeste,0.009886854109471366,Baixo,69.12,81.01,0,80.0,-0.1683333333333342,Meta ja atingida,0
Alegre - ES,3200201,ES,Sudeste,0.009886854109471366,Baixo,71.04,86.32,0,80.0,-1.0533333333333321,Meta ja atingida,0
Oliveira - MG,3145604,MG,Sudeste,0.009886854109471366,Baixo,67.19,85.46,0,80.0,-0.9099999999999989,Meta ja atingida,0
Mantenópolis - ES,3203304,ES,Sudeste,0.009886854109471366,Baixo,91.73,95.06,0,80.0,-2.5100000000000002,Meta ja atingida,2
Atílio Vivácqua - ES,3200706,ES,Sudeste,0.009886854109471366,Baixo,74.57,77.52,0,80.0,0.413333333333334,Atinge no ritmo atual,2
Caririaçu - CE,2303204,CE,Nordeste,0.009886854109471366,Baixo,90.05,82.61,0,80.0,-0.4349999999999999,Meta ja atingida,1
Eusébio - CE,2304285,CE,Nordeste,0.009886854109471366,Baixo,92.64,93.91,0,80.0,-2.318333333333333,Meta ja atingida,0
Ouro Branco - MG,3145901,MG,Sudeste,0.009886854109471366,Baixo,65.37,81.33,0,80.0,-0.22166666666666637,Meta ja atingida,0
Granjeiro - CE,2304806,CE,Nordeste,0.009886854109471366,Baixo,94.87,91.59,0,80.0,-1.9316666666666673,Meta ja atingida,1
Viçosa do Ceará - CE,2314102,CE,Nordeste,0.009755955285359868,Baixo,88.59,90.22,0,80.0,-1.7033333333333331,Meta ja atingida,1
Moema - MG,3142403,MG,Sudeste,0.009596562425399857,Baixo,81.44,81.94,0,80.0,-0.323333333333333,Meta ja atingida,2
São Gonçalo do Sapucaí - MG,3162005,MG,Sudeste,0.009596562425399857,Baixo,75.96,76.3,0,80.0,0.6166666666666671,Atinge no ritmo atual,0
Pacatuba - CE,2309706,CE,Nordeste,0.009523809523809523,Baixo,75.66,78.36,0,80.0,0.27333333333333343,Atinge no ritmo atual,0
Córrego Fundo - MG,3119955,MG,Sudeste,0.00909090909090909,Baixo,69.55,96.07,0,80.0,-2.6783333333333323,Meta ja atingida,2
Ijaci - MG,3130408,MG,Sudeste,0.008791208791208791,Baixo,72.8,82.9,0,80.0,-0.4833333333333343,Meta ja atingida,2
Campinaçu - GO,5204656,GO,Centro-Oeste,0.008791208791208791,Baixo,70.45,81.73,0,80.0,-0.288333333333334,Meta ja atingida,2
São João da Paraúna - GO,5220058,GO,Centro-Oeste,0.008791208791208791,Baixo,87.5,87.5,0,80.0,-1.25,Meta ja atingida,2
Monte Azul - MG,3142908,MG,Sudeste,0.008791208791208791,Baixo,85.89,67.01,0,80.0,2.164999999999999,Atinge no ritmo atual,1
São Domingos do Prata - MG,3161007,MG,Sudeste,0.008791208791208791,Baixo,69.05,84.25,0,80.0,-0.7083333333333334,Meta ja atingida,2
Formiga - MG,3126109,MG,Sudeste,0.008651162790697674,Baixo,67.98,85.91,0,80.0,-0.9849999999999994,Meta ja atingida,0
Bambuí - MG,3105103,MG,Sudeste,0.008651162790697674,Baixo,65.95,80.48,0,80.0,-0.08000000000000067,Meta ja atingida,0
Araújos - MG,3103900,MG,Sudeste,0.008638428407549383,Baixo,74.0,88.5,0,80.0,-1.4166666666666667,Meta ja atingida,2
Patrocínio - MG,3148103,MG,Sudeste,0.008580152671755725,Baixo,61.41,71.67,0,80.0,1.388333333333333,Atinge no ritmo atual,0
Arcos - MG,3104205,MG,Sudeste,0.008580152671755725,Baixo,78.83,88.86,0,80.0,-1.4766666666666666,Meta ja atingida,0
Lagoa Dourada - MG,3137403,MG,Sudeste,0.008580152671755725,Baixo,63.91,87.23,0,80.0,-1.2050000000000007,Meta ja atingida,2
Astolfo Dutra - MG,3104601,MG,Sudeste,0.008580152671755725,Baixo,74.88,88.29,0,80.0,-1.3816666666666677,Meta ja atingida,2
Juruaia - MG,3136900,MG,Sudeste,0.008580152671755725,Baixo,78.5,82.69,0,80.0,-0.448333333333333,Meta ja atingida,2
Mercedes - PR,4115853,PR,Sul,0.008580152671755725,Baixo,91.25,93.06,0,80.0,-2.176666666666667,Meta ja atingida,2
Lagoa da Prata - MG,3137205,MG,Sudeste,0.008580152671755725,Baixo,66.18,82.41,0,80.0,-0.4016666666666661,Meta ja atingida,0
Aurora - CE,2301703,CE,Nordeste,0.008580152671755725,Baixo,72.85,73.84,0,80.0,1.0266666666666662,Atinge no ritmo atual,1
Amorinópolis - GO,5200902,GO,Centro-Oeste,0.008174603174603175,Baixo,70.75,80.65,0,80.0,-0.10833333333333428,Meta ja atingida,2
Arceburgo - MG,3104106,MG,Sudeste,0.008174603174603175,Baixo,86.77,82.63,0,80.0,-0.4383333333333326,Meta ja atingida,2
Monte Carmelo - MG,3143104,MG,Sudeste,0.008174603174603175,Baixo,70.23,83.18,0,80.0,-0.5300000000000011,Meta ja atingida,0
Piedade dos Gerais - MG,3150406,MG,Sudeste,0.00805265195509098,Baixo,71.95,83.86,0,80.0,-0.6433333333333332,Meta ja atingida,2
Jerônimo Monteiro - ES,3203106,ES,Sudeste,0.007984496124031007,Baixo,70.14,77.2,0,80.0,0.4666666666666662,Atinge no ritmo atual,2
São José do Calçado - ES,3204807,ES,Sudeste,0.007984496124031007,Baixo,74.52,62.35,0,80.0,2.9416666666666664,Precisa de ate 2x o ritmo,2
São Luís de Montes Belos - GO,5220108,GO,Centro-Oeste,0.007984496124031007,Baixo,66.51,76.27,0,80.0,0.6216666666666674,Atinge no ritmo atual,0
Siqueira Campos - PR,4126603,PR,Sul,0.007984496124031007,Baixo,85.7,82.88,0,80.0,-0.47999999999999926,Meta ja atingida,2
Pacajus - CE,2309607,CE,Nordeste,0.007984496124031007,Baixo,85.7,87.91,0,80.0,-1.3183333333333327,Meta ja atingida,0
Terra Boa - PR,4127205,PR,Sul,0.007945106536655833,Baixo,85.98,89.1,0,80.0,-1.5166666666666657,Meta ja atingida,0
João Neiva - ES,3203130,ES,Sudeste,0.007913486005089058,Baixo,71.84,77.28,0,80.0,0.45333333333333314,Atinge no ritmo atual,0
Santo Antônio do Aventureiro - MG,3160009,MG,Sudeste,0.007913486005089058,Baixo,80.0,45.65,1,80.0,5.7250000000000005,Precisa de mais de 2x o ritmo,2
Crucilândia - MG,3120607,MG,Sudeste,0.007913486005089058,Baixo,81.48,90.23,0,80.0,-1.7050000000000007,Meta ja atingida,2
Simolândia - GO,5220686,GO,Centro-Oeste,0.007913486005089058,Baixo,86.31,77.79,0,80.0,0.3683333333333323,Atinge no ritmo atual,2
Pedra do Indaiá - MG,3148905,MG,Sudeste,0.007913486005089058,Baixo,81.43,100.0,0,80.0,-3.3333333333333335,Meta ja atingida,2
Piraúba - MG,3151305,MG,Sudeste,0.007913486005089058,Baixo,72.98,85.01,0,80.0,-0.8350000000000009,Meta ja atingida,2
Jaboticatubas - MG,3134608,MG,Sudeste,0.007913486005089058,Baixo,69.36,75.36,0,80.0,0.7733333333333334,Atinge no ritmo atual,2
Jati - CE,2307205,CE,Nordeste,0.007913486005089058,Baixo,74.37,77.45,0,80.0,0.42499999999999954,Atinge no ritmo atual,1
Abre Campo - MG,3100302,MG,Sudeste,0.007913486005089058,Baixo,75.68,85.05,0,80.0,-0.8416666666666662,Meta ja atingida,2
Corumbá de Goiás - GO,5205802,GO,Centro-Oeste,0.007622377622377623,Baixo,72.1,80.7,0,80.0,-0.11666666666666714,Meta ja atingida,2
Divinópolis de Goiás - GO,5208301,GO,Centro-Oeste,0.007547169811320755,Baixo,79.91,80.42,0,80.0,-0.07000000000000028,Meta ja atingida,2
Lagoa Santa - GO,5212253,GO,Centro-Oeste,0.007547169811320755,Baixo,80.95,76.19,0,80.0,0.6350000000000003,Atinge no ritmo atual,2
Cruzília - MG,3120805,MG,Sudeste,0.007407407407407407,Baixo,89.61,76.02,0,80.0,0.663333333333334,Atinge no ritmo atual,0
Chaval - CE,2303907,CE,Nordeste,0.007407407407407407,Baixo,75.3,91.5,0,80.0,-1.9166666666666667,Meta ja atingida,1
Itapecerica - MG,3133501,MG,Sudeste,0.007322751545368803,Baixo,77.04,85.54,0,80.0,-0.9233333333333343,Meta ja atingida,2
Boa Viagem - CE,2302404,CE,Nordeste,0.007322751545368803,Baixo,80.04,90.36,0,80.0,-1.7266666666666666,Meta ja atingida,1
Carmo de Minas - MG,3114105,MG,Sudeste,0.007322751545368803,Baixo,61.19,75.57,0,80.0,0.7383333333333345,Atinge no ritmo atual,2
Cabeceiras - GO,5204003,GO,Centro-Oeste,0.007322751545368803,Baixo,69.66,93.81,0,80.0,-2.301666666666667,Meta ja atingida,2
Trindade - GO,5221403,GO,Centro-Oeste,0.007322751545368803,Baixo,66.34,77.21,0,80.0,0.465000000000001,Atinge no ritmo atual,0
Bom Jesus do Galho - MG,3107802,MG,Sudeste,0.007322751545368803,Baixo,74.34,77.48,0,80.0,0.4199999999999993,Atinge no ritmo atual,2
Jussara - PR,4113007,PR,Sul,0.007161174665366069,Baixo,72.27,66.03,0,80.0,2.328333333333333,Atinge no ritmo atual,2
Santa Cruz de Goiás - GO,5219209,GO,Centro-Oeste,0.0070699527010206625,Baixo,72.59,85.78,0,80.0,-0.9633333333333335,Meta ja atingida,2
Barroso - MG,3105905,MG,Sudeste,0.007016513881907692,Baixo,73.7,83.24,0,80.0,-0.5399999999999991,Meta ja atingida,0
Jeceaba - MG,3135407,MG,Sudeste,0.006741573033707865,Baixo,67.57,88.66,0,80.0,-1.4433333333333327,Meta ja atingida,2
Congonhal - MG,3117900,MG,Sudeste,0.006741573033707865,Baixo,73.46,83.44,0,80.0,-0.5733333333333329,Meta ja atingida,2
Potiretama - CE,2311231,CE,Nordeste,0.006741573033707865,Baixo,100.0,97.47,0,80.0,-2.9116666666666666,Meta ja atingida,1
Cambuquira - MG,3110707,MG,Sudeste,0.006741573033707865,Baixo,71.62,81.89,0,80.0,-0.3150000000000001,Meta ja atingida,2
Teixeiras - MG,3168507,MG,Sudeste,0.006185567010309279,Baixo,64.73,71.12,0,80.0,1.4799999999999993,Atinge no ritmo atual,2
Passos - MG,3147907,MG,Sudeste,0.006185567010309279,Baixo,63.73,82.88,0,80.0,-0.47999999999999926,Meta ja atingida,0
Mato Verde - MG,3141009,MG,Sudeste,0.005970149253731343,Baixo,80.6,71.71,0,80.0,1.3816666666666677,Atinge no ritmo atual,2
Japaraíba - MG,3135308,MG,Sudeste,0.0059328780348167996,Baixo,71.03,80.89,0,80.0,-0.14833333333333343,Meta ja atingida,2
Itarana - ES,3202900,ES,Sudeste,0.005714285714285714,Baixo,81.5,82.15,0,80.0,-0.3583333333333343,Meta ja atingida,2
Nova Ponte - MG,3145000,MG,Sudeste,0.005714285714285714,Baixo,72.34,78.86,0,80.0,0.19000000000000009,Atinge no ritmo atual,0
Pancas - ES,3204005,ES,Sudeste,0.005714285714285714,Baixo,80.63,86.3,0,80.0,-1.0499999999999996,Meta ja atingida,2
Ibitirama - ES,3202553,ES,Sudeste,0.005714285714285714,Baixo,73.51,81.82,0,80.0,-0.3033333333333322,Meta ja atingida,2
Umari - CE,2313708,CE,Nordeste,0.005714285714285714,Baixo,87.59,88.49,0,80.0,-1.4149999999999991,Meta ja atingida,1
Santa Margarida - MG,3157906,MG,Sudeste,0.005714285714285714,Baixo,71.98,60.93,0,80.0,3.1783333333333332,Precisa de ate 2x o ritmo,1
Urutaí - GO,5221809,GO,Centro-Oeste,0.005128205128205128,Baixo,78.1,66.86,0,80.0,2.19,Atinge no ritmo atual,2
Alto Horizonte - GO,5200555,GO,Centro-Oeste,0.005128205128205128,Baixo,66.64,72.47,0,80.0,1.2550000000000001,Atinge no ritmo atual,2
Itumbiara - GO,5211503,GO,Centro-Oeste,0.005128205128205128,Baixo,69.78,74.44,0,80.0,0.9266666666666671,Atinge no ritmo atual,0
Carandaí - MG,3113206,MG,Sudeste,0.005128205128205128,Baixo,74.88,82.73,0,80.0,-0.4550000000000007,Meta ja atingida,0
Alfredo Chaves - ES,3200300,ES,Sudeste,0.005128205128205128,Baixo,74.51,87.55,0,80.0,-1.2583333333333329,Meta ja atingida,2
Santa Rosa de Goiás - GO,5219506,GO,Centro-Oeste,0.005128205128205128,Baixo,80.22,100.0,0,80.0,-3.3333333333333335,Meta ja atingida,2
Capistrano - CE,2302909,CE,Nordeste,0.005128205128205128,Baixo,77.64,87.35,0,80.0,-1.224999999999999,Meta ja atingida,1
Rialma - GO,5218607,GO,Centro-Oeste,0.005128205128205128,Baixo,68.21,97.03,0,80.0,-2.8383333333333334,Meta ja atingida,0
Pires do Rio - GO,5217401,GO,Centro-Oeste,0.005128205128205128,Baixo,67.36,80.88,0,80.0,-0.14666666666666592,Meta ja atingida,0
Santa Maria do Suaçuí - MG,3158201,MG,Sudeste,0.005128205128205128,Baixo,74.18,83.52,0,80.0,-0.586666666666666,Meta ja atingida,1
Graça - CE,2304657,CE,Nordeste,0.005,Baixo,98.41,100.0,0,80.0,-3.3333333333333335,Meta ja atingida,1
Morrinhos - CE,2308906,CE,Nordeste,0.005,Baixo,98.9,97.77,0,80.0,-2.961666666666666,Meta ja atingida,1
Belo Vale - MG,3106408,MG,Sudeste,0.005,Baixo,93.05,97.32,0,80.0,-2.8866666666666654,Meta ja atingida,2
Aloândia - GO,5200506,GO,Centro-Oeste,0.005,Baixo,94.15,90.91,0,80.0,-1.8183333333333327,Meta ja atingida,2
Itapajé - CE,2306306,CE,Nordeste,0.004878048780487805,Baixo,90.68,89.55,0,80.0,-1.5916666666666661,Meta ja atingida,1
Carmo do Paranaíba - MG,3114303,MG,Sudeste,0.004878048780487805,Baixo,70.91,86.35,0,80.0,-1.0583333333333325,Meta ja atingida,0
Moraújo - CE,2308807,CE,Nordeste,0.004758648981266237,Baixo,98.91,92.86,0,80.0,-2.143333333333333,Meta ja atingida,1
São Carlos do Ivaí - PR,4124608,PR,Sul,0.004758648981266237,Baixo,78.29,73.36,0,80.0,1.1066666666666667,Atinge no ritmo atual,2
Arneiroz - CE,2301505,CE,Nordeste,0.004758648981266237,Baixo,73.64,76.0,0,80.0,0.6666666666666666,Atinge no ritmo atual,1
Santo Antônio do Monte - MG,3160405,MG,Sudeste,0.004758648981266237,Baixo,82.37,81.35,0,80.0,-0.22499999999999906,Meta ja atingida,0
Tamboril - CE,2313203,CE,Nordeste,0.004758648981266237,Baixo,97.16,98.31,0,80.0,-3.051666666666667,Meta ja atingida,1
Baependi - MG,3104908,MG,Sudeste,0.004758648981266237,Baixo,70.29,77.43,0,80.0,0.4283333333333322,Atinge no ritmo atual,2
Itatiaiuçu - MG,3133709,MG,Sudeste,0.004758648981266237,Baixo,72.09,79.41,0,80.0,0.0983333333333339,Atinge no ritmo atual,2
Antônio Carlos - MG,3102902,MG,Sudeste,0.004758648981266237,Baixo,72.16,71.47,0,80.0,1.4216666666666669,Atinge no ritmo atual,2
Mombaça - CE,2308500,CE,Nordeste,0.004758648981266237,Baixo,93.52,93.51,0,80.0,-2.2516666666666674,Meta ja atingida,1
Vila Boa - GO,5222203,GO,Centro-Oeste,0.004580152671755725,Baixo,83.76,78.69,0,80.0,0.2183333333333337,Atinge no ritmo atual,2
Itarumã - GO,5211305,GO,Centro-Oeste,0.004545454545454545,Baixo,76.72,83.26,0,80.0,-0.5433333333333342,Meta ja atingida,2
Jesúpolis - GO,5212055,GO,Centro-Oeste,0.004505850136918098,Baixo,100.0,100.0,0,80.0,-3.3333333333333335,Meta ja atingida,2
Céu Azul - PR,4105300,PR,Sul,0.004,Baixo,81.6,84.56,0,80.0,-0.7600000000000003,Meta ja atingida,0
Guaiúba - CE,2304954,CE,Nordeste,0.004,Baixo,72.74,79.83,0,80.0,0.028333333333333616,Atinge no ritmo atual,1
Colatina - ES,3201506,ES,Sudeste,0.004,Baixo,74.65,78.24,0,80.0,0.29333333333333417,Atinge no ritmo atual,0
Miraí - MG,3142205,MG,Sudeste,0.004,Baixo,94.17,78.13,0,80.0,0.3116666666666674,Atinge no ritmo atual,2
Conceição de Ipanema - MG,3117405,MG,Sudeste,0.004,Baixo,90.0,74.88,0,80.0,0.853333333333334,Atinge no ritmo atual,2
Carmo do Cajuru - MG,3114204,MG,Sudeste,0.004,Baixo,67.21,72.37,0,80.0,1.2716666666666658,Atinge no ritmo atual,0
Três Ranchos - GO,5221304,GO,Centro-Oeste,0.004,Baixo,79.46,84.05,0,80.0,-0.6749999999999995,Meta ja atingida,2
Irati - PR,4110706,PR,Sul,0.004,Baixo,82.74,88.31,0,80.0,-1.3850000000000005,Meta ja atingida,0
São José da Barra - MG,3162948,MG,Sudeste,0.004,Baixo,85.61,75.22,0,80.0,0.7966666666666669,Atinge no ritmo atual,2
Santa Cruz de Monte Castelo - PR,4123303,PR,Sul,0.004,Baixo,85.79,59.1,1,80.0,3.483333333333333,Precisa de ate 2x o ritmo,2
São Domingos do Norte - ES,3204658,ES,Sudeste,0.004,Baixo,88.07,84.74,0,80.0,-0.7899999999999991,Meta ja atingida,2
Dois Vizinhos - PR,4107207,PR,Sul,0.004,Baixo,83.75,82.56,0,80.0,-0.426666666666667,Meta ja atingida,0
Indianópolis - PR,4110409,PR,Sul,0.004,Baixo,80.01,69.81,0,80.0,1.698333333333333,Atinge no ritmo atual,2
Caeté - MG,3110004,MG,Sudeste,0.004,Baixo,73.48,70.95,0,80.0,1.5083333333333329,Atinge no ritmo atual,0
Nova Aurora - PR,4116703,PR,Sul,0.004,Baixo,82.25,74.99,0,80.0,0.8350000000000009,Atinge no ritmo atual,0
Pimenta - MG,3150505,MG,Sudeste,0.003903245920177105,Baixo,72.81,94.39,0,80.0,-2.3983333333333334,Meta ja atingida,2
Vila Propício - GO,5222302,GO,Centro-Oeste,0.003333333333333333,Baixo,74.44,79.46,0,80.0,0.09000000000000104,Atinge no ritmo atual,2
Areado - MG,3104304,MG,Sudeste,0.003333333333333333,Baixo,70.75,88.09,0,80.0,-1.3483333333333338,Meta ja atingida,2
Marilândia - ES,3203353,ES,Sudeste,0.003333333333333333,Baixo,78.51,78.31,0,80.0,0.2816666666666663,Atinge no ritmo atual,2
Senador Sá - CE,2312809,CE,Nordeste,0.003333333333333333,Baixo,99.07,99.12,0,80.0,-3.1866666666666674,Meta ja atingida,1
Aracoiaba - CE,2301208,CE,Nordeste,0.003333333333333333,Baixo,87.25,90.87,0,80.0,-1.8116666666666674,Meta ja atingida,1
Córrego do Bom Jesus - MG,3119906,MG,Sudeste,0.003333333333333333,Baixo,73.8,100.0,0,80.0,-3.3333333333333335,Meta ja atingida,2
Professor Jamil - GO,5218391,GO,Centro-Oeste,0.003333333333333333,Baixo,81.62,77.25,0,80.0,0.4583333333333333,Atinge no ritmo atual,2
Conceição da Barra - ES,3201605,ES,Sudeste,0.003333333333333333,Baixo,74.32,67.91,0,80.0,2.0150000000000006,Atinge no ritmo atual,0
Altaneira - CE,2300606,CE,Nordeste,0.003333333333333333,Baixo,100.0,88.52,0,80.0,-1.4199999999999993,Meta ja atingida,1
Milhã - CE,2308351,CE,Nordeste,0.003333333333333333,Baixo,100.0,97.92,0,80.0,-2.986666666666667,Meta ja atingida,1
Brasília de Minas - MG,3108602,MG,Sudeste,0.003333333333333333,Baixo,74.46,76.3,0,80.0,0.6166666666666671,Atinge no ritmo atual,2
Russas - CE,2311801,CE,Nordeste,0.003333333333333333,Baixo,92.93,94.59,0,80.0,-2.431666666666667,Meta ja atingida,0
Claraval - MG,3116407,MG,Sudeste,0.003333333333333333,Baixo,74.97,84.7,0,80.0,-0.7833333333333338,Meta ja atingida,2
Cariré - CE,2303105,CE,Nordeste,0.003333333333333333,Baixo,99.57,98.77,0,80.0,-3.1283333333333325,Meta ja atingida,1
Santa Rita de Caldas - MG,3159209,MG,Sudeste,0.003333333333333333,Baixo,82.22,92.49,0,80.0,-2.0816666666666657,Meta ja atingida,2
Ipaumirim - CE,2305704,CE,Nordeste,0.003333333333333333,Baixo,87.85,88.89,0,80.0,-1.4816666666666667,Meta ja atingida,1
Conceição da Aparecida - MG,3117108,MG,Sudeste,0.003333333333333333,Baixo,70.87,78.53,0,80.0,0.2449999999999998,Atinge no ritmo atual,2
Ibiapina - CE,2305308,CE,Nordeste,0.003333333333333333,Baixo,94.97,97.38,0,80.0,-2.896666666666666,Meta ja atingida,1
Nova Russas - CE,2309300,CE,Nordeste,0.003333333333333333,Baixo,96.69,99.64,0,80.0,-3.2733333333333334,Meta ja atingida,1
Barroquinha - CE,2302057,CE,Nordeste,0.003333333333333333,Baixo,96.36,95.7,0,80.0,-2.616666666666667,Meta ja atingida,1
Cássia - MG,3115102,MG,Sudeste,0.003333333333333333,Baixo,71.94,77.7,0,80.0,0.38333333333333286,Atinge no ritmo atual,2
Carnaubal - CE,2303402,CE,Nordeste,0.003333333333333333,Baixo,87.03,83.8,0,80.0,-0.6333333333333329,Meta ja atingida,1
Itaiçaba - CE,2306207,CE,Nordeste,0.003333333333333333,Baixo,91.32,96.74,0,80.0,-2.789999999999999,Meta ja atingida,1
Tianguá - CE,2313401,CE,Nordeste,0.003333333333333333,Baixo,84.36,86.1,0,80.0,-1.0166666666666657,Meta ja atingida,1
Tururu - CE,2313559,CE,Nordeste,0.003333333333333333,Baixo,89.24,95.29,0,80.0,-2.5483333333333342,Meta ja atingida,1
Camocim - CE,2302602,CE,Nordeste,0.003333333333333333,Baixo,94.5,94.08,0,80.0,-2.3466666666666662,Meta ja atingida,1
Domingos Martins - ES,3201902,ES,Sudeste,0.003333333333333333,Baixo,80.92,82.13,0,80.0,-0.35499999999999926,Meta ja atingida,2
Dores do Rio Preto - ES,3202009,ES,Sudeste,0.003333333333333333,Baixo,84.32,81.34,0,80.0,-0.2233333333333339,Meta ja atingida,2
São Patrício - GO,5220280,GO,Centro-Oeste,0.003333333333333333,Baixo,89.17,86.36,0,80.0,-1.0599999999999998,Meta ja atingida,2
Passa Quatro - MG,3147600,MG,Sudeste,0.003333333333333333,Baixo,85.98,80.38,0,80.0,-0.06333333333333258,Meta ja atingida,0
Jardim - CE,2307106,CE,Nordeste,0.003333333333333333,Baixo,77.88,70.8,0,80.0,1.5333333333333339,Atinge no ritmo atual,1
Paracuru - CE,2310209,CE,Nordeste,0.003333333333333333,Baixo,94.86,95.08,0,80.0,-2.513333333333333,Meta ja atingida,1
Frecheirinha - CE,2304509,CE,Nordeste,0.003333333333333333,Baixo,99.67,98.18,0,80.0,-3.030000000000001,Meta ja atingida,1
Senador Pompeu - CE,2312700,CE,Nordeste,0.003333333333333333,Baixo,100.0,98.44,0,80.0,-3.073333333333333,Meta ja atingida,1
Gouveia - MG,3127602,MG,Sudeste,0.003333333333333333,Baixo,74.24,91.11,0,80.0,-1.8516666666666666,Meta ja atingida,2
Boa Esperança - ES,3201001,ES,Sudeste,0.003333333333333333,Baixo,76.37,85.45,0,80.0,-0.9083333333333338,Meta ja atingida,2
Abaiara - CE,2300101,CE,Nordeste,0.003333333333333333,Baixo,88.3,91.49,0,80.0,-1.9149999999999991,Meta ja atingida,1
Morada Nova - CE,2308708,CE,Nordeste,0.003333333333333333,Baixo,71.96,76.09,0,80.0,0.6516666666666661,Atinge no ritmo atual,1
Aracati - CE,2301109,CE,Nordeste,0.003333333333333333,Baixo,89.12,91.16,0,80.0,-1.8599999999999994,Meta ja atingida,1
Pedra Branca - CE,2310506,CE,Nordeste,0.003333333333333333,Baixo,99.44,99.7,0,80.0,-3.2833333333333337,Meta ja atingida,1
Iracema - CE,2306009,CE,Nordeste,0.003333333333333333,Baixo,98.61,84.18,0,80.0,-0.6966666666666678,Meta ja atingida,1
Mucambo - CE,2309003,CE,Nordeste,0.003333333333333333,Baixo,97.92,98.82,0,80.0,-3.1366666666666654,Meta ja atingida,1
Anápolis - GO,5201108,GO,Centro-Oeste,0.003333333333333333,Baixo,72.06,73.22,0,80.0,1.1300000000000001,Atinge no ritmo atual,0
Solonópole - CE,2313005,CE,Nordeste,0.003333333333333333,Baixo,98.1,98.96,0,80.0,-3.159999999999999,Meta ja atingida,1
Maranguape - CE,2307700,CE,Nordeste,0.003333333333333333,Baixo,79.76,81.66,0,80.0,-0.2766666666666661,Meta ja atingida,0
Mundo Novo - GO,5214051,GO,Centro-Oeste,0.003187849132505711,Baixo,96.18,94.04,0,80.0,-2.340000000000001,Meta ja atingida,2
Icó - CE,2305407,CE,Nordeste,0.0031746031746031746,Baixo,80.08,75.41,0,80.0,0.7650000000000006,Atinge no ritmo atual,1
Itapipoca - CE,2306405,CE,Nordeste,0.0031746031746031746,Baixo,84.81,88.58,0,80.0,-1.4299999999999997,Meta ja atingida,1
Itaú de Minas - MG,3133758,MG,Sudeste,0.0031746031746031746,Baixo,74.33,89.46,0,80.0,-1.5766666666666656,Meta ja atingida,0
Buriti Alegre - GO,5203906,GO,Centro-Oeste,0.0031746031746031746,Baixo,69.02,64.95,0,80.0,2.508333333333333,Atinge no ritmo atual,2
Catalão - GO,5205109,GO,Centro-Oeste,0.0031746031746031746,Baixo,64.88,76.88,0,80.0,0.5200000000000008,Atinge no ritmo atual,0
Mallet - PR,4113908,PR,Sul,0.0031746031746031746,Baixo,82.55,87.79,0,80.0,-1.2983333333333344,Meta ja atingida,2
São Sebastião da Amoreira - PR,4126009,PR,Sul,0.0031746031746031746,Baixo,82.79,87.77,0,80.0,-1.2949999999999993,Meta ja atingida,2
Barbalha - CE,2301901,CE,Nordeste,0.0031746031746031746,Baixo,85.38,87.92,0,80.0,-1.3200000000000003,Meta ja atingida,0
Aratuba - CE,2301406,CE,Nordeste,0.0031746031746031746,Baixo,83.04,80.42,0,80.0,-0.07000000000000028,Meta ja atingida,1
Mandaguari - PR,4114203,PR,Sul,0.0031746031746031746,Baixo,85.06,81.53,0,80.0,-0.25500000000000017,Meta ja atingida,0
Tejuçuoca - CE,2313351,CE,Nordeste,0.0031746031746031746,Baixo,85.37,80.16,0,80.0,-0.0266666666666661,Meta ja atingida,1
Pitangui - MG,3151404,MG,Sudeste,0.0031746031746031746,Baixo,74.72,78.71,0,80.0,0.21500000000000105,Atinge no ritmo atual,0
Bandeira do Sul - MG,3105301,MG,Sudeste,0.0031746031746031746,Baixo,73.41,94.51,0,80.0,-2.4183333333333343,Meta ja atingida,2
Amaralina - GO,5200829,GO,Centro-Oeste,0.0031746031746031746,Baixo,84.23,89.83,0,80.0,-1.638333333333333,Meta ja atingida,2
Apuiarés - CE,2300903,CE,Nordeste,0.0031746031746031746,Baixo,80.8,74.45,0,80.0,0.9249999999999995,Atinge no ritmo atual,1
Chalé - MG,3116001,MG,Sudeste,0.0031746031746031746,Baixo,72.97,66.0,0,80.0,2.3333333333333335,Atinge no ritmo atual,2
Amontada - CE,2300754,CE,Nordeste,0.0031746031746031746,Baixo,83.0,82.28,0,80.0,-0.38000000000000017,Meta ja atingida,1
Carmo da Mata - MG,3114006,MG,Sudeste,0.0031746031746031746,Baixo,79.05,68.1,0,80.0,1.9833333333333343,Atinge no ritmo atual,2
Verê - PR,4128609,PR,Sul,0.0031746031746031746,Baixo,81.02,67.29,0,80.0,2.1183333333333323,Atinge no ritmo atual,2
Guaraíta - GO,5209291,GO,Centro-Oeste,0.003076923076923077,Baixo,72.59,95.32,0,80.0,-2.5533333333333323,Meta ja atingida,2
Carmópolis de Minas - MG,3114501,MG,Sudeste,0.0028169014084507044,Baixo,76.93,81.68,0,80.0,-0.28000000000000114,Meta ja atingida,2
Piquet Carneiro - CE,2310902,CE,Nordeste,0.002743640353666918,Baixo,100.0,100.0,0,80.0,-3.3333333333333335,Meta ja atingida,1
Nova Venécia - ES,3203908,ES,Sudeste,0.0020245354361913704,Baixo,82.95,83.55,0,80.0,-0.5916666666666662,Meta ja atingida,0
Trairi - CE,2313500,CE,Nordeste,0.001941747572815534,Baixo,89.87,91.78,0,80.0,-1.9633333333333336,Meta ja atingida,1
Madalena - CE,2307635,CE,Nordeste,0.001941747572815534,Baixo,97.67,95.31,0,80.0,-2.551666666666667,Meta ja atingida,1
Independência - CE,2305605,CE,Nordeste,0.001941747572815534,Baixo,98.8,98.62,0,80.0,-3.103333333333334,Meta ja atingida,1
São João do Jaguaribe - CE,2312502,CE,Nordeste,0.001941747572815534,Baixo,79.82,95.98,0,80.0,-2.663333333333334,Meta ja atingida,1
Monsenhor Tabosa - CE,2308609,CE,Nordeste,0.001941747572815534,Baixo,96.7,97.2,0,80.0,-2.866666666666667,Meta ja atingida,1
Cruz - CE,2304251,CE,Nordeste,0.001941747572815534,Baixo,99.53,98.93,0,80.0,-3.155000000000001,Meta ja atingida,1
Guaraciaba do Norte - CE,2305001,CE,Nordeste,0.001941747572815534,Baixo,98.55,95.65,0,80.0,-2.6083333333333343,Meta ja atingida,1
Guaramiranga - CE,2305100,CE,Nordeste,0.001941747572815534,Baixo,91.67,95.86,0,80.0,-2.643333333333333,Meta ja atingida,1
Castelândia - GO,5205059,GO,Centro-Oeste,0.001941747572815534,Baixo,80.99,91.3,0,80.0,-1.8833333333333329,Meta ja atingida,2
Cascavel - CE,2303501,CE,Nordeste,0.001941747572815534,Baixo,87.56,82.6,0,80.0,-0.4333333333333324,Meta ja atingida,1
Icapuí - CE,2305357,CE,Nordeste,0.001941747572815534,Baixo,82.16,76.34,0,80.0,0.6099999999999994,Atinge no ritmo atual,1
Campo Belo - MG,3111200,MG,Sudeste,0.001753809237695554,Baixo,69.49,85.57,0,80.0,-0.9283333333333322,Meta ja atingida,0
São Domingos das Dores - MG,3160959,MG,Sudeste,0.0007736466564866639,Baixo,90.7,93.62,0,80.0,-2.270000000000001,Meta ja atingida,2
Banabuiú - CE,2301851,CE,Nordeste,0.0006699824643476982,Baixo,80.28,76.25,0,80.0,0.625,Atinge no ritmo atual,1
Fazenda Nova - GO,5207600,GO,Centro-Oeste,0.00012561164842760528,Baixo,96.67,100.0,0,80.0,-3.3333333333333335,Meta ja atingida,2
Jaguaretama - CE,2306702,CE,Nordeste,0.0,Baixo,94.68,93.66,0,80.0,-2.276666666666666,Meta ja atingida,1
Damolândia - GO,5206800,GO,Centro-Oeste,0.0,Baixo,93.21,97.08,0,80.0,-2.8466666666666662,Meta ja atingida,2
Groaíras - CE,2304905,CE,Nordeste,0.0,Baixo,99.15,96.95,0,80.0,-2.8250000000000006,Meta ja atingida,1
Leopoldo de Bulhões - GO,5212303,GO,Centro-Oeste,0.0,Baixo,77.67,75.41,0,80.0,0.7650000000000006,Atinge no ritmo atual,2
Barro Alto - GO,5203203,GO,Centro-Oeste,0.0,Baixo,80.55,77.88,0,80.0,0.3533333333333341,Atinge no ritmo atual,2
Santa Terezinha de Goiás - GO,5219704,GO,Centro-Oeste,0.0,Baixo,84.75,96.08,0,80.0,-2.6799999999999997,Meta ja atingida,2
Ibicuitinga - CE,2305332,CE,Nordeste,0.0,Baixo,96.13,96.67,0,80.0,-2.7783333333333338,Meta ja atingida,1
Pereiro - CE,2310803,CE,Nordeste,0.0,Baixo,95.85,93.44,0,80.0,-2.2399999999999998,Meta ja atingida,1
Farias Brito - CE,2304301,CE,Nordeste,0.0,Baixo,98.01,96.0,0,80.0,-2.6666666666666665,Meta ja atingida,1
Alfredo Vasconcelos - MG,3101631,MG,Sudeste,0.0,Baixo,72.01,78.08,0,80.0,0.3200000000000003,Atinge no ritmo atual,2
Pacujá - CE,2309904,CE,Nordeste,0.0,Baixo,97.88,100.0,0,80.0,-3.3333333333333335,Meta ja atingida,1
Nazário - GO,5214408,GO,Centro-Oeste,0.0,Baixo,79.0,83.94,0,80.0,-0.6566666666666663,Meta ja atingida,2
Marzagão - GO,5212907,GO,Centro-Oeste,0.0,Baixo,92.15,83.33,0,80.0,-0.5549999999999997,Meta ja atingida,2
Itauçu - GO,5211404,GO,Centro-Oeste,0.0,Baixo,96.95,94.51,0,80.0,-2.4183333333333343,Meta ja atingida,2
Salinas - MG,3157005,MG,Sudeste,0.0,Baixo,71.98,77.17,0,80.0,0.4716666666666664,Atinge no ritmo atual,0
Acarape - CE,2300150,CE,Nordeste,0.0,Baixo,78.14,81.21,0,80.0,-0.20166666666666563,Meta ja atingida,1
São Luiz do Norte - GO,5220157,GO,Centro-Oeste,0.0,Baixo,75.36,85.76,0,80.0,-0.9600000000000009,Meta ja atingida,2
Carmo do Rio Verde - GO,5205000,GO,Centro-Oeste,0.0,Baixo,78.85,85.78,0,80.0,-0.9633333333333335,Meta ja atingida,2
Marco - CE,2307809,CE,Nordeste,0.0,Baixo,94.18,96.66,0,80.0,-2.776666666666666,Meta ja atingida,1
Santana do Cariri - CE,2312106,CE,Nordeste,0.0,Baixo,89.48,96.45,0,80.0,-2.741666666666667,Meta ja atingida,1
Baturité - CE,2302107,CE,Nordeste,0.0,Baixo,77.86,86.78,0,80.0,-1.1300000000000001,Meta ja atingida,1
Santa Fé de Goiás - GO,5219258,GO,Centro-Oeste,0.0,Baixo,76.89,92.78,0,80.0,-2.1300000000000003,Meta ja atingida,2
Itaguaru - GO,5210604,GO,Centro-Oeste,0.0,Baixo,81.65,89.89,0,80.0,-1.6483333333333334,Meta ja atingida,2
Porteirão - GO,5218052,GO,Centro-Oeste,0.0,Baixo,83.88,75.38,0,80.0,0.7700000000000008,Atinge no ritmo atual,2
Novo Brasil - GO,5215207,GO,Centro-Oeste,0.0,Baixo,84.09,54.84,1,80.0,4.1933333333333325,Precisa de ate 2x o ritmo,2
Ereré - CE,2304277,CE,Nordeste,0.0,Baixo,98.58,95.0,0,80.0,-2.5,Meta ja atingida,1
Niquelândia - GO,5214606,GO,Centro-Oeste,0.0,Baixo,72.84,80.22,0,80.0,-0.03666666666666648,Meta ja atingida,0
Jijoca de Jericoacoara - CE,2307254,CE,Nordeste,0.0,Baixo,99.76,98.03,0,80.0,-3.0050000000000003,Meta ja atingida,1
Jaguaribara - CE,2306801,CE,Nordeste,0.0,Baixo,89.41,93.88,0,80.0,-2.3133333333333326,Meta ja atingida,1
Reriutaba - CE,2311702,CE,Nordeste,0.0,Baixo,99.52,98.5,0,80.0,-3.0833333333333335,Meta ja atingida,1
General Sampaio - CE,2304608,CE,Nordeste,0.0,Baixo,94.2,97.65,0,80.0,-2.9416666666666678,Meta ja atingida,1
Brejo Santo - CE,2302503,CE,Nordeste,0.0,Baixo,93.05,95.4,0,80.0,-2.5666666666666678,Meta ja atingida,1
Goianápolis - GO,5208400,GO,Centro-Oeste,0.0,Baixo,74.4,68.02,0,80.0,1.9966666666666673,Atinge no ritmo atual,2
Baixio - CE,2301802,CE,Nordeste,0.0,Baixo,97.63,91.67,0,80.0,-1.9450000000000003,Meta ja atingida,1
Porteiras - CE,2311108,CE,Nordeste,0.0,Baixo,93.46,92.09,0,80.0,-2.0150000000000006,Meta ja atingida,1
Itapiúna - CE,2306504,CE,Nordeste,0.0,Baixo,96.14,92.57,0,80.0,-2.094999999999999,Meta ja atingida,1
Iporá - GO,5210208,GO,Centro-Oeste,0.0,Baixo,78.36,83.04,0,80.0,-0.5066666666666677,Meta ja atingida,0
Cabo Verde - MG,3109501,MG,Sudeste,0.0,Baixo,71.99,86.58,0,80.0,-1.0966666666666665,Meta ja atingida,2
Avelinópolis - GO,5202809,GO,Centro-Oeste,0.0,Baixo,71.44,100.0,0,80.0,-3.3333333333333335,Meta ja atingida,2
Britânia - GO,5203807,GO,Centro-Oeste,0.0,Baixo,82.04,92.82,0,80.0,-2.1366666666666654,Meta ja atingida,2
Jaguaribe - CE,2306900,CE,Nordeste,0.0,Baixo,85.97,89.25,0,80.0,-1.5416666666666667,Meta ja atingida,1
Beberibe - CE,2302206,CE,Nordeste,0.0,Baixo,78.11,81.6,0,80.0,-0.2666666666666657,Meta ja atingida,1
São Roque do Canaã - ES,3204955,ES,Sudeste,0.0,Baixo,76.86,89.65,0,80.0,-1.6083333333333343,Meta ja atingida,2
Vianópolis - GO,5222005,GO,Centro-Oeste,0.0,Baixo,89.04,89.5,0,80.0,-1.5833333333333333,Meta ja atingida,2
Campinorte - GO,5204706,GO,Centro-Oeste,0.0,Baixo,73.78,81.71,0,80.0,-0.284999999999999,Meta ja atingida,2
Anicuns - GO,5201306,GO,Centro-Oeste,0.0,Baixo,92.26,98.09,0,80.0,-3.0150000000000006,Meta ja atingida,0
Santa Quitéria - CE,2312205,CE,Nordeste,0.0,Baixo,98.21,95.08,0,80.0,-2.513333333333333,Meta ja atingida,1
Ipu - CE,2305803,CE,Nordeste,0.0,Baixo,94.21,86.66,0,80.0,-1.1099999999999994,Meta ja atingida,1
Campo Alegre de Goiás - GO,5204805,GO,Centro-Oeste,0.0,Baixo,79.9,77.6,0,80.0,0.40000000000000097,Atinge no ritmo atual,2
Maurilândia - GO,5213004,GO,Centro-Oeste,0.0,Baixo,78.46,83.79,0,80.0,-0.6316666666666677,Meta ja atingida,2
Turvânia - GO,5221502,GO,Centro-Oeste,0.0,Baixo,72.58,80.7,0,80.0,-0.11666666666666714,Meta ja atingida,2
Orizona - GO,5215306,GO,Centro-Oeste,0.0,Baixo,86.48,77.75,0,80.0,0.375,Atinge no ritmo atual,2
Inaciolândia - GO,5209937,GO,Centro-Oeste,0.0,Baixo,76.2,87.01,0,80.0,-1.1683333333333341,Meta ja atingida,2
Canindé - CE,2302800,CE,Nordeste,0.0,Baixo,96.87,94.95,0,80.0,-2.491666666666667,Meta ja atingida,1
Coreaú - CE,2304004,CE,Nordeste,0.0,Baixo,100.0,100.0,0,80.0,-3.3333333333333335,Meta ja atingida,1
Abadiânia - GO,5200100,GO,Centro-Oeste,0.0,Baixo,78.96,79.39,0,80.0,0.10166666666666657,Atinge no ritmo atual,2
Guaçuí - ES,3202306,ES,Sudeste,0.0,Baixo,74.04,76.71,0,80.0,0.5483333333333343,Atinge no ritmo atual,0
Itanhandu - MG,3133105,MG,Sudeste,0.0,Baixo,73.87,79.94,0,80.0,0.010000000000000378,Atinge no ritmo atual,0
Quixeramobim - CE,2311405,CE,Nordeste,0.0,Baixo,98.53,98.76,0,80.0,-3.1266666666666674,Meta ja atingida,1
São Benedito - CE,2312304,CE,Nordeste,0.0,Baixo,96.53,95.1,0,80.0,-2.5166666666666657,Meta ja atingida,1
Cocalzinho de Goiás - GO,5205513,GO,Centro-Oeste,0.0,Baixo,79.53,88.6,0,80.0,-1.4333333333333325,Meta ja atingida,2
Silvânia - GO,5220603,GO,Centro-Oeste,0.0,Baixo,86.01,91.2,0,80.0,-1.8666666666666671,Meta ja atingida,2
Palminópolis - GO,5215900,GO,Centro-Oeste,0.0,Baixo,89.15,82.81,0,80.0,-0.4683333333333337,Meta ja atingida,2
Deputado Irapuan Pinheiro - CE,2304269,CE,Nordeste,0.0,Baixo,98.65,98.82,0,80.0,-3.1366666666666654,Meta ja atingida,1
Caldazinha - GO,5204557,GO,Centro-Oeste,0.0,Baixo,72.02,60.87,0,80.0,3.188333333333334,Precisa de ate 2x o ritmo,2
Hidrolina - GO,5209804,GO,Centro-Oeste,0.0,Baixo,68.26,72.5,0,80.0,1.25,Atinge no ritmo atual,2
Ubajara - CE,2313609,CE,Nordeste,0.0,Baixo,96.98,95.13,0,80.0,-2.521666666666666,Meta ja atingida,1
Nova Veneza - GO,5215009,GO,Centro-Oeste,0.0,Baixo,86.43,76.22,0,80.0,0.6300000000000002,Atinge no ritmo atual,2
Soledade de Minas - MG,3167806,MG,Sudeste,0.0,Baixo,73.12,88.35,0,80.0,-1.3916666666666657,Meta ja atingida,2
Senhora de Oliveira - MG,3166006,MG,Sudeste,0.0,Baixo,79.29,86.42,0,80.0,-1.0700000000000003,Meta ja atingida,2
Tauá - CE,2313302,CE,Nordeste,0.0,Baixo,87.18,92.01,0,80.0,-2.0016666666666674,Meta ja atingida,1
Paraipaba - CE,2310258,CE,Nordeste,0.0,Baixo,98.24,93.78,0,80.0,-2.296666666666667,Meta ja atingida,1
São Miguel do Passa Quatro - GO,5220264,GO,Centro-Oeste,0.0,Baixo,81.95,67.1,0,80.0,2.150000000000001,Atinge no ritmo atual,2
Jucás - CE,2307403,CE,Nordeste,0.0,Baixo,86.69,90.28,0,80.0,-1.7133333333333336,Meta ja atingida,1
Rianápolis - GO,5218706,GO,Centro-Oeste,0.0,Baixo,76.56,100.0,0,80.0,-3.3333333333333335,Meta ja atingida,2
Paranaiguara - GO,5216304,GO,Centro-Oeste,0.0,Baixo,85.71,97.01,0,80.0,-2.835000000000001,Meta ja atingida,2
Santo Antônio da Barra - GO,5219712,GO,Centro-Oeste,0.0,Baixo,82.48,91.64,0,80.0,-1.9400000000000002,Meta ja atingida,2
Assaré - CE,2301604,CE,Nordeste,0.0,Baixo,90.73,98.08,0,80.0,-3.013333333333333,Meta ja atingida,1
Itapaci - GO,5210901,GO,Centro-Oeste,0.0,Baixo,78.84,85.28,0,80.0,-0.8800000000000002,Meta ja atingida,0
Pentecoste - CE,2310704,CE,Nordeste,0.0,Baixo,93.06,91.29,0,80.0,-1.8816666666666677,Meta ja atingida,1
Jaboti - PR,4111704,PR,Sul,0.0,Baixo,82.7,73.86,0,80.0,1.0233333333333334,Atinge no ritmo atual,2
Perdões - MG,3149903,MG,Sudeste,0.0,Baixo,71.24,79.12,0,80.0,0.14666666666666592,Atinge no ritmo atual,0
Palmácia - CE,2310100,CE,Nordeste,0.0,Baixo,98.68,94.31,0,80.0,-2.3850000000000002,Meta ja atingida,1
Uruaçu - GO,5221601,GO,Centro-Oeste,0.0,Baixo,70.42,77.83,0,80.0,0.36166666666666697,Atinge no ritmo atual,0
Minaçu - GO,5213087,GO,Centro-Oeste,0.0,Baixo,75.66,81.44,0,80.0,-0.23999999999999963,Meta ja atingida,0
Vermelho Novo - MG,3171154,MG,Sudeste,0.0,Baixo,73.55,81.82,0,80.0,-0.3033333333333322,Meta ja atingida,2
Sanclerlândia - GO,5219001,GO,Centro-Oeste,0.0,Baixo,78.09,91.82,0,80.0,-1.9699999999999989,Meta ja atingida,2
Ipaporanga - CE,2305654,CE,Nordeste,0.0,Baixo,97.47,99.16,0,80.0,-3.193333333333333,Meta ja atingida,1
Portelândia - GO,5218102,GO,Centro-Oeste,0.0,Baixo,71.68,76.08,0,80.0,0.6533333333333337,Atinge no ritmo atual,2
Sobral - CE,2312908,CE,Nordeste,0.0,Baixo,98.74,98.58,0,80.0,-3.0966666666666662,Meta ja atingida,0
Adelândia - GO,5200159,GO,Centro-Oeste,0.0,Baixo,80.95,81.99,0,80.0,-0.33166666666666583,Meta ja atingida,2
Cachoeira Alta - GO,5204102,GO,Centro-Oeste,0.0,Baixo,73.19,78.35,0,80.0,0.27500000000000097,Atinge no ritmo atual,2
Araçu - GO,5201603,GO,Centro-Oeste,0.0,Baixo,77.27,93.21,0,80.0,-2.2016666666666658,Meta ja atingida,2
Itapuranga - GO,5211206,GO,Centro-Oeste,0.0,Baixo,81.61,85.1,0,80.0,-0.8499999999999991,Meta ja atingida,0
Antonina do Norte - CE,2300804,CE,Nordeste,0.0,Baixo,97.31,94.51,0,80.0,-2.4183333333333343,Meta ja atingida,1
Santa Rita do Araguaia - GO,5219407,GO,Centro-Oeste,0.0,Baixo,78.75,83.33,0,80.0,-0.5549999999999997,Meta ja atingida,2
Irauçuba - CE,2306108,CE,Nordeste,0.0,Baixo,96.53,96.76,0,80.0,-2.7933333333333343,Meta ja atingida,1
Rio Verde - GO,5218805,GO,Centro-Oeste,0.0,Baixo,86.06,89.88,0,80.0,-1.6466666666666658,Meta ja atingida,0
Bom Jesus de Goiás - GO,5203500,GO,Centro-Oeste,0.0,Baixo,75.75,81.51,0,80.0,-0.25166666666666754,Meta ja atingida,0
Inhumas - GO,5210000,GO,Centro-Oeste,0.0,Baixo,81.28,87.57,0,80.0,-1.2616666666666656,Meta ja atingida,0
Aruanã - GO,5202502,GO,Centro-Oeste,0.0,Baixo,79.82,90.33,0,80.0,-1.7216666666666665,Meta ja atingida,2
Chapadão do Céu - GO,5205471,GO,Centro-Oeste,0.0,Baixo,80.04,87.51,0,80.0,-1.2516666666666676,Meta ja atingida,0
Ubiratã - PR,4128005,PR,Sul,0.0,Baixo,85.59,77.6,0,80.0,0.40000000000000097,Atinge no ritmo atual,0
São Simão - GO,5220405,GO,Centro-Oeste,0.0,Baixo,72.78,82.29,0,80.0,-0.3816666666666677,Meta ja atingida,0
Americano do Brasil - GO,5200852,GO,Centro-Oeste,0.0,Baixo,74.3,78.87,0,80.0,0.18833333333333258,Atinge no ritmo atual,2
Cedro - CE,2303808,CE,Nordeste,0.0,Baixo,96.63,98.77,0,80.0,-3.1283333333333325,Meta ja atingida,1
Caçu - GO,5204300,GO,Centro-Oeste,0.0,Baixo,73.23,91.38,0,80.0,-1.8966666666666658,Meta ja atingida,0
Edealina - GO,5207352,GO,Centro-Oeste,0.0,Baixo,76.65,90.91,0,80.0,-1.8183333333333327,Meta ja atingida,2
Firminópolis - GO,5207808,GO,Centro-Oeste,0.0,Baixo,76.84,70.8,0,80.0,1.5333333333333339,Atinge no ritmo atual,2
Itajá - GO,5210802,GO,Centro-Oeste,0.0,Baixo,81.81,82.86,0,80.0,-0.47666666666666657,Meta ja atingida,2
Quixadá - CE,2311306,CE,Nordeste,0.0,Baixo,88.36,92.49,0,80.0,-2.0816666666666657,Meta ja atingida,1
Uruburetama - CE,2313807,CE,Nordeste,0.0,Baixo,81.36,82.16,0,80.0,-0.35999999999999943,Meta ja atingida,1
Quixeré - CE,2311504,CE,Nordeste,0.0,Baixo,86.21,93.13,0,80.0,-2.1883333333333326,Meta ja atingida,1
Santa Bárbara de Goiás - GO,5219100,GO,Centro-Oeste,0.0,Baixo,78.28,100.0,0,80.0,-3.3333333333333335,Meta ja atingida,2
Anchieta - ES,3200409,ES,Sudeste,0.0,Baixo,81.82,88.41,0,80.0,-1.4016666666666662,Meta ja atingida,0
Ocara - CE,2309458,CE,Nordeste,0.0,Baixo,89.45,84.77,0,80.0,-0.7949999999999994,Meta ja atingida,1
Meruoca - CE,2308203,CE,Nordeste,0.0,Baixo,98.47,98.21,0,80.0,-3.034999999999999,Meta ja atingida,1
Massapê - CE,2308005,CE,Nordeste,0.0,Baixo,99.41,95.03,0,80.0,-2.5050000000000003,Meta ja atingida,1
Cariús - CE,2303303,CE,Nordeste,0.0,Baixo,97.11,95.26,0,80.0,-2.5433333333333343,Meta ja atingida,1
Campos Sales - CE,2302701,CE,Nordeste,0.0,Baixo,84.18,82.79,0,80.0,-0.465000000000001,Meta ja atingida,1
Santo Antônio de Goiás - GO,5219738,GO,Centro-Oeste,0.0,Baixo,91.99,82.91,0,80.0,-0.48499999999999943,Meta ja atingida,2
Jaraguá - GO,5211800,GO,Centro-Oeste,0.0,Baixo,82.9,83.96,0,80.0,-0.6599999999999989,Meta ja atingida,0
Monte Alegre de Goiás - GO,5213509,GO,Centro-Oeste,0.0,Baixo,75.44,81.87,0,80.0,-0.3116666666666674,Meta ja atingida,1
Crateús - CE,2304103,CE,Nordeste,0.0,Baixo,97.08,97.2,0,80.0,-2.866666666666667,Meta ja atingida,1
Pontalina - GO,5217708,GO,Centro-Oeste,0.0,Baixo,73.38,86.03,0,80.0,-1.0050000000000001,Meta ja atingida,2
Caiapônia - GO,5204409,GO,Centro-Oeste,0.0,Baixo,76.59,84.82,0,80.0,-0.8033333333333322,Meta ja atingida,2
Piranhas - GO,5217203,GO,Centro-Oeste,0.0,Baixo,78.1,68.65,0,80.0,1.8916666666666657,Atinge no ritmo atual,2
Alexânia - GO,5200308,GO,Centro-Oeste,0.0,Baixo,76.28,75.79,0,80.0,0.7016666666666657,Atinge no ritmo atual,2
Redenção - CE,2311603,CE,Nordeste,0.0,Baixo,84.99,92.45,0,80.0,-2.0750000000000006,Meta ja atingida,1
São Gonçalo do Amarante - CE,2312403,CE,Nordeste,0.0,Baixo,81.99,85.78,0,80.0,-0.9633333333333335,Meta ja atingida,0
Campo Limpo de Goiás - GO,5204854,GO,Centro-Oeste,0.0,Baixo,86.91,84.62,0,80.0,-0.7700000000000008,Meta ja atingida,2
Nova Olinda - CE,2309201,CE,Nordeste,0.0,Baixo,100.0,99.53,0,80.0,-3.2550000000000003,Meta ja atingida,1
Corumbaíba - GO,5205901,GO,Centro-Oeste,0.0,Baixo,71.44,82.63,0,80.0,-0.4383333333333326,Meta ja atingida,2
Alto Santo - CE,2300705,CE,Nordeste,0.0,Baixo,99.61,94.16,0,80.0,-2.3599999999999994,Meta ja atingida,1
São Miguel do Araguaia - GO,5220207,GO,Centro-Oeste,0.0,Baixo,86.66,91.4,0,80.0,-1.900000000000001,Meta ja atingida,2
Cachoeira Dourada - GO,5204250,GO,Centro-Oeste,0.0,Baixo,72.51,79.19,0,80.0,0.13500000000000037,Atinge no ritmo atual,2
Jandaia - GO,5211701,GO,Centro-Oeste,0.0,Baixo,77.19,80.25,0,80.0,-0.041666666666666664,Meta ja atingida,2
Goianésia - GO,5208608,GO,Centro-Oeste,0.0,Baixo,79.79,82.28,0,80.0,-0.38000000000000017,Meta ja atingida,0
Pirenópolis - GO,5217302,GO,Centro-Oeste,0.0,Baixo,72.91,64.06,0,80.0,2.6566666666666663,Precisa de ate 2x o ritmo,2
Uruana - GO,5221700,GO,Centro-Oeste,0.0,Baixo,75.58,97.73,0,80.0,-2.9550000000000005,Meta ja atingida,2
Alto Paraíso de Goiás - GO,5200605,GO,Centro-Oeste,0.0,Baixo,82.88,60.2,0,80.0,3.2999999999999994,Precisa de ate 2x o ritmo,0
Campestre de Goiás - GO,5204607,GO,Centro-Oeste,0.0,Baixo,79.35,93.62,0,80.0,-2.270000000000001,Meta ja atingida,2
Ouro Verde de Goiás - GO,5215405,GO,Centro-Oeste,0.0,Baixo,95.87,96.61,0,80.0,-2.768333333333333,Meta ja atingida,2
Milagres - CE,2308302,CE,Nordeste,0.0,Baixo,75.28,79.33,0,80.0,0.11166666666666696,Atinge no ritmo atual,1
Ipiranga de Goiás - GO,5210158,GO,Centro-Oeste,0.0,Baixo,93.1,96.55,0,80.0,-2.758333333333333,Meta ja atingida,2
Itaguari - GO,5210562,GO,Centro-Oeste,0.0,Baixo,85.79,77.71,0,80.0,0.3816666666666677,Atinge no ritmo atual,2
Hidrolândia - CE,2305209,CE,Nordeste,0.0,Baixo,99.02,96.11,0,80.0,-2.685,Meta ja atingida,1
Barreira - CE,2301950,CE,Nordeste,0.0,Baixo,88.76,91.15,0,80.0,-1.8583333333333343,Meta ja atingida,1
Forquilha - CE,2304350,CE,Nordeste,0.0,Baixo,100.0,100.0,0,80.0,-3.3333333333333335,Meta ja atingida,1
Quiterianópolis - CE,2311264,CE,Nordeste,0.0,Baixo,97.37,99.0,0,80.0,-3.1666666666666665,Meta ja atingida,1
Chorozinho - CE,2303956,CE,Nordeste,0.0,Baixo,98.33,97.15,0,80.0,-2.8583333333333343,Meta ja atingida,1
Botelhos - MG,3108404,MG,Sudeste,0.0,Baixo,71.52,84.86,0,80.0,-0.8099999999999999,Meta ja atingida,2
Mossâmedes - GO,5213905,GO,Centro-Oeste,0.0,Baixo,85.24,100.0,0,80.0,-3.3333333333333335,Meta ja atingida,2
Prados - MG,3152709,MG,Sudeste,0.0,Baixo,73.21,93.22,0,80.0,-2.203333333333333,Meta ja atingida,2
Novo Oriente - CE,2309409,CE,Nordeste,0.0,Baixo,98.75,100.0,0,80.0,-3.3333333333333335,Meta ja atingida,1
Tabuleiro do Norte - CE,2313104,CE,Nordeste,0.0,Baixo,88.99,84.32,0,80.0,-0.7199999999999989,Meta ja atingida,1
Mauriti - CE,2308104,CE,Nordeste,0.0,Baixo,84.73,84.55,0,80.0,-0.7583333333333329,Meta ja atingida,1
Santa Isabel - GO,5219357,GO,Centro-Oeste,0.0,Baixo,79.49,77.97,0,80.0,0.33833333333333354,Atinge no ritmo atual,2
Alcântaras - CE,2300507,CE,Nordeste,0.0,Baixo,97.81,99.05,0,80.0,-3.1749999999999994,Meta ja atingida,1
Fortim - CE,2304459,CE,Nordeste,0.0,Baixo,97.52,93.28,0,80.0,-2.2133333333333334,Meta ja atingida,1
Rio Quente - GO,5218789,GO,Centro-Oeste,0.0,Baixo,79.26,96.08,0,80.0,-2.6799999999999997,Meta ja atingida,2
Posse - GO,5218300,GO,Centro-Oeste,0.0,Baixo,76.16,80.95,0,80.0,-0.1583333333333338,Meta ja atingida,2
Crato - CE,2304202,CE,Nordeste,0.0,Baixo,93.55,95.37,0,80.0,-2.5616666666666674,Meta ja atingida,0
Pacoti - CE,2309805,CE,Nordeste,0.0,Baixo,88.89,91.18,0,80.0,-1.8633333333333344,Meta ja atingida,1
Várzea Alegre - CE,2314003,CE,Nordeste,0.0,Baixo,95.17,90.9,0,80.0,-1.8166666666666675,Meta ja atingida,1
Anhanguera - GO,5201207,GO,Centro-Oeste,0.0,Baixo,80.0,81.25,0,80.0,-0.20833333333333334,Meta ja atingida,2
Edéia - GO,5207402,GO,Centro-Oeste,0.0,Baixo,82.36,72.29,0,80.0,1.284999999999999,Atinge no ritmo atual,0
Nova Glória - GO,5214861,GO,Centro-Oeste,0.0,Baixo,81.84,87.68,0,80.0,-1.2800000000000011,Meta ja atingida,2
Rubiataba - GO,5218904,GO,Centro-Oeste,0.0,Baixo,77.53,87.69,0,80.0,-1.2816666666666663,Meta ja atingida,0
Bom Jardim de Goiás - GO,5203401,GO,Centro-Oeste,0.0,Baixo,79.14,73.26,0,80.0,1.1233333333333324,Atinge no ritmo atual,2
Vicentinópolis - GO,5222054,GO,Centro-Oeste,0.0,Baixo,78.24,84.21,0,80.0,-0.7016666666666657,Meta ja atingida,2
Ceres - GO,5205406,GO,Centro-Oeste,0.0,Baixo,88.1,94.51,0,80.0,-2.4183333333333343,Meta ja atingida,0
Doverlândia - GO,5207253,GO,Centro-Oeste,0.0,Baixo,78.21,83.34,0,80.0,-0.5566666666666672,Meta ja atingida,2
Mineiros - GO,5213103,GO,Centro-Oeste,0.0,Baixo,80.26,84.01,0,80.0,-0.6683333333333342,Meta ja atingida,0
Itarema - CE,2306553,CE,Nordeste,0.0,Baixo,92.56,92.49,0,80.0,-2.0816666666666657,Meta ja atingida,1
Martinópole - CE,2307908,CE,Nordeste,0.0,Baixo,98.47,99.24,0,80.0,-3.2066666666666657,Meta ja atingida,1
Itaberaí - GO,5210406,GO,Centro-Oeste,0.0,Baixo,78.96,81.22,0,80.0,-0.20333333333333314,Meta ja atingida,0
Bela Cruz - CE,2302305,CE,Nordeste,0.0,Baixo,95.85,97.83,0,80.0,-2.9716666666666662,Meta ja atingida,1
